/**
 * generated by fontconvert.py
 * name: inter_10_bold
 * size: 10
 * mode: 1-bit  packed bitmaps: true
 * Command used: fontconvert.py inter_10_bold 10 ../builtinFonts/source/Inter/Inter-Bold.ttf ../builtinFonts/source/IBMPlexSansHebrew/IBMPlexSansHebrew-Bold.ttf ../builtinFonts/source/NotoSansArabic/NotoSansArabic-Bold.ttf --additional-intervals 0x05D0,0x05EA --additional-intervals 0x060C,0x060C --additional-intervals 0x061B,0x061B --additional-intervals 0x061F,0x061F --additional-intervals 0x0621,0x0621 --additional-intervals 0x0640,0x0640 --additional-intervals 0x0660,0x0669 --additional-intervals 0x06BA,0x06BA --additional-intervals 0x06D4,0x06D4 --additional-intervals 0x06F0,0x06F9 --additional-intervals 0xFB56,0xFB59 --additional-intervals 0xFB66,0xFB69 --additional-intervals 0xFB7A,0xFB7D --additional-intervals 0xFB88,0xFB95 --additional-intervals 0xFB9E,0xFB9F --additional-intervals 0xFBA6,0xFBB1 --additional-intervals 0xFBFC,0xFBFF --additional-intervals 0xFE80,0xFEFC --pack-bitmaps --zopfli
 */
#pragma once
#include "EpdFontData.h"

// Bitmaps: 32477 bytes raw, 14527 packed (raw DEFLATE).
// EpdFontData::bitmap stays nullptr until the app inflates them (PackedAsset).
static constexpr uint32_t inter_10_boldBitmapsSize = 32477;
static const uint8_t inter_10_boldBitmapsPacked[14527] = {
    0xBD, 0xFD, 0x4F, 0x6C, 0x24, 0x49, 0x7A, 0x28, 0x86, 0x7F, 0x39, 0xD1, 0x60, 0xF4, 0x0F, 0x3F,
    0x6E, 0xC6, 0xCA, 0x27, 0x2E, 0xB6, 0x3A, 0xB3, 0x25, 0x19, 0xB0, 0x6F, 0x8F, 0xE3, 0x01, 0x34,
    0xD5, 0x60, 0xB2, 0x72, 0x60, 0x01, 0x96, 0x4F, 0x7E, 0xF7, 0x5B, 0xAD, 0xC7, 0xD0, 0x5C, 0xD6,
    0x9A, 0x6C, 0x10, 0x58, 0x26, 0xC1, 0x9A, 0x8A, 0x24, 0x4A, 0xD8, 0xD2, 0x61, 0xDD, 0x75, 0xF0,
    0x45, 0x0F, 0xEA, 0x25, 0xDF, 0xCD, 0x57, 0x01, 0x06, 0xAC, 0x59, 0x88, 0xD3, 0x0C, 0xBA, 0x1E,
    0xA6, 0x04, 0xBC, 0x7D, 0x2C, 0xDF, 0x2C, 0xC1, 0xBD, 0x64, 0x94, 0xCA, 0xD8, 0x84, 0x81, 0x15,
    0x33, 0x4A, 0xF5, 0x30, 0x99, 0x44, 0x05, 0xE3, 0x73, 0x46, 0x56, 0xB1, 0x9B, 0xDD, 0x2C, 0x16,
    0x7B, 0xB5, 0x0F, 0xFE, 0x32, 0x99, 0x95, 0x19, 0x19, 0xF1, 0x45, 0x64, 0xC4, 0x17, 0xF1, 0xFD,
    0x89, 0x2F, 0x82, 0xBB, 0xDF, 0x64, 0xFB, 0xE7, 0xF9, 0xCB, 0x7F, 0xDC, 0x3F, 0x7F, 0xBA, 0xB3,
    0xF5, 0xAB, 0xB3, 0x74, 0xE7, 0x17, 0xAF, 0x61, 0xFD, 0xE9, 0xB3, 0xD3, 0x94, 0xD6, 0xF8, 0x15,
    0xA6, 0xD8, 0xAD, 0x07, 0x72, 0xDC, 0xC3, 0x13, 0x8D, 0x2A, 0x25, 0x2F, 0x6B, 0x11, 0x81, 0x0D,
    0x47, 0x86, 0x7D, 0x0C, 0xAF, 0xFF, 0x29, 0xFB, 0x82, 0x3B, 0x86, 0x6A, 0xA6, 0xC2, 0x5F, 0x7C,
    0xF3, 0x4F, 0x19, 0x86, 0x0A, 0x41, 0xAC, 0x01, 0x40, 0xED, 0x23, 0x26, 0x46, 0xBA, 0xBE, 0xF3,
    0xC2, 0x7D, 0x7E, 0x7A, 0x16, 0xF9, 0x2F, 0x49, 0x0E, 0x8F, 0xC7, 0xF0, 0x4C, 0xB9, 0xDC, 0x39,
    0x93, 0xCF, 0x7F, 0x59, 0xDB, 0xEA, 0x74, 0x95, 0x6C, 0x01, 0x01, 0x0A, 0x6D, 0x52, 0x26, 0x7F,
    0x26, 0x52, 0xA2, 0xA9, 0x0C, 0x9F, 0x99, 0x14, 0x8F, 0xCD, 0xE4, 0x0A, 0x07, 0xD8, 0xC3, 0x35,
    0xD8, 0xDD, 0xDD, 0x8D, 0x20, 0x9E, 0x0C, 0x7A, 0x5E, 0x7D, 0x32, 0x2E, 0xAF, 0x5E, 0x10, 0x47,
    0x4A, 0x3A, 0xA3, 0x71, 0xBF, 0xDB, 0xF3, 0x82, 0x7A, 0x34, 0xAE, 0xDE, 0xA4, 0xC9, 0x63, 0xF7,
    0x87, 0x3C, 0x9F, 0xCC, 0xCC, 0x45, 0x6D, 0x0D, 0xD6, 0x40, 0x31, 0x50, 0x3C, 0x43, 0xCC, 0x0D,
    0xB3, 0xF7, 0x4D, 0x8E, 0x97, 0xD2, 0x20, 0xC2, 0x7F, 0xF1, 0xCD, 0x3F, 0x02, 0x65, 0xAE, 0xEB,
    0x7A, 0xB5, 0x5A, 0x10, 0xD4, 0xEB, 0x71, 0x1C, 0x95, 0xD8, 0x24, 0x4D, 0x78, 0x07, 0x99, 0x8E,
    0xF7, 0x46, 0x69, 0xF7, 0xA5, 0x1B, 0x95, 0xDF, 0xDD, 0x3D, 0xF4, 0xE2, 0x18, 0xFB, 0x48, 0x0B,
    0x02, 0xAE, 0xCF, 0x11, 0x87, 0xEC, 0x0D, 0xB8, 0x74, 0x82, 0x1C, 0xFD, 0xBE, 0x88, 0x3D, 0x7A,
    0xAA, 0x5A, 0x3E, 0x3D, 0xC5, 0x12, 0x28, 0x20, 0xD3, 0xB3, 0xB4, 0xB7, 0x11, 0x13, 0x61, 0xBF,
    0x23, 0x69, 0xC8, 0xBC, 0x7B, 0x52, 0x60, 0x5F, 0x53, 0x00, 0xC9, 0x44, 0xE8, 0x68, 0xAA, 0xC2,
    0xD3, 0x8C, 0x06, 0x41, 0xF9, 0x21, 0x78, 0x84, 0xFC, 0x1A, 0x25, 0x83, 0x20, 0x4C, 0x91, 0xE7,
    0x26, 0xA6, 0x09, 0x1F, 0x18, 0x3E, 0x65, 0xB0, 0x4B, 0xE3, 0x1C, 0xC3, 0x91, 0x5E, 0x03, 0x9A,
    0x20, 0xD3, 0x3C, 0xED, 0x1E, 0x3B, 0x17, 0xBD, 0xF2, 0x55, 0xFF, 0xDC, 0x53, 0x79, 0xF7, 0xC8,
    0x62, 0x24, 0x60, 0x3F, 0x0E, 0xD1, 0x91, 0x1E, 0x11, 0x01, 0x4D, 0x62, 0x06, 0xCA, 0x73, 0x64,
    0x40, 0x04, 0x4D, 0xE6, 0xA5, 0x08, 0xE2, 0xE9, 0x40, 0x87, 0x63, 0x3C, 0xB4, 0xA5, 0x78, 0x75,
    0x5D, 0x95, 0x82, 0x82, 0x61, 0x45, 0xF9, 0xAE, 0xBE, 0x7D, 0x9A, 0xF9, 0xBC, 0xAC, 0xE0, 0x73,
    0x99, 0xF6, 0xC2, 0x02, 0x3B, 0x05, 0xAD, 0x2A, 0xE6, 0x51, 0x7E, 0xFC, 0xD9, 0x1F, 0xBE, 0xFA,
    0x47, 0x80, 0xDD, 0x6F, 0x2E, 0x77, 0x12, 0x68, 0x06, 0xFE, 0x11, 0x4E, 0x8A, 0x90, 0x68, 0x5F,
    0x6A, 0x9A, 0x6C, 0xF2, 0xD4, 0x70, 0x09, 0x40, 0x4D, 0x79, 0x23, 0x3C, 0xA2, 0xF8, 0xA9, 0x61,
    0xA7, 0x85, 0x41, 0xBF, 0x23, 0x9A, 0xC0, 0xE8, 0x15, 0x86, 0x58, 0x96, 0xA6, 0x68, 0xB0, 0x03,
    0x59, 0xA7, 0xF0, 0x59, 0x8D, 0x8A, 0xE8, 0x11, 0x94, 0xE0, 0x2B, 0x82, 0x32, 0xC4, 0x8E, 0xF4,
    0xBC, 0xFD, 0xBD, 0xF4, 0xEA, 0x8C, 0x9F, 0xED, 0xBC, 0xD8, 0x3F, 0xDE, 0xF9, 0x55, 0xFF, 0xF0,
    0xB2, 0x96, 0xD6, 0xD3, 0x67, 0x78, 0x95, 0x62, 0xCF, 0x8B, 0x03, 0x00, 0x5D, 0x27, 0x28, 0x98,
    0x01, 0x96, 0x00, 0x49, 0x58, 0xE2, 0x27, 0x1C, 0x8C, 0x73, 0x4E, 0x8F, 0x59, 0xEC, 0xC5, 0xB1,
    0xC2, 0x11, 0xA6, 0x38, 0xA4, 0x87, 0xB4, 0x60, 0x6D, 0xA6, 0x31, 0x43, 0x85, 0x6C, 0x92, 0x2D,
    0x6E, 0x14, 0x22, 0x66, 0x9A, 0x08, 0x5F, 0xF2, 0x32, 0x5A, 0x3F, 0x23, 0xE7, 0x50, 0x87, 0x08,
    0xA4, 0x23, 0x77, 0x44, 0xDE, 0x1F, 0x60, 0xD7, 0xD0, 0xC2, 0x49, 0x5A, 0x04, 0x99, 0x09, 0xB5,
    0x9A, 0x95, 0xCD, 0x70, 0xEC, 0xAA, 0x2D, 0x51, 0xFE, 0x78, 0x6A, 0x86, 0x43, 0x13, 0x2A, 0x7E,
    0x31, 0xAF, 0xD1, 0x80, 0x1A, 0xBC, 0x98, 0x89, 0x98, 0x39, 0xF6, 0xF9, 0x4E, 0xA8, 0xBD, 0x4D,
    0xDE, 0xCF, 0xC7, 0x8C, 0xAE, 0xC7, 0xB3, 0x5B, 0xF9, 0x34, 0x4B, 0xCC, 0x64, 0x9E, 0x01, 0x39,
    0x31, 0x38, 0xC3, 0xC5, 0x93, 0xFD, 0xF9, 0x12, 0xE7, 0x00, 0xB6, 0xE1, 0x94, 0x47, 0x2A, 0x9C,
    0xE1, 0xA0, 0x40, 0x0F, 0x2F, 0x26, 0x7A, 0x0D, 0x9A, 0x5B, 0xFD, 0x8C, 0x95, 0xCD, 0x37, 0xBE,
    0x60, 0x45, 0x28, 0xB0, 0x63, 0xD8, 0x71, 0x50, 0x4C, 0xC6, 0xFD, 0x21, 0x3B, 0xF6, 0x9A, 0x8B,
    0xE8, 0x6F, 0x53, 0xE2, 0x49, 0x6E, 0x62, 0x66, 0x28, 0x52, 0xEC, 0xE0, 0x08, 0x27, 0x58, 0xA0,
    0x41, 0xE4, 0xB3, 0x93, 0xEB, 0x6B, 0x63, 0x30, 0xE4, 0x47, 0xE1, 0xF0, 0x68, 0xDC, 0x6B, 0xFE,
    0x50, 0xA2, 0x25, 0xF0, 0xB0, 0xC0, 0x29, 0x0E, 0xF3, 0x93, 0x0B, 0x0C, 0x35, 0x9F, 0x58, 0xF2,
    0xD6, 0x3E, 0x11, 0x4C, 0xF9, 0x45, 0xA8, 0x5B, 0x8D, 0xB2, 0x96, 0xBD, 0xC8, 0x8B, 0xDC, 0xC8,
    0xB3, 0x77, 0xAD, 0x46, 0xA8, 0xFD, 0x82, 0x29, 0x27, 0x79, 0x53, 0xDB, 0xE5, 0x89, 0x99, 0xC1,
    0x21, 0x28, 0x66, 0xCF, 0x65, 0x29, 0xF7, 0xCE, 0xF7, 0x4C, 0xCB, 0x54, 0x29, 0xB5, 0x73, 0x08,
    0x6E, 0x9B, 0x9A, 0xF0, 0x0A, 0x33, 0x16, 0xEF, 0xF7, 0xCF, 0x1B, 0x98, 0x62, 0x38, 0x49, 0xCB,
    0xB6, 0xB6, 0xB4, 0x5C, 0x51, 0x2A, 0xE6, 0xDD, 0xE3, 0x27, 0x05, 0x2D, 0x7C, 0x15, 0x8A, 0xAA,
    0xBF, 0xE8, 0x39, 0x75, 0x97, 0x35, 0x86, 0x27, 0x86, 0x26, 0x1E, 0xC4, 0x8E, 0x7C, 0xF7, 0xA7,
    0x19, 0x76, 0xB4, 0x2F, 0x91, 0x16, 0xE1, 0xA9, 0x61, 0x8A, 0x57, 0x0F, 0xBD, 0x93, 0xAB, 0x8A,
    0xC2, 0x23, 0x26, 0xB7, 0xE5, 0xFE, 0x69, 0xDA, 0x19, 0x74, 0xED, 0x48, 0xE1, 0xC5, 0xE5, 0x93,
    0xE0, 0x89, 0x71, 0xB4, 0x53, 0x10, 0x19, 0x45, 0x5B, 0xA7, 0xA3, 0xAC, 0xD7, 0x3D, 0x6C, 0x78,
    0xB1, 0x9E, 0x8C, 0xA7, 0xFD, 0xA3, 0x21, 0xE3, 0xC1, 0xF6, 0x85, 0xCC, 0xF9, 0x81, 0x36, 0x74,
    0x5A, 0xF8, 0x3D, 0xD1, 0x0E, 0xA1, 0x68, 0x91, 0x91, 0x8C, 0x6A, 0x2A, 0x9E, 0x4C, 0xA6, 0xA7,
    0x99, 0x63, 0x48, 0x99, 0x94, 0x0A, 0x26, 0xC2, 0x24, 0xEF, 0x64, 0x25, 0x5E, 0xD6, 0xF2, 0xA3,
    0x27, 0xEA, 0x2B, 0x59, 0xB6, 0xC9, 0xA0, 0x73, 0x4E, 0x35, 0x55, 0x54, 0xB2, 0x84, 0x41, 0x6D,
    0x41, 0x71, 0x02, 0xB3, 0x1B, 0x9A, 0x49, 0x0A, 0xE6, 0xC8, 0x06, 0x15, 0x31, 0xB3, 0x21, 0x04,
    0x71, 0x3A, 0x0C, 0x16, 0x27, 0xA2, 0x54, 0x2A, 0x8A, 0xE2, 0x7A, 0xBD, 0x1E, 0xD4, 0x6A, 0x9E,
    0xE7, 0xBA, 0x8C, 0x52, 0x27, 0xBF, 0xA8, 0x3D, 0x1F, 0xCC, 0xCF, 0x27, 0xF9, 0x85, 0x47, 0x3B,
    0x4A, 0xEF, 0xBC, 0xBC, 0xAC, 0x21, 0xA2, 0x9E, 0xBE, 0x88, 0x6C, 0x27, 0x3B, 0x56, 0x5E, 0x78,
    0x31, 0xCB, 0x26, 0xE6, 0x2B, 0x3C, 0x99, 0x24, 0xCD, 0xAA, 0x21, 0x72, 0xDB, 0x40, 0xAF, 0x26,
    0x19, 0xAB, 0x7A, 0x84, 0xC1, 0xA1, 0xFE, 0x08, 0x98, 0xA3, 0xC3, 0xF4, 0x3C, 0x46, 0xFB, 0x3E,
    0xCE, 0x4D, 0x35, 0xA0, 0x40, 0x15, 0xDD, 0x9D, 0x22, 0xCF, 0x2F, 0x62, 0xB4, 0xB1, 0xED, 0x50,
    0x33, 0xC5, 0x47, 0xF3, 0xD8, 0x87, 0x11, 0x96, 0x60, 0xA2, 0xF4, 0xA2, 0x8A, 0xCD, 0xC2, 0x30,
    0x40, 0xC4, 0xE0, 0x06, 0xDC, 0x9D, 0x77, 0xD3, 0x4D, 0x10, 0xF2, 0x1E, 0x1F, 0x1B, 0x96, 0xCC,
    0xC9, 0xF2, 0x79, 0x49, 0x8B, 0x38, 0x31, 0x96, 0x94, 0xFD, 0xB1, 0xE6, 0xBD, 0xEC, 0xBB, 0x0C,
    0x2D, 0xD4, 0xA7, 0xDF, 0xD6, 0x6F, 0xBE, 0x7B, 0x1B, 0x5F, 0x89, 0x79, 0x6C, 0x3F, 0xBD, 0xCE,
    0x35, 0xFA, 0xFD, 0x82, 0xF7, 0xAE, 0xB2, 0xE3, 0xBC, 0x77, 0xD3, 0x2D, 0xD2, 0x1A, 0xBF, 0x38,
    0xB1, 0x37, 0x35, 0xFE, 0x22, 0x1C, 0xF8, 0xE3, 0xDE, 0x64, 0x50, 0x8C, 0xF5, 0x73, 0x53, 0x57,
    0xA9, 0x3F, 0x43, 0x3E, 0x47, 0x5D, 0xE5, 0xA2, 0xAA, 0x42, 0xDF, 0x2A, 0x90, 0x2D, 0x74, 0x7A,
    0xA7, 0x2A, 0xFE, 0xB9, 0xAA, 0x22, 0x09, 0xEE, 0xCE, 0x9D, 0xCF, 0x9E, 0x93, 0x71, 0x94, 0x22,
    0xA2, 0x17, 0xC4, 0xE5, 0xA8, 0x9C, 0xD8, 0x1A, 0x0E, 0xF2, 0x04, 0x99, 0xE2, 0xCF, 0xB3, 0x6D,
    0x3C, 0x92, 0x32, 0x8E, 0x8D, 0x31, 0x71, 0x05, 0xED, 0x46, 0x08, 0xF2, 0xED, 0xF7, 0x4D, 0xF0,
    0x1A, 0x4F, 0x54, 0x22, 0x39, 0x8B, 0xF2, 0x17, 0x7B, 0xE3, 0xC3, 0xED, 0xBE, 0xF6, 0x4F, 0x0B,
    0x3F, 0x51, 0xA3, 0xFE, 0x71, 0x9C, 0x79, 0x7B, 0xC3, 0xC3, 0xFD, 0xF4, 0xF0, 0xBA, 0x7F, 0xA2,
    0xAE, 0x75, 0xD8, 0xA6, 0xC3, 0x83, 0xA9, 0x8C, 0x55, 0x94, 0x1E, 0xEE, 0x8D, 0xB5, 0x7F, 0x50,
    0xF8, 0x4E, 0x11, 0xF6, 0x8F, 0xF7, 0x32, 0x26, 0x77, 0xBB, 0x2F, 0x83, 0xC9, 0xE0, 0xB0, 0xA6,
    0x72, 0x5A, 0x26, 0xD6, 0x44, 0x7A, 0xA0, 0xCA, 0x08, 0x2C, 0x89, 0x01, 0x4F, 0x10, 0x0D, 0xA3,
    0xA7, 0x52, 0xC5, 0x21, 0x22, 0x02, 0xF3, 0xC3, 0xA0, 0x84, 0x56, 0xA1, 0x8A, 0xC0, 0x42, 0xE8,
    0x33, 0x86, 0xB7, 0x00, 0x02, 0x9F, 0x1D, 0x08, 0x19, 0xD5, 0x3D, 0xD6, 0x1F, 0x4F, 0x64, 0x79,
    0x53, 0x6B, 0xF8, 0x0C, 0xEA, 0x34, 0xE5, 0x68, 0xC6, 0xF2, 0xF1, 0x17, 0xC7, 0xF2, 0xD9, 0x79,
    0x6E, 0x59, 0xFD, 0x47, 0xD0, 0xAC, 0x6A, 0xCF, 0xB4, 0xB1, 0xF9, 0x1D, 0x6B, 0xB6, 0x2B, 0x02,
    0xA1, 0xD0, 0x24, 0x09, 0xA7, 0x9A, 0x8F, 0x07, 0x87, 0x9B, 0x8A, 0x29, 0xDE, 0xD7, 0x0C, 0x62,
    0x32, 0x38, 0xB9, 0xC6, 0xA1, 0xF9, 0xE2, 0xAF, 0x30, 0xC7, 0x97, 0x5E, 0xB4, 0x95, 0xFC, 0x99,
    0xF3, 0xF5, 0x9A, 0x2C, 0xB9, 0x75, 0xF7, 0x04, 0xF9, 0xDF, 0xAF, 0x43, 0xF3, 0x4B, 0xB6, 0x97,
    0x1E, 0x6E, 0xF5, 0x75, 0x78, 0x50, 0xF0, 0xD4, 0x30, 0x6A, 0xB8, 0xB4, 0x15, 0x8B, 0x88, 0xC0,
    0x11, 0x13, 0x97, 0x2A, 0xDC, 0x4E, 0x5F, 0x16, 0xEC, 0xD4, 0xEC, 0x5E, 0x6E, 0x8F, 0x4F, 0xA6,
    0xDA, 0x4F, 0x76, 0x7A, 0x7C, 0x50, 0xB4, 0x01, 0x76, 0xF7, 0xAF, 0xFF, 0xDD, 0x67, 0x44, 0x50,
    0x4D, 0x91, 0x0E, 0x07, 0xAF, 0xA6, 0x27, 0xBF, 0xC0, 0x6B, 0xCD, 0x2F, 0x29, 0xFA, 0x17, 0xD7,
    0x67, 0x98, 0x1E, 0x4D, 0x50, 0x71, 0xE5, 0x2B, 0x47, 0x80, 0x17, 0x1E, 0xFD, 0x66, 0x67, 0x86,
    0x3D, 0xE4, 0x3F, 0x17, 0x2C, 0xCE, 0x7B, 0x05, 0x76, 0xF5, 0xB6, 0xCC, 0x3B, 0x86, 0xA9, 0x7D,
    0x81, 0x88, 0x9A, 0x11, 0x01, 0x15, 0x0B, 0xBE, 0xFC, 0xF5, 0xEC, 0x6F, 0xFE, 0xE9, 0xD5, 0xFF,
    0x38, 0xFD, 0xF2, 0x6F, 0xFF, 0x97, 0x5E, 0x2B, 0x14, 0x31, 0x7C, 0x85, 0xC5, 0x46, 0xCB, 0xA4,
    0x29, 0x9A, 0x96, 0x6D, 0x6F, 0xB6, 0x90, 0x0A, 0xA0, 0xBA, 0x69, 0x84, 0x47, 0xBF, 0x94, 0x4A,
    0x29, 0xE4, 0x49, 0x99, 0x85, 0x9C, 0xA8, 0x32, 0xDF, 0x10, 0x60, 0xFF, 0xE7, 0x42, 0x66, 0xDE,
    0xE4, 0xED, 0x89, 0x88, 0x99, 0x5A, 0x50, 0x12, 0x1D, 0x5B, 0x16, 0x68, 0xB2, 0x4B, 0x93, 0x5E,
    0xB6, 0xC7, 0x97, 0xAE, 0x74, 0xA1, 0x3A, 0x2D, 0x0F, 0xFD, 0xE3, 0x80, 0x47, 0x4F, 0xF2, 0xFF,
    0xD3, 0x76, 0x61, 0x8F, 0x0D, 0x66, 0xC3, 0x89, 0xE6, 0xDB, 0x26, 0xA4, 0x09, 0xEF, 0x1B, 0x16,
    0x97, 0x05, 0xEE, 0xEA, 0xFD, 0xC1, 0xF1, 0x7E, 0xFF, 0x18, 0xEA, 0x8F, 0x02, 0xDA, 0xA0, 0x3E,
    0x25, 0x5D, 0xA7, 0x9F, 0x8C, 0x93, 0x9D, 0x17, 0xCF, 0x86, 0xCE, 0xE0, 0x60, 0x20, 0x52, 0x39,
    0x56, 0x96, 0xDE, 0x23, 0xB7, 0xFE, 0xC8, 0x23, 0xBD, 0x83, 0xBE, 0x94, 0xF5, 0xC8, 0xAD, 0x91,
    0x17, 0x90, 0x06, 0xCF, 0x2E, 0x92, 0x54, 0x45, 0x2F, 0x6B, 0xAE, 0x4B, 0x29, 0x39, 0x38, 0xD5,
    0x92, 0x07, 0x84, 0x89, 0x51, 0x51, 0xA7, 0xD4, 0x19, 0x89, 0x20, 0xFA, 0xC1, 0x19, 0x99, 0x1D,
    0xB6, 0xC7, 0xA2, 0x56, 0x50, 0xDF, 0x19, 0xC8, 0x67, 0xAF, 0xDD, 0xB0, 0xDF, 0x2D, 0xA4, 0xBB,
    0x66, 0x45, 0x83, 0x04, 0x5C, 0x22, 0xE2, 0x06, 0x3B, 0x95, 0xF5, 0xDD, 0x43, 0xCB, 0x6A, 0x00,
    0x18, 0xB8, 0xE0, 0x56, 0xE3, 0x56, 0xE1, 0x14, 0x54, 0x31, 0xF9, 0x44, 0xEE, 0x8B, 0xFC, 0x20,
    0xED, 0xF6, 0x98, 0xF1, 0x0D, 0xD7, 0x6A, 0x4F, 0xF2, 0x44, 0x81, 0x24, 0x09, 0x7D, 0x30, 0x16,
    0x11, 0x4C, 0x6C, 0x89, 0xCF, 0x93, 0xD5, 0xB1, 0x68, 0xD3, 0x17, 0x61, 0x02, 0x0F, 0xE0, 0x72,
    0x9B, 0x4F, 0xE4, 0x96, 0xF8, 0xC3, 0x87, 0x73, 0x4C, 0x7E, 0x98, 0x84, 0xD0, 0x82, 0xC8, 0x51,
    0xA4, 0x8C, 0xE5, 0x8B, 0xAD, 0x32, 0x56, 0x46, 0x86, 0xCC, 0xF3, 0x75, 0xA8, 0xF1, 0x4A, 0x4E,
    0x05, 0x3A, 0xD2, 0x41, 0xE5, 0xA3, 0x40, 0xC3, 0xB8, 0xDC, 0x4F, 0xC8, 0x6B, 0x08, 0xA4, 0x93,
    0x1A, 0x2F, 0x54, 0x13, 0xEC, 0x19, 0xE0, 0x8A, 0x60, 0x12, 0xF8, 0xD7, 0x12, 0x0D, 0xC5, 0x87,
    0xC4, 0x07, 0x22, 0x48, 0xE2, 0xC3, 0x06, 0x04, 0x24, 0x89, 0x29, 0xBD, 0xC6, 0x12, 0x2C, 0x1B,
    0xE6, 0xD9, 0x35, 0x1E, 0xD3, 0x44, 0xF9, 0xF6, 0x99, 0x26, 0x32, 0xB8, 0xEF, 0x9D, 0x4B, 0xE4,
    0xE5, 0xC6, 0x60, 0xF9, 0xBB, 0xAD, 0x5E, 0x7C, 0xF9, 0xB8, 0xBB, 0xFC, 0xDD, 0xF3, 0xF1, 0x4F,
    0x37, 0xDE, 0x72, 0x8E, 0xE1, 0xB3, 0x74, 0xE3, 0xF3, 0xB7, 0x4F, 0x81, 0xE7, 0x1F, 0x5D, 0x46,
    0x42, 0xC5, 0x81, 0xC7, 0x68, 0xE7, 0x54, 0x2E, 0x6E, 0x44, 0x9A, 0x65, 0xFF, 0xF5, 0x46, 0xF0,
    0x2E, 0x84, 0xC0, 0x25, 0x8E, 0xD0, 0x32, 0xAE, 0x21, 0xC5, 0x21, 0x1E, 0x61, 0x50, 0xD6, 0xE5,
    0xB4, 0xFC, 0xC0, 0x9E, 0xF1, 0x95, 0x2B, 0xF9, 0x81, 0x06, 0x58, 0x25, 0x2C, 0x50, 0xA0, 0x09,
    0x49, 0x9C, 0xE4, 0x61, 0xA1, 0xC1, 0xD6, 0x9D, 0x23, 0x3E, 0x24, 0x26, 0x11, 0x54, 0x32, 0xE5,
    0x46, 0x0F, 0xC7, 0xA4, 0x9B, 0x4C, 0x31, 0x09, 0xF0, 0x70, 0x4C, 0x37, 0x2A, 0x31, 0xAA, 0x47,
    0x4F, 0x1F, 0x8E, 0xF9, 0xF4, 0x4F, 0xDC, 0xBD, 0xDC, 0x84, 0xA7, 0x85, 0xDF, 0xD1, 0x3C, 0x3D,
    0x8A, 0x24, 0x90, 0x5F, 0x32, 0x63, 0xE9, 0xA7, 0xD5, 0x8E, 0x4D, 0x6C, 0x9E, 0x9F, 0xEF, 0x9C,
    0xED, 0x1C, 0x72, 0xAF, 0xED, 0xB5, 0xCB, 0x34, 0x61, 0xC1, 0xD5, 0xC7, 0x89, 0x07, 0x65, 0x61,
    0xDD, 0x35, 0x72, 0x5B, 0x04, 0xA1, 0xD5, 0x43, 0x31, 0xC3, 0x23, 0x1D, 0x8A, 0x08, 0x88, 0xA8,
    0x39, 0x72, 0x75, 0x14, 0x9A, 0xB4, 0x68, 0xF4, 0xF1, 0xB7, 0xAB, 0xA2, 0x3C, 0x39, 0xCD, 0x68,
    0xFC, 0x7B, 0x2B, 0xB1, 0x38, 0x92, 0x58, 0xD9, 0x83, 0x3A, 0x17, 0xF4, 0x9C, 0x79, 0x41, 0x10,
    0x6F, 0x4B, 0x2E, 0x38, 0xB4, 0xA1, 0x00, 0xE5, 0x08, 0x92, 0xD0, 0xAA, 0x87, 0x57, 0x8C, 0x5F,
    0xE1, 0xD0, 0x4C, 0x2D, 0x67, 0xF4, 0x30, 0xD3, 0xD8, 0x03, 0xC5, 0xC0, 0x25, 0x9A, 0x67, 0xA6,
    0x1A, 0xE1, 0x5A, 0x79, 0xC6, 0x2B, 0x19, 0x8F, 0xE7, 0x59, 0xAB, 0x46, 0x44, 0x9D, 0x80, 0xE2,
    0x47, 0xB3, 0xA1, 0x33, 0xBE, 0xC6, 0x57, 0xE8, 0xA7, 0x17, 0x33, 0xDC, 0x00, 0x92, 0xA8, 0xDA,
    0xB2, 0x70, 0x46, 0x14, 0xD6, 0xE4, 0xDD, 0xF0, 0x27, 0x83, 0xC2, 0xC0, 0x92, 0xF8, 0xCF, 0x06,
    0x45, 0xF6, 0xF8, 0xB3, 0xBB, 0xE1, 0x8F, 0x1C, 0xD9, 0x5E, 0x3F, 0x2D, 0x3C, 0x72, 0x6A, 0x78,
    0x16, 0xD0, 0x5E, 0x6E, 0x66, 0x9A, 0x1F, 0xF1, 0x4C, 0x37, 0x81, 0x79, 0x14, 0x47, 0x68, 0x82,
    0x2B, 0xE9, 0xD5, 0x42, 0x3C, 0xC2, 0x29, 0x9A, 0xC9, 0xE8, 0xBC, 0xBD, 0x87, 0x18, 0x9E, 0x08,
    0x21, 0xEE, 0xCA, 0x3B, 0x14, 0x62, 0x27, 0x89, 0x29, 0xD8, 0x86, 0x80, 0xE6, 0x32, 0x09, 0xC7,
    0x76, 0xE3, 0xE5, 0x6F, 0x98, 0x65, 0xCF, 0x2F, 0x97, 0xBD, 0x79, 0xD6, 0x7F, 0xBD, 0x7D, 0xFA,
    0x78, 0xD9, 0x9B, 0x49, 0xFF, 0xC5, 0x1B, 0x39, 0x67, 0xEB, 0xE5, 0xD9, 0xFE, 0x9C, 0xD3, 0x7A,
    0xFE, 0xCF, 0x7F, 0xF3, 0xFC, 0x9D, 0xDE, 0x59, 0x2A, 0xD8, 0xFF, 0xF7, 0x8F, 0xDE, 0x09, 0xA9,
    0xF7, 0x35, 0xEB, 0x14, 0x5B, 0xA7, 0x26, 0x4C, 0x31, 0xCE, 0x99, 0x42, 0x16, 0x2D, 0x24, 0xB6,
    0x27, 0x5D, 0x65, 0xC0, 0x7D, 0x5F, 0xB2, 0xAA, 0x81, 0xFD, 0xA2, 0x65, 0xE2, 0x0F, 0x11, 0x75,
    0x0A, 0xD1, 0x92, 0x37, 0xF6, 0x8B, 0xB6, 0xFB, 0x3F, 0x5B, 0xF6, 0xA6, 0x76, 0xAA, 0x43, 0x01,
    0xCB, 0xDE, 0xFC, 0xC0, 0x7E, 0xEB, 0x5F, 0x2C, 0xC5, 0x36, 0xD7, 0xAA, 0x2B, 0x0D, 0x7B, 0xAD,
    0xBA, 0x67, 0x1F, 0x63, 0x19, 0x6B, 0x0F, 0xC3, 0x1C, 0x4B, 0x52, 0x42, 0x9E, 0xEA, 0xFF, 0x66,
    0x3E, 0x4E, 0xBA, 0xEC, 0x8D, 0xC4, 0x86, 0x3E, 0x96, 0xAD, 0xFC, 0x18, 0x68, 0x22, 0xEB, 0xCB,
    0xC2, 0x3D, 0x22, 0x2F, 0xEB, 0x67, 0x77, 0xC3, 0xB7, 0x7A, 0x7B, 0x97, 0x8F, 0x5F, 0xDC, 0x0D,
    0x27, 0x49, 0xE0, 0x88, 0x75, 0x97, 0xC6, 0x7B, 0xFD, 0x61, 0x6D, 0x6F, 0x34, 0x64, 0x11, 0x3F,
    0x28, 0x98, 0x68, 0x38, 0x92, 0x39, 0x85, 0x9F, 0x14, 0x34, 0x81, 0x85, 0x80, 0x7C, 0xAF, 0x54,
    0xF8, 0xEC, 0xF4, 0x92, 0x45, 0xBF, 0xBF, 0x12, 0x05, 0x15, 0x1F, 0xC2, 0xB3, 0xFC, 0x8E, 0x6A,
    0x2F, 0xA3, 0xF4, 0xF5, 0xA6, 0x2F, 0xFC, 0xE4, 0x21, 0xEE, 0x59, 0xF6, 0x87, 0xF6, 0xF2, 0xFE,
    0x46, 0xED, 0xE8, 0x58, 0x1E, 0xAE, 0xF2, 0xEC, 0x11, 0x07, 0x71, 0x58, 0x84, 0x9A, 0xEB, 0xF2,
    0xA6, 0x7C, 0x04, 0x0F, 0x02, 0x68, 0x80, 0x0F, 0x2E, 0x23, 0x9A, 0xA7, 0x87, 0xCE, 0xC8, 0xF0,
    0xF4, 0x7C, 0x92, 0x35, 0x78, 0x6A, 0x7E, 0x20, 0x03, 0x22, 0x1B, 0x20, 0x40, 0x12, 0x41, 0x61,
    0x1D, 0x02, 0xC7, 0xD0, 0x32, 0xCB, 0x56, 0x43, 0x6D, 0xCB, 0xF9, 0xB8, 0xE0, 0xD1, 0x80, 0xB5,
    0x02, 0x5E, 0x70, 0xC9, 0x93, 0x8D, 0x05, 0xED, 0x2C, 0xD3, 0x1B, 0x88, 0xD5, 0x7E, 0xC4, 0x4E,
    0xF2, 0x10, 0x86, 0x39, 0x8D, 0x2D, 0xC5, 0x90, 0xD0, 0x84, 0x7D, 0x40, 0x19, 0x68, 0x45, 0x4B,
    0xCB, 0x30, 0xB8, 0x11, 0x13, 0x1F, 0x82, 0x61, 0xFB, 0x54, 0xB3, 0x64, 0xE9, 0x57, 0xEC, 0x24,
    0xDA, 0x91, 0x04, 0x56, 0xD9, 0x00, 0xE0, 0x0B, 0xC8, 0xE1, 0x3B, 0xF8, 0xCE, 0x55, 0xA1, 0xE2,
    0xEA, 0x2B, 0x15, 0xAB, 0x39, 0xC4, 0xE5, 0x53, 0x58, 0x1E, 0x8F, 0x60, 0x35, 0x07, 0x85, 0xA6,
    0x2F, 0xF9, 0x81, 0x71, 0x15, 0x0E, 0xD0, 0x6F, 0x95, 0x6A, 0xEE, 0x90, 0x05, 0x41, 0x6C, 0x79,
    0x27, 0xD3, 0x8F, 0xC0, 0xA7, 0xCA, 0xC0, 0x3D, 0xA2, 0x81, 0x55, 0x09, 0x92, 0xA5, 0x6A, 0xD8,
    0xC7, 0x5D, 0xD5, 0xA2, 0xF7, 0xA4, 0x7A, 0x76, 0xAA, 0xFD, 0x24, 0x5A, 0x96, 0xCA, 0x25, 0xA2,
    0xFE, 0xD1, 0x3D, 0xA9, 0xE6, 0x95, 0xBC, 0x2C, 0x15, 0x1F, 0x1A, 0xCC, 0x4C, 0x25, 0xE7, 0x6A,
    0x1C, 0xEA, 0xEA, 0xC6, 0x86, 0x38, 0xA2, 0x6E, 0x49, 0x49, 0xDE, 0x49, 0x63, 0xA8, 0x08, 0xAA,
    0x37, 0xFB, 0x83, 0x55, 0xA5, 0x2C, 0x58, 0x72, 0x27, 0xBF, 0x15, 0x84, 0xC5, 0x2E, 0xFD, 0xF3,
    0xF0, 0xF8, 0x0E, 0x61, 0xDD, 0xAF, 0x80, 0xBA, 0xD1, 0xBC, 0x93, 0x3D, 0x84, 0x67, 0xA3, 0xAA,
    0xAF, 0xFB, 0xF1, 0x2C, 0xC8, 0xF4, 0x41, 0x3C, 0x55, 0x0D, 0x3E, 0x5D, 0x81, 0x67, 0xB5, 0x7D,
    0x68, 0xC1, 0x94, 0x23, 0x00, 0xD8, 0xA4, 0x10, 0x51, 0x58, 0x51, 0x24, 0x9A, 0x84, 0xCE, 0xF9,
    0x5A, 0x7D, 0x95, 0x45, 0xC9, 0x03, 0x4D, 0xE3, 0x0D, 0xB9, 0xBE, 0x30, 0x92, 0xD8, 0x9C, 0xBB,
    0x0B, 0x85, 0xB6, 0xB7, 0xF8, 0xA9, 0xAF, 0xD7, 0xBD, 0xBA, 0x87, 0x25, 0x70, 0xAC, 0x7B, 0xA1,
    0xB1, 0x87, 0x0D, 0xB9, 0x39, 0x36, 0x48, 0x11, 0x4A, 0x43, 0x5E, 0xFB, 0x05, 0x0E, 0x30, 0xD8,
    0x1B, 0x0F, 0xBD, 0x78, 0x3A, 0x38, 0x0C, 0x26, 0x69, 0x6F, 0x17, 0x0D, 0xBC, 0x2F, 0x46, 0xEE,
    0x1A, 0x03, 0xF5, 0x5B, 0xCF, 0xED, 0xEB, 0xC2, 0xE9, 0xF6, 0x6E, 0xE5, 0x28, 0x39, 0x16, 0xE4,
    0x6D, 0x48, 0x6A, 0xDA, 0xF5, 0xF7, 0x71, 0x0C, 0xCA, 0xB0, 0xDB, 0x38, 0x3E, 0xA9, 0xD8, 0xA5,
    0xBD, 0xE4, 0x61, 0x0E, 0xB7, 0x6D, 0x06, 0x7B, 0x83, 0x8B, 0x7A, 0xF6, 0xDD, 0x8D, 0x7D, 0x20,
    0xAB, 0xAE, 0xCD, 0x35, 0xC5, 0xDE, 0x3F, 0xF2, 0x5E, 0x75, 0xE0, 0xD4, 0x4C, 0x34, 0x44, 0xE3,
    0xD9, 0xF5, 0x6F, 0xFE, 0x2C, 0x3C, 0xB9, 0xC8, 0xF2, 0xD9, 0xB5, 0x41, 0x5E, 0xDE, 0xD0, 0x6E,
    0x7F, 0x24, 0x85, 0x23, 0x99, 0xD8, 0x3F, 0xF8, 0x16, 0xC4, 0x7B, 0xC6, 0xA5, 0xAA, 0xB0, 0x65,
    0xC5, 0x69, 0x26, 0xD7, 0xE0, 0x2E, 0xD3, 0xF6, 0x7C, 0x9F, 0xFD, 0x74, 0xA5, 0x6D, 0x0E, 0x20,
    0x00, 0x45, 0x12, 0x17, 0x96, 0xDB, 0x37, 0x80, 0x88, 0xC8, 0x75, 0x92, 0x51, 0xD6, 0x98, 0x0E,
    0x63, 0xEC, 0x29, 0xC3, 0x14, 0xF6, 0x5A, 0xD3, 0x61, 0xA3, 0xCE, 0x1C, 0xB1, 0xB9, 0x76, 0xDB,
    0xA6, 0x57, 0xDD, 0x5A, 0x63, 0x87, 0xDC, 0x7A, 0xF9, 0xED, 0xFE, 0x4D, 0xBD, 0xC8, 0xE5, 0xC6,
    0xBF, 0x39, 0x5E, 0xF1, 0xB6, 0xFA, 0xC8, 0xCF, 0x2F, 0xE1, 0x0B, 0x6F, 0xFC, 0x7A, 0xBF, 0xF7,
    0x7E, 0x54, 0x5B, 0x85, 0x6F, 0x1B, 0x69, 0x81, 0xEE, 0x72, 0x3B, 0xFD, 0xFA, 0x9F, 0xDF, 0xC6,
    0x69, 0xCE, 0xBF, 0xF9, 0x1F, 0x0C, 0xF2, 0xE3, 0xC3, 0xEA, 0xE3, 0xEB, 0x44, 0x04, 0x44, 0x6C,
    0x77, 0x8A, 0xB0, 0xA3, 0x34, 0x13, 0xFA, 0xFF, 0x5F, 0x3E, 0x5A, 0xEB, 0xC9, 0x86, 0x45, 0x34,
    0x3C, 0xB9, 0x2E, 0x2A, 0x7C, 0x8E, 0x60, 0x50, 0x07, 0xB1, 0x52, 0x77, 0xB0, 0x5C, 0xFF, 0x8E,
    0x2C, 0xB3, 0x2A, 0x05, 0xD8, 0x4E, 0xE2, 0x08, 0x17, 0xEE, 0x98, 0x7E, 0xA0, 0x56, 0x62, 0xAB,
    0x41, 0x4D, 0x86, 0x50, 0xAC, 0xCE, 0x75, 0xDF, 0x0E, 0x9F, 0xBF, 0x5D, 0xAE, 0x81, 0xA3, 0x98,
    0x68, 0x80, 0xBC, 0x93, 0xAB, 0x47, 0x4E, 0x8B, 0x06, 0x4D, 0xA8, 0xB4, 0xC7, 0x87, 0xA8, 0x21,
    0xEC, 0x40, 0xFB, 0xCB, 0x45, 0x2B, 0xAB, 0xA0, 0x50, 0xF9, 0x21, 0xEA, 0xD1, 0x7C, 0xCC, 0x5A,
    0x86, 0x83, 0xC6, 0x34, 0x72, 0xA5, 0x2B, 0x1E, 0xC6, 0xE1, 0x8F, 0x5E, 0xFB, 0xA7, 0x5F, 0x2F,
    0xC3, 0x01, 0xA8, 0x38, 0x0E, 0xD0, 0x70, 0x4C, 0xFB, 0x49, 0x50, 0x73, 0xA4, 0x74, 0xA9, 0x89,
    0xC2, 0xE9, 0x01, 0x1E, 0xBA, 0xA0, 0x22, 0xDA, 0x4F, 0x7C, 0xD4, 0x1C, 0x47, 0x88, 0x8C, 0x3A,
    0xD7, 0x3A, 0xC4, 0xF4, 0xE2, 0x30, 0x56, 0xC8, 0x50, 0x21, 0x32, 0x13, 0x17, 0x29, 0x5E, 0x84,
    0x38, 0xBA, 0xD6, 0x6B, 0x14, 0x48, 0x52, 0x77, 0xC4, 0x3A, 0x95, 0x7C, 0x8C, 0x47, 0x46, 0x95,
    0x86, 0xDD, 0xED, 0x71, 0x66, 0xF8, 0x14, 0xBD, 0xB8, 0x1C, 0x46, 0x82, 0xED, 0x91, 0xF4, 0xEA,
    0x93, 0x33, 0x8E, 0xB8, 0xA0, 0xBF, 0xFB, 0x2D, 0xC3, 0x00, 0x31, 0x49, 0x6A, 0x8E, 0x80, 0x1D,
    0xCE, 0x79, 0xBC, 0x00, 0xB0, 0x13, 0x35, 0x5B, 0xA7, 0x9A, 0x8A, 0xDA, 0x8A, 0x2C, 0xF2, 0x93,
    0x5E, 0xA7, 0xFB, 0xC9, 0x95, 0x36, 0x6F, 0xBA, 0xAE, 0x23, 0x3C, 0x90, 0x6B, 0x10, 0x5B, 0xED,
    0x07, 0xE3, 0xFD, 0xD3, 0x8B, 0x84, 0x1F, 0x20, 0xD1, 0xE4, 0xB2, 0xCC, 0x18, 0x87, 0x3A, 0x14,
    0x9B, 0x6F, 0x95, 0x9A, 0xE9, 0xD0, 0x46, 0xA3, 0xB9, 0x37, 0xBD, 0xB8, 0x32, 0x2E, 0xD0, 0xA4,
    0x4D, 0xE3, 0x67, 0x62, 0x55, 0x52, 0x46, 0x54, 0xB6, 0x21, 0xEF, 0x26, 0x5D, 0x65, 0xDC, 0xAE,
    0x41, 0xC4, 0x60, 0x13, 0xEE, 0x9A, 0x1A, 0x5D, 0x90, 0xF1, 0x1A, 0xD4, 0xA4, 0x21, 0xD2, 0x5D,
    0x59, 0xE0, 0x2D, 0xCB, 0x6C, 0xEF, 0x16, 0x78, 0xA5, 0xD9, 0x9C, 0x00, 0x83, 0x9A, 0xA3, 0x08,
    0xBC, 0x6B, 0xD0, 0x2C, 0xA5, 0x67, 0xAF, 0xB6, 0xE8, 0x46, 0x2B, 0x93, 0x1F, 0x88, 0xEC, 0x8B,
    0xEE, 0xF4, 0x4A, 0x2F, 0x2A, 0xB6, 0x68, 0x85, 0xF0, 0x4E, 0x7E, 0x4C, 0x87, 0x0A, 0xC5, 0xDB,
    0x04, 0x55, 0x36, 0xD5, 0x9F, 0xCD, 0x06, 0x5C, 0x61, 0xA8, 0x82, 0x95, 0x9A, 0x6C, 0xA5, 0xEB,
    0x2C, 0xD1, 0x0A, 0x58, 0xF2, 0x60, 0x52, 0x9F, 0x2E, 0x4F, 0xBA, 0x21, 0x0C, 0x51, 0x2B, 0xB5,
    0x70, 0x2B, 0x5E, 0xE9, 0xA5, 0x3A, 0x0A, 0xB4, 0x68, 0xE4, 0x27, 0xC5, 0xC7, 0xFE, 0xFB, 0x49,
    0x15, 0x1F, 0x5C, 0x68, 0x1C, 0x19, 0x92, 0x3C, 0x22, 0x52, 0x3F, 0x39, 0x55, 0x8D, 0x7A, 0xD8,
    0x7B, 0x3B, 0xB6, 0x20, 0xCF, 0xF4, 0x53, 0x70, 0x25, 0xD2, 0xE8, 0xD3, 0x95, 0x39, 0x6F, 0x0F,
    0x22, 0xF3, 0xC3, 0x25, 0x5A, 0xCD, 0xF2, 0x09, 0x8E, 0x6A, 0x0A, 0x2F, 0x89, 0x89, 0x64, 0x49,
    0xFD, 0xAE, 0x15, 0xFA, 0x98, 0x42, 0xE1, 0x83, 0x80, 0x18, 0x88, 0x82, 0x27, 0x12, 0x3E, 0x4F,
    0x7E, 0x9B, 0xC9, 0x0E, 0x47, 0x82, 0x86, 0xDD, 0x64, 0x43, 0xAE, 0xB0, 0x5C, 0xDB, 0x09, 0xB9,
    0xAD, 0xE4, 0xF3, 0x07, 0xEC, 0x0C, 0x0C, 0x34, 0x53, 0x3B, 0x2F, 0x56, 0xA9, 0x53, 0xAE, 0xDC,
    0x96, 0x5B, 0xE2, 0x0F, 0x56, 0x23, 0x5A, 0xA8, 0xE6, 0xF7, 0xCD, 0xA4, 0x50, 0x22, 0xE4, 0xE6,
    0x7B, 0xD6, 0x71, 0x17, 0x14, 0xBB, 0x3F, 0x45, 0x8D, 0x1E, 0xDC, 0x49, 0x51, 0xCA, 0xA5, 0xFE,
    0xFD, 0x29, 0x76, 0x8E, 0xFA, 0x32, 0x7A, 0x2F, 0xC5, 0x36, 0xEA, 0x37, 0x66, 0x37, 0x70, 0x81,
    0x11, 0x63, 0x95, 0xB8, 0x95, 0x66, 0xB0, 0xBA, 0xD3, 0x37, 0xE1, 0xD8, 0x34, 0xAE, 0xC6, 0xD5,
    0xF4, 0xED, 0x61, 0x80, 0x63, 0xC3, 0xE4, 0x06, 0x80, 0x0B, 0xDB, 0x09, 0x76, 0xB0, 0xAC, 0x84,
    0xC0, 0x8B, 0x2B, 0x25, 0xE2, 0x34, 0xED, 0x0C, 0xE9, 0x21, 0x6B, 0x34, 0xAC, 0x95, 0x29, 0x14,
    0x35, 0x28, 0x13, 0x17, 0xE1, 0x38, 0xF3, 0x6F, 0x64, 0xB1, 0x60, 0x0F, 0x07, 0x26, 0x54, 0x4F,
    0xA1, 0x05, 0x19, 0x97, 0x3C, 0x2C, 0x7C, 0xDF, 0x50, 0xC6, 0x8E, 0xF2, 0xCE, 0x10, 0x4F, 0x53,
    0x94, 0x3B, 0x46, 0xD5, 0xBD, 0xB8, 0xE6, 0x07, 0x1E, 0xF3, 0x58, 0x09, 0x3D, 0x8A, 0x3D, 0xC4,
    0x2E, 0x62, 0x07, 0xE1, 0x47, 0xE7, 0x30, 0xD1, 0xA0, 0x0A, 0x50, 0x91, 0x3B, 0x35, 0xE1, 0x14,
    0xF9, 0x14, 0xBF, 0x9A, 0x9A, 0x58, 0x05, 0x4A, 0xB5, 0x54, 0xA5, 0xE9, 0x58, 0xB9, 0x6D, 0x8A,
    0x61, 0x75, 0x3E, 0x02, 0x68, 0xC2, 0x0F, 0x05, 0x20, 0x10, 0x0D, 0x4C, 0x41, 0xF8, 0xEE, 0xAD,
    0x33, 0xD6, 0xB4, 0xA7, 0xBC, 0x10, 0x39, 0x6A, 0x3C, 0x29, 0x11, 0x3B, 0x49, 0xD3, 0x55, 0x9E,
    0xB5, 0xB9, 0x29, 0xF7, 0xFD, 0x03, 0xCF, 0xEC, 0x01, 0x2E, 0x34, 0xCA, 0x23, 0x80, 0xCD, 0xCF,
    0x4B, 0x89, 0xEC, 0xCB, 0x25, 0xA2, 0x59, 0x73, 0xC3, 0x79, 0xC5, 0x00, 0x3B, 0x22, 0x54, 0x8A,
    0xE9, 0x80, 0x60, 0x0F, 0x70, 0x2A, 0x42, 0xAD, 0x58, 0x7E, 0x4C, 0xAE, 0x11, 0x30, 0x3C, 0x0F,
    0x07, 0x79, 0x6F, 0x72, 0x3D, 0xD6, 0x21, 0xCF, 0xE8, 0x70, 0x76, 0x5A, 0x66, 0x0C, 0x1B, 0xD0,
    0xDC, 0xC8, 0x3A, 0xE7, 0x45, 0x90, 0xF5, 0xFF, 0x9D, 0x0E, 0xB2, 0xF1, 0x19, 0x06, 0xD9, 0xF4,
    0x2C, 0x3F, 0xCE, 0xF8, 0xD9, 0x54, 0x67, 0xFE, 0xD9, 0x44, 0x67, 0xEC, 0x4C, 0xB5, 0x32, 0x7A,
    0x06, 0x20, 0xA1, 0x01, 0x44, 0x42, 0x00, 0x04, 0x80, 0x02, 0x11, 0x8E, 0x80, 0xFF, 0x2E, 0xDA,
    0x35, 0x5B, 0xF8, 0x04, 0xCF, 0x26, 0x69, 0x3C, 0x3D, 0xDE, 0x3B, 0x0F, 0x32, 0x6F, 0xB7, 0xB7,
    0x35, 0xF8, 0xF9, 0xF8, 0x0C, 0x28, 0xB0, 0x84, 0x8A, 0x32, 0x56, 0xE2, 0x2A, 0x5F, 0xF8, 0xF0,
    0xA0, 0x12, 0xDF, 0x57, 0xC1, 0x32, 0x25, 0x7E, 0xE7, 0xA8, 0x77, 0x90, 0xDC, 0x35, 0xD0, 0xEE,
    0x96, 0xBC, 0xEA, 0xE0, 0x9D, 0x60, 0x37, 0xA2, 0x92, 0x7C, 0x90, 0xCD, 0xD4, 0x6A, 0xB9, 0xCB,
    0x85, 0x82, 0x6D, 0x69, 0xC8, 0x03, 0x86, 0x47, 0x2B, 0x12, 0x2D, 0x1B, 0xF2, 0x7C, 0x3B, 0x5A,
    0x7E, 0xDC, 0x29, 0xE9, 0xF4, 0xF3, 0x75, 0xFA, 0x4E, 0xD2, 0xEA, 0x61, 0x52, 0xE6, 0x50, 0xF0,
    0x44, 0x86, 0x5D, 0xA5, 0x37, 0x06, 0x5F, 0xE7, 0xEB, 0x5F, 0xD0, 0x5B, 0x12, 0x15, 0x66, 0xD7,
    0xF8, 0xE7, 0x00, 0x60, 0x6D, 0x53, 0xCE, 0xCF, 0x3C, 0x95, 0x77, 0x36, 0x56, 0xCD, 0xD4, 0x02,
    0xC8, 0x1A, 0x25, 0x1B, 0xB9, 0x37, 0xFA, 0xD9, 0xDD, 0x29, 0x35, 0x80, 0x4B, 0xF2, 0x61, 0x58,
    0x68, 0xD4, 0x5A, 0x81, 0x25, 0x22, 0xC9, 0x87, 0x61, 0x49, 0xA2, 0xB5, 0xFB, 0xB0, 0xCC, 0xED,
    0x2A, 0x90, 0x63, 0x09, 0x51, 0x65, 0x28, 0x5E, 0x03, 0x2A, 0xAD, 0xBA, 0xB9, 0x03, 0x99, 0x73,
    0x4E, 0xFE, 0xD2, 0x11, 0xF3, 0xC9, 0x61, 0x0E, 0x19, 0xB1, 0xBE, 0x0A, 0x41, 0x10, 0x73, 0x85,
    0x53, 0x2C, 0x3B, 0x33, 0xD1, 0x34, 0xB1, 0x76, 0xA1, 0xF5, 0xFE, 0xF1, 0xEE, 0x4F, 0x9B, 0x71,
    0x38, 0xBC, 0x4E, 0x93, 0x89, 0xC1, 0x0B, 0xDE, 0x9B, 0x96, 0xB5, 0xF5, 0xB3, 0x05, 0x9E, 0x1A,
    0x04, 0x10, 0x83, 0xFC, 0x00, 0x3C, 0x04, 0x94, 0xE7, 0x24, 0x77, 0xF1, 0x80, 0x0F, 0x8E, 0x06,
    0x26, 0x01, 0xC0, 0x47, 0x07, 0x35, 0x43, 0x99, 0x1B, 0xFA, 0x35, 0x6C, 0x0B, 0x72, 0x06, 0x1E,
    0x1F, 0x8D, 0x91, 0xF9, 0x05, 0x4A, 0x8A, 0x10, 0x16, 0xE4, 0x14, 0xCF, 0x19, 0x4A, 0xAE, 0x88,
    0x02, 0x3E, 0x4F, 0x33, 0x91, 0xDC, 0xF8, 0x38, 0x1E, 0x96, 0xD6, 0xA3, 0x3E, 0x5E, 0x21, 0x86,
    0x98, 0x79, 0x4F, 0xD2, 0xF4, 0x08, 0xA7, 0x33, 0xBD, 0xBE, 0xFE, 0xAE, 0x98, 0x0B, 0x11, 0x44,
    0x26, 0x32, 0xB1, 0x89, 0xB1, 0x85, 0x6F, 0xAD, 0xED, 0x0B, 0x7B, 0xC7, 0xA0, 0x0C, 0x9A, 0xDB,
    0x3B, 0xA8, 0x86, 0x52, 0xCE, 0x33, 0xAC, 0xB0, 0xCA, 0x39, 0x13, 0xFE, 0x07, 0x28, 0xD5, 0x96,
    0xA6, 0x57, 0x29, 0xE7, 0xDB, 0x82, 0x43, 0xE1, 0x88, 0x55, 0x3A, 0xD8, 0xEE, 0x81, 0x26, 0x92,
    0xC2, 0x8D, 0x26, 0x1C, 0xEC, 0x4D, 0xB2, 0xAE, 0xF6, 0x25, 0x77, 0xB4, 0x95, 0xC2, 0xF6, 0x47,
    0x65, 0x87, 0x7D, 0xA8, 0x6F, 0xD9, 0x39, 0x1E, 0x22, 0x89, 0x74, 0xC4, 0xDD, 0xDE, 0xC5, 0x40,
    0xB2, 0xA4, 0x20, 0xB0, 0x54, 0x01, 0x58, 0x8D, 0xAB, 0x52, 0x04, 0xEE, 0xC7, 0x68, 0x25, 0xB0,
    0x18, 0x44, 0x68, 0x7D, 0xAD, 0x8E, 0x0C, 0x28, 0x9A, 0x04, 0x8E, 0xB4, 0x33, 0x5A, 0x2C, 0xF1,
    0x2A, 0xBD, 0x52, 0xB3, 0x78, 0x0F, 0xC7, 0x48, 0x0B, 0x9A, 0x3C, 0xA9, 0x7A, 0x38, 0xB1, 0xD2,
    0xF3, 0xA0, 0xBC, 0x6B, 0x10, 0xE9, 0x27, 0x08, 0xB1, 0x53, 0x09, 0x88, 0xBD, 0xAA, 0x87, 0x57,
    0x43, 0xCB, 0x12, 0xFD, 0xB5, 0xE5, 0xE0, 0x45, 0x11, 0x56, 0x2C, 0xA1, 0x40, 0x2C, 0xAB, 0x54,
    0x2A, 0x16, 0x78, 0x64, 0x70, 0x20, 0x0A, 0x55, 0xF7, 0x3C, 0x5A, 0x46, 0x1E, 0xC9, 0x38, 0x68,
    0x31, 0xD6, 0x73, 0x70, 0x8C, 0x58, 0x70, 0x34, 0x0C, 0x5B, 0x00, 0x5C, 0x42, 0x58, 0x80, 0x6F,
    0xE0, 0x03, 0xB9, 0x4D, 0x13, 0x40, 0x2D, 0xCE, 0x0F, 0xE4, 0x36, 0x95, 0x95, 0xF2, 0x61, 0x2A,
    0x59, 0x58, 0x29, 0x57, 0xF8, 0x22, 0xD4, 0xE9, 0x81, 0x08, 0x5C, 0x47, 0x46, 0x8C, 0x24, 0x71,
    0x2D, 0x14, 0x56, 0x75, 0xB1, 0x1F, 0xD2, 0xD7, 0xAE, 0x2F, 0x63, 0x24, 0x83, 0xC2, 0x47, 0xC1,
    0xCF, 0x1D, 0x0D, 0x24, 0xF9, 0x82, 0x9A, 0xF0, 0x1A, 0x33, 0xF6, 0x76, 0x54, 0x18, 0x65, 0xFE,
    0xDE, 0x14, 0x7D, 0x65, 0x0D, 0x5B, 0x8E, 0xA4, 0x00, 0xAE, 0xB5, 0xDF, 0xAC, 0x56, 0x31, 0x03,
    0x92, 0x44, 0x77, 0x55, 0x4C, 0x00, 0xFB, 0x41, 0x35, 0x68, 0xC1, 0x6B, 0xE7, 0x6B, 0x22, 0x89,
    0x58, 0xE5, 0xD0, 0x44, 0x12, 0xB9, 0x41, 0x0F, 0x8A, 0x4F, 0xA8, 0x8C, 0xEF, 0x3A, 0x79, 0x00,
    0x4D, 0xA0, 0x0E, 0x8E, 0x80, 0xDA, 0x6F, 0xD1, 0xBD, 0x21, 0x06, 0x17, 0x48, 0x02, 0xD1, 0x43,
    0xDD, 0xFB, 0x66, 0xA2, 0xEE, 0xE1, 0x69, 0xAF, 0x79, 0xD5, 0x2F, 0x33, 0xF4, 0x6F, 0x8B, 0xAD,
    0x64, 0x2B, 0xF9, 0xF4, 0x01, 0xFE, 0xB8, 0xCB, 0xD4, 0xE5, 0xF7, 0xC4, 0x5D, 0xFE, 0x68, 0x0D,
    0xEC, 0xCF, 0x92, 0xCF, 0x1F, 0x48, 0xED, 0x13, 0x95, 0x6E, 0x34, 0xEF, 0xA6, 0x46, 0x57, 0xEA,
    0x27, 0xF7, 0x4C, 0x9C, 0xEE, 0xD2, 0x62, 0xEB, 0xE0, 0xEF, 0x97, 0x59, 0x1E, 0x7D, 0xAA, 0xBE,
    0xBD, 0x6F, 0x2A, 0x96, 0x1D, 0xE8, 0x67, 0xA7, 0xEB, 0xCB, 0x52, 0xED, 0x86, 0x2F, 0xC6, 0x51,
    0xF3, 0x3D, 0x46, 0x7E, 0x2A, 0x73, 0x1B, 0x2C, 0x6F, 0x07, 0xB7, 0x4C, 0xFA, 0xBF, 0xBF, 0x6F,
    0xF1, 0x2A, 0xC3, 0xBE, 0xBD, 0x6D, 0xF1, 0x7A, 0x22, 0x7C, 0xE9, 0xCA, 0x35, 0xF9, 0x30, 0xB7,
    0xDF, 0xED, 0x7C, 0x1D, 0xDA, 0xCF, 0x58, 0x62, 0x02, 0x10, 0x54, 0xBA, 0xD1, 0xFA, 0xE6, 0xC3,
    0x38, 0xAA, 0x8F, 0x5A, 0x3A, 0xFF, 0x93, 0x93, 0xAF, 0x5D, 0xF9, 0xE9, 0x0A, 0xA5, 0x1A, 0xB7,
    0x7A, 0xE9, 0xCE, 0xBF, 0xD1, 0x86, 0xBF, 0xF9, 0x40, 0xDF, 0xD1, 0x6E, 0xF4, 0xF9, 0x8A, 0x24,
    0x2D, 0xF3, 0xED, 0xB7, 0xBF, 0x36, 0xC6, 0xA8, 0x05, 0xF0, 0x83, 0xD7, 0x54, 0x6D, 0xFD, 0x74,
    0x95, 0x54, 0x82, 0xEE, 0x48, 0x3F, 0x79, 0xB1, 0x54, 0xFD, 0x5B, 0xDB, 0xFC, 0x78, 0x65, 0x52,
    0x9F, 0xAA, 0xB3, 0x8D, 0xBB, 0xF3, 0x46, 0x2B, 0xB5, 0xF0, 0xBA, 0xB5, 0x2B, 0xC9, 0x25, 0x5A,
    0x78, 0xCD, 0x9A, 0x03, 0x56, 0xAA, 0xD2, 0x6F, 0xCC, 0x52, 0xEF, 0xF9, 0x06, 0x59, 0x87, 0x52,
    0x56, 0x4D, 0xA8, 0x2A, 0xC5, 0x40, 0x79, 0xC4, 0x4E, 0xC6, 0x0C, 0x23, 0xC5, 0x1C, 0xE5, 0xD1,
    0xB2, 0x70, 0x54, 0x34, 0xC1, 0xF3, 0x33, 0x1C, 0x8E, 0x85, 0x8A, 0x0D, 0x3F, 0xFF, 0x8F, 0x01,
    0xA3, 0xBD, 0x74, 0xA2, 0x9A, 0xF0, 0x44, 0x56, 0xAC, 0x6D, 0x95, 0x91, 0x77, 0xC1, 0xDA, 0x56,
    0x19, 0x79, 0x4B, 0x0F, 0xB1, 0xD2, 0x6F, 0xC5, 0xDA, 0x2E, 0xA3, 0x1D, 0x6E, 0xAC, 0xDF, 0xCB,
    0xE7, 0xBC, 0x51, 0xCB, 0xBE, 0xAB, 0xBC, 0x6C, 0xF0, 0x27, 0x7F, 0x98, 0x4D, 0xAF, 0xE5, 0x27,
    0x5E, 0xBA, 0xFF, 0xFA, 0xD7, 0x15, 0x83, 0x48, 0xF2, 0xAD, 0x92, 0x6C, 0x77, 0xBE, 0xB9, 0x8C,
    0x76, 0x5E, 0xA6, 0x9B, 0x50, 0x5D, 0x76, 0xCD, 0x6F, 0xCA, 0xF8, 0x3F, 0x69, 0x5A, 0x37, 0x96,
    0x8F, 0xB3, 0x46, 0x4B, 0x56, 0x11, 0x9D, 0x03, 0x21, 0x64, 0x33, 0xDA, 0xAC, 0x6F, 0xD4, 0xD6,
    0xDD, 0x35, 0x4A, 0x00, 0x36, 0x9D, 0x64, 0xC3, 0x11, 0xEB, 0xD6, 0xB2, 0xD2, 0xA4, 0xB0, 0x49,
    0xCA, 0xA7, 0xA4, 0x06, 0xC2, 0x85, 0x26, 0x6C, 0x71, 0x0E, 0x3B, 0xDF, 0x08, 0xCE, 0x4F, 0x5E,
    0xFF, 0xD9, 0xA6, 0xA9, 0x80, 0x7C, 0x95, 0x5F, 0x44, 0xF8, 0xED, 0xC7, 0x09, 0x94, 0x52, 0xFF,
    0x3F, 0x09, 0xA8, 0x79, 0x8C, 0x7D, 0x99, 0x5F, 0x45, 0x71, 0xF0, 0x08, 0x76, 0xF0, 0x6F, 0x87,
    0xF8, 0xDD, 0xE6, 0x27, 0xBD, 0x19, 0x86, 0xFD, 0x4D, 0x72, 0x92, 0x6F, 0x26, 0x71, 0xD8, 0x1D,
    0xE1, 0x6C, 0x22, 0x00, 0xF8, 0x4F, 0xA0, 0xC1, 0xD3, 0x5A, 0x50, 0x7B, 0xFC, 0xC7, 0xE9, 0x61,
    0x01, 0x8F, 0xF0, 0x55, 0x6B, 0xF3, 0xB3, 0xC9, 0x55, 0xFE, 0x77, 0x90, 0xF4, 0x6A, 0xD7, 0x03,
    0x33, 0xFB, 0xF1, 0x1F, 0xB9, 0xBB, 0x97, 0xD9, 0x77, 0xBF, 0xDF, 0xC8, 0xFE, 0xCB, 0x3F, 0x08,
    0xFF, 0x66, 0xFF, 0x6F, 0xD4, 0x17, 0x38, 0x05, 0x49, 0x63, 0xC6, 0x8D, 0x5F, 0x10, 0xD1, 0x24,
    0x01, 0xED, 0x61, 0x07, 0x93, 0x1A, 0x70, 0xC4, 0x0B, 0x53, 0x5D, 0x7C, 0xF8, 0x1E, 0x62, 0x8E,
    0xF8, 0xF7, 0xD0, 0x02, 0xA0, 0x9A, 0x61, 0xCF, 0x49, 0x21, 0x02, 0xCA, 0x70, 0x8A, 0x18, 0xA2,
    0x80, 0xA8, 0x75, 0x35, 0x4D, 0x87, 0x49, 0xEB, 0x2A, 0x2F, 0xAF, 0x4F, 0x10, 0x65, 0x6B, 0x76,
    0xB2, 0x3B, 0x4C, 0x7E, 0xFC, 0x0F, 0xFF, 0xEB, 0x17, 0xC3, 0xE4, 0xAB, 0xEF, 0xFE, 0xE1, 0x2B,
    0xB5, 0xBE, 0xF1, 0x49, 0xFA, 0xAB, 0xBF, 0x6D, 0xB4, 0x9A, 0xA7, 0x9D, 0xF4, 0x3F, 0xFC, 0xD5,
    0x1F, 0xFD, 0x18, 0x79, 0xBE, 0xFF, 0xCD, 0xF9, 0x6F, 0xF0, 0x97, 0xBF, 0xFC, 0x53, 0xFC, 0xD3,
    0xDD, 0x1F, 0xFF, 0xC3, 0xA4, 0xDF, 0x85, 0x1F, 0x17, 0xA3, 0xC1, 0x7F, 0x48, 0x56, 0xB8, 0x8A,
    0xAC, 0x74, 0xF9, 0xE0, 0x05, 0xD7, 0xA1, 0xF1, 0x11, 0x62, 0x08, 0xC0, 0x93, 0x4C, 0x53, 0x24,
    0x58, 0x32, 0x67, 0xA5, 0xE2, 0x38, 0x08, 0x3C, 0xC3, 0xDA, 0xD0, 0x80, 0x8D, 0x6A, 0x26, 0xF5,
    0x06, 0xFD, 0x7B, 0xE6, 0x61, 0x78, 0x67, 0x12, 0x22, 0x94, 0x5C, 0xE0, 0xC1, 0x3B, 0xDE, 0x2C,
    0xAB, 0x7A, 0xC7, 0x8D, 0xB5, 0x7D, 0x99, 0x13, 0xC9, 0x7D, 0x8E, 0xAB, 0x4C, 0x83, 0x5F, 0x00,
    0x57, 0x80, 0xD2, 0x19, 0x0B, 0x32, 0x48, 0x68, 0x4F, 0x33, 0x5F, 0x7B, 0x56, 0x24, 0x6C, 0x45,
    0x2A, 0x1E, 0xC9, 0x69, 0xBF, 0x8F, 0x5D, 0x7C, 0xC5, 0x4C, 0xEC, 0x17, 0xCD, 0x3A, 0x11, 0x92,
    0x91, 0x24, 0x70, 0x41, 0x55, 0xB7, 0x68, 0x42, 0x34, 0x88, 0x33, 0x31, 0x42, 0xD2, 0xD1, 0x2E,
    0x53, 0xF5, 0x50, 0x60, 0x46, 0xF0, 0x98, 0x15, 0xBC, 0x08, 0x91, 0x61, 0x1F, 0x15, 0x4D, 0x1C,
    0x09, 0xFB, 0xC2, 0xD7, 0x14, 0x0F, 0x50, 0xC6, 0xAD, 0x5B, 0xE3, 0x30, 0xB1, 0x5E, 0x19, 0xD6,
    0xF3, 0xF6, 0x34, 0x63, 0x41, 0x6B, 0x3A, 0x1E, 0xB2, 0x38, 0x94, 0x48, 0x0C, 0x6B, 0xBD, 0x91,
    0x0E, 0x3D, 0xA8, 0xDB, 0x7E, 0x5B, 0x46, 0x41, 0xAA, 0xC3, 0x09, 0x0E, 0x30, 0xBC, 0xCE, 0xF2,
    0xF2, 0x8B, 0xA7, 0x56, 0x6C, 0x52, 0xD8, 0xD1, 0xAC, 0x26, 0xC3, 0x44, 0x83, 0x8C, 0xFC, 0xB2,
    0x2A, 0x2E, 0xBC, 0x20, 0x9E, 0x9E, 0x66, 0xB4, 0x60, 0x32, 0x84, 0x96, 0xA3, 0x68, 0x62, 0x88,
    0x62, 0x49, 0xF3, 0xD3, 0xBB, 0x9A, 0x04, 0x45, 0x0B, 0xB4, 0x1A, 0x54, 0x1E, 0x70, 0x5D, 0xAE,
    0xA6, 0xD8, 0xE6, 0x33, 0x6B, 0xEF, 0xB8, 0x2E, 0xDF, 0xE7, 0xD2, 0x3C, 0x77, 0x40, 0x7E, 0x7F,
    0x7A, 0x80, 0x1A, 0x82, 0x02, 0x55, 0xA8, 0x19, 0x23, 0x7D, 0xA1, 0x54, 0x10, 0x94, 0x37, 0xF3,
    0xAA, 0x68, 0xB0, 0x10, 0x33, 0x9C, 0xA1, 0x51, 0xE4, 0x18, 0x32, 0x78, 0x26, 0xDC, 0xE5, 0x9E,
    0xCD, 0xD1, 0xE6, 0xB3, 0xD1, 0x28, 0x1D, 0xF4, 0x7A, 0x5E, 0xD0, 0xD8, 0x93, 0x7B, 0x69, 0x52,
    0x2A, 0xD9, 0xA8, 0x18, 0x8A, 0x10, 0x9D, 0xF4, 0x90, 0x1E, 0xC6, 0x41, 0x3C, 0x29, 0x47, 0x95,
    0x6E, 0xF7, 0x95, 0xE7, 0xAF, 0xF2, 0x6D, 0x5F, 0x55, 0x9D, 0x1B, 0x82, 0x83, 0x5E, 0x5D, 0xE3,
    0xAB, 0x1A, 0x8C, 0x69, 0x5F, 0xF3, 0x02, 0x27, 0xA3, 0x71, 0x7F, 0xD0, 0xED, 0x31, 0xCF, 0x5A,
    0x8B, 0x62, 0x39, 0x3D, 0xC5, 0x8E, 0xA1, 0x05, 0x7B, 0xD8, 0xED, 0x79, 0xD5, 0x78, 0xFA, 0x30,
    0xC7, 0x5C, 0xB0, 0x80, 0x45, 0xFC, 0x77, 0x7F, 0xEE, 0x77, 0x89, 0x5E, 0xED, 0x41, 0xB6, 0x8A,
    0xAD, 0xAC, 0x22, 0x3A, 0x47, 0x82, 0x22, 0x48, 0xB1, 0x8F, 0xD3, 0x61, 0xE9, 0x6D, 0x39, 0x1E,
    0x3E, 0x4F, 0xBF, 0x9E, 0x9E, 0xEF, 0x65, 0xDF, 0x8C, 0x51, 0xA1, 0x0A, 0xAD, 0xD5, 0x40, 0xC2,
    0x6A, 0x9F, 0xE5, 0xE6, 0xC7, 0x37, 0x16, 0xA6, 0x77, 0x0D, 0x4E, 0x47, 0x68, 0x01, 0xBC, 0xB9,
    0x16, 0xDA, 0xDC, 0x7D, 0x43, 0xDD, 0xE8, 0x97, 0xA5, 0x1D, 0x9C, 0xDF, 0x28, 0x23, 0xCD, 0xD3,
    0xF3, 0x20, 0x1C, 0x74, 0x0B, 0x85, 0x9E, 0x3F, 0xEE, 0xEB, 0x98, 0xF7, 0xD8, 0x64, 0x64, 0xDE,
    0x04, 0xE1, 0x1C, 0x9A, 0xA7, 0x43, 0xCF, 0x9B, 0x8C, 0xB2, 0x7B, 0x2F, 0x38, 0x07, 0x00, 0x05,
    0xCC, 0x5E, 0x28, 0x07, 0x9E, 0x84, 0xC2, 0x97, 0xA0, 0x20, 0x86, 0x50, 0xF9, 0x9A, 0x21, 0xED,
    0xF6, 0xAB, 0xA1, 0xAE, 0xE0, 0x85, 0x6D, 0x8C, 0x26, 0x89, 0x89, 0x76, 0x0C, 0xA0, 0x8D, 0x69,
    0x7C, 0x1C, 0x62, 0x5E, 0xEC, 0xEB, 0x6D, 0xE3, 0x21, 0xE3, 0x78, 0x82, 0x47, 0xD8, 0x6B, 0xB2,
    0x45, 0xFD, 0x63, 0xCF, 0x20, 0xB2, 0x37, 0x9D, 0x87, 0x26, 0xA1, 0xC4, 0x31, 0xDA, 0xB9, 0xFA,
    0x84, 0x76, 0x90, 0x1A, 0x7A, 0x2D, 0x4A, 0xF7, 0xF0, 0xEE, 0x10, 0x99, 0x61, 0x8A, 0x24, 0x4D,
    0x8F, 0xB1, 0x62, 0x82, 0x43, 0xDF, 0x4C, 0x47, 0x59, 0xC0, 0xF2, 0x04, 0x0B, 0x86, 0xE5, 0xC5,
    0xDE, 0x05, 0xAC, 0x0C, 0xF3, 0x4D, 0xF9, 0x96, 0x16, 0xD6, 0x20, 0x69, 0xBD, 0xA7, 0xD0, 0x8A,
    0x3A, 0xA5, 0x55, 0x95, 0x5B, 0xD5, 0xAB, 0x35, 0x1D, 0xBC, 0xDA, 0x1E, 0x21, 0x5B, 0x22, 0xB0,
    0x37, 0x19, 0x1B, 0x9B, 0x90, 0x7E, 0xCD, 0x53, 0x53, 0x54, 0xC5, 0xB9, 0xF1, 0x48, 0xD2, 0xFE,
    0x14, 0xF7, 0x2F, 0xB7, 0x31, 0x4C, 0xCD, 0xE8, 0x62, 0x86, 0x5C, 0x60, 0x09, 0x6A, 0x01, 0xBE,
    0xE2, 0xD6, 0x51, 0x20, 0x50, 0xD3, 0xFE, 0xD0, 0x0D, 0xEA, 0x53, 0xB4, 0xA0, 0x42, 0x81, 0xA4,
    0x70, 0x97, 0x49, 0xA3, 0xCF, 0xFB, 0xAF, 0x4A, 0x5A, 0x28, 0xF2, 0x63, 0xDF, 0x50, 0x04, 0x14,
    0xD5, 0x30, 0xB9, 0x3F, 0x38, 0x9C, 0xA5, 0x47, 0x76, 0x89, 0xCA, 0x33, 0x19, 0xF8, 0x44, 0xB6,
    0xCB, 0xA9, 0x01, 0xF4, 0xC5, 0x67, 0xD2, 0x84, 0xC3, 0x2B, 0xE4, 0x88, 0xD6, 0x50, 0x63, 0x27,
    0xB3, 0xDE, 0x18, 0xBE, 0xF1, 0x28, 0xB7, 0x58, 0xF1, 0x62, 0xAA, 0x79, 0x6F, 0x64, 0xF8, 0x70,
    0x7F, 0x78, 0x65, 0xC2, 0x6E, 0x91, 0x1F, 0xCE, 0x86, 0xB1, 0x0A, 0xC7, 0x56, 0x41, 0xAB, 0x6C,
    0x9E, 0xBD, 0x18, 0x7B, 0x05, 0xB2, 0x62, 0xBB, 0xC0, 0x09, 0x8E, 0x31, 0xC3, 0x0B, 0x6B, 0x1E,
    0xC5, 0x8B, 0xEC, 0xE4, 0x82, 0xBF, 0x54, 0x0B, 0xD3, 0x09, 0x96, 0x70, 0xBF, 0x7B, 0x76, 0x99,
    0x04, 0xF1, 0xF6, 0x94, 0xDA, 0xBD, 0xFE, 0xDA, 0x4B, 0x1D, 0xD8, 0xAB, 0xE4, 0xA3, 0xB7, 0x63,
    0x21, 0xAC, 0xF2, 0x9E, 0xB6, 0x76, 0x34, 0x7B, 0x50, 0x69, 0xFB, 0xF9, 0xFE, 0xF9, 0xFE, 0xF9,
    0x74, 0x68, 0x8F, 0xFD, 0x73, 0x6E, 0x2C, 0x59, 0x59, 0x5B, 0xDB, 0xFC, 0xB8, 0xEB, 0x95, 0x3D,
    0x1A, 0xBE, 0xE7, 0xFC, 0x8B, 0xD5, 0x34, 0x3D, 0x1D, 0x9D, 0xCF, 0xF5, 0x3B, 0x9C, 0x61, 0x58,
    0x15, 0x63, 0xDC, 0xB5, 0x28, 0x6F, 0x1F, 0x58, 0xC1, 0xB8, 0x6B, 0xAB, 0xEC, 0xDD, 0x73, 0x31,
    0x2E, 0x03, 0x49, 0x40, 0x42, 0x1D, 0x5C, 0x4D, 0x0A, 0x26, 0x69, 0xE2, 0x57, 0xB2, 0xDC, 0x0B,
    0x2F, 0xB0, 0x3F, 0x5A, 0x3E, 0x91, 0xA1, 0xE0, 0x09, 0x4E, 0xCA, 0xA8, 0xB9, 0xAD, 0x68, 0x3C,
    0x41, 0xAE, 0x95, 0xAC, 0xBE, 0x77, 0x82, 0x27, 0x79, 0xCF, 0xBE, 0xE1, 0x62, 0x6E, 0x97, 0x8A,
    0xA4, 0x95, 0x5C, 0x55, 0x6A, 0x78, 0xBF, 0x58, 0x03, 0x19, 0xC5, 0x26, 0xC0, 0xC3, 0x59, 0x16,
    0xE7, 0x7A, 0xCB, 0x3C, 0x41, 0x37, 0xEF, 0xED, 0xE3, 0x31, 0x1E, 0x86, 0x09, 0x05, 0x96, 0x5E,
    0x97, 0x98, 0x3C, 0x4B, 0x0D, 0x61, 0xF6, 0x4D, 0x5A, 0xA8, 0xE5, 0x6E, 0x71, 0xAB, 0x5D, 0xDC,
    0xEC, 0xA2, 0x2F, 0x89, 0xCB, 0xDC, 0x04, 0x20, 0x26, 0xA2, 0x6D, 0x6B, 0xDF, 0xF5, 0x6A, 0x1B,
    0xB7, 0x89, 0xFA, 0x06, 0x8D, 0x42, 0x26, 0x17, 0xCD, 0xB8, 0x44, 0xE8, 0xBE, 0x59, 0x2B, 0x70,
    0xD7, 0x37, 0xEE, 0xFD, 0xD5, 0x03, 0xBE, 0xA2, 0x06, 0x50, 0xF8, 0x05, 0x19, 0x16, 0x7B, 0xD8,
    0x0B, 0xAF, 0xD2, 0x5E, 0x7D, 0x82, 0x3E, 0x8E, 0x31, 0xE6, 0x62, 0x24, 0x82, 0x98, 0x79, 0x64,
    0x90, 0x4C, 0x74, 0x88, 0x43, 0x9C, 0x21, 0x4E, 0xEC, 0x8C, 0x8C, 0x3F, 0x1B, 0xE8, 0xFB, 0x3D,
    0x1C, 0xA8, 0x23, 0xEB, 0x6B, 0xAE, 0x9F, 0xEA, 0xFC, 0x18, 0x8F, 0xC6, 0x05, 0xEF, 0xED, 0xD9,
    0xF9, 0x7A, 0x2B, 0xB8, 0xDD, 0xED, 0x1E, 0xCF, 0x84, 0xA1, 0xD2, 0x5D, 0xE9, 0x2E, 0x36, 0x3A,
    0xBF, 0x65, 0x42, 0x2C, 0x61, 0x62, 0xE9, 0x24, 0x6A, 0x9E, 0xEA, 0x18, 0xBD, 0x70, 0xD0, 0x9B,
    0x8C, 0xEF, 0xDE, 0x20, 0xE6, 0x58, 0x18, 0xFD, 0x68, 0x1D, 0x46, 0x83, 0xE9, 0xBB, 0xC7, 0x10,
    0x91, 0x63, 0xBB, 0xFD, 0x78, 0x63, 0x03, 0x14, 0x2B, 0x42, 0x89, 0x89, 0x5A, 0xF8, 0x2F, 0xCD,
    0x9D, 0x8B, 0x2A, 0x4E, 0x5A, 0x36, 0x0B, 0x83, 0x98, 0x15, 0x7C, 0x8C, 0x34, 0x09, 0x4F, 0xCB,
    0x90, 0xF2, 0xDB, 0x8E, 0x34, 0x0E, 0x74, 0xB3, 0xE6, 0xF9, 0xD3, 0x01, 0xC6, 0x98, 0x05, 0x7E,
    0xDA, 0xB9, 0x96, 0x14, 0x25, 0x6A, 0x1F, 0x3B, 0xE7, 0xB0, 0x27, 0xB1, 0x11, 0x8E, 0xF1, 0x98,
    0xE7, 0x1D, 0x3B, 0xBC, 0xC9, 0x68, 0xA2, 0xA7, 0x26, 0x3F, 0xCF, 0x7B, 0x28, 0x51, 0xA1, 0xCC,
    0x7B, 0xB9, 0xA9, 0x1C, 0x29, 0x9A, 0x77, 0xC4, 0x19, 0x5E, 0x89, 0x33, 0x7F, 0x3B, 0xDC, 0x3D,
    0x4C, 0xAF, 0x86, 0xB4, 0xEA, 0x6E, 0x7E, 0x47, 0x6F, 0xF7, 0x0D, 0x4F, 0xFF, 0xEC, 0x3B, 0xFC,
    0xB2, 0x19, 0x30, 0x2A, 0x54, 0x9B, 0x51, 0xA9, 0x90, 0x31, 0x35, 0xC9, 0x58, 0xA5, 0x15, 0x62,
    0x81, 0x38, 0x44, 0x9D, 0xE3, 0xB0, 0xF2, 0x52, 0x98, 0x9D, 0xCB, 0x48, 0x29, 0x55, 0x4C, 0xCA,
    0x63, 0xAA, 0xF1, 0x35, 0x1A, 0x34, 0xB9, 0xC1, 0x2F, 0xF1, 0xCB, 0xD0, 0x84, 0xC8, 0x90, 0xE2,
    0x41, 0x9A, 0xEC, 0x08, 0xCB, 0x18, 0x6C, 0xC0, 0xAB, 0xBC, 0x64, 0x76, 0xC1, 0xEE, 0xE1, 0xD6,
    0xF0, 0x49, 0xFA, 0x82, 0x5F, 0xE1, 0x18, 0x59, 0xDD, 0x97, 0x9C, 0x62, 0x68, 0x10, 0x0F, 0xCD,
    0xFE, 0x55, 0xD6, 0xC4, 0xAB, 0x11, 0x4E, 0xFB, 0x98, 0x76, 0xB0, 0x47, 0x5F, 0x78, 0xF4, 0x38,
    0xA0, 0x11, 0x47, 0x85, 0x78, 0x85, 0x38, 0x1B, 0x5E, 0xE7, 0x87, 0x75, 0x0C, 0x9E, 0x9B, 0x78,
    0xAC, 0x27, 0x83, 0xAB, 0x71, 0x6F, 0x84, 0x43, 0x5F, 0x4F, 0x70, 0xC8, 0x62, 0xB5, 0xCB, 0x6C,
    0xAC, 0x21, 0x9A, 0xE9, 0x75, 0xB6, 0x77, 0x96, 0xBF, 0x2C, 0x2F, 0x7B, 0xC3, 0x91, 0xAA, 0xC7,
    0xFE, 0xE0, 0x0A, 0x89, 0xD5, 0xD4, 0x42, 0x26, 0x03, 0x46, 0x86, 0x38, 0xD3, 0xBA, 0x72, 0xD6,
    0x80, 0x7D, 0xFB, 0xBE, 0xED, 0xA7, 0x1A, 0xC9, 0x70, 0x5A, 0x20, 0xE9, 0x4F, 0xAF, 0x8D, 0x69,
    0xD0, 0x53, 0xF5, 0x18, 0x7E, 0xD4, 0xDD, 0x2B, 0xB3, 0x30, 0x31, 0x06, 0xFC, 0x30, 0x2C, 0x0B,
    0x7B, 0xB8, 0x3F, 0x0C, 0xD1, 0xAA, 0x20, 0x56, 0x8C, 0x07, 0x56, 0xB9, 0x4F, 0x53, 0xF2, 0x22,
    0x7C, 0xC9, 0xEB, 0xE6, 0xB9, 0x1E, 0x5F, 0x0D, 0xA6, 0xBD, 0x34, 0x3C, 0xE3, 0x98, 0xE3, 0x00,
    0x9D, 0x9B, 0xF9, 0xAF, 0xF7, 0x0C, 0x8B, 0xDC, 0xD8, 0xE3, 0x3D, 0x75, 0x7E, 0x31, 0xB8, 0x66,
    0x88, 0xE1, 0xCD, 0xE0, 0x1A, 0xAD, 0x29, 0x3F, 0xF6, 0xE3, 0x46, 0x1C, 0x94, 0x10, 0x07, 0x36,
    0x81, 0xF2, 0x14, 0x53, 0x4C, 0x32, 0x6B, 0xB0, 0x14, 0xF2, 0xD3, 0xEE, 0xEB, 0xC6, 0x34, 0x3D,
    0xAC, 0x49, 0xAC, 0x06, 0x4B, 0x2A, 0x3D, 0xD8, 0x16, 0xBE, 0xB0, 0x46, 0x88, 0x87, 0xD2, 0xEE,
    0x12, 0x5D, 0x1A, 0x09, 0x5C, 0x12, 0x7F, 0xD5, 0xCF, 0x1A, 0x7B, 0xA3, 0x33, 0xA6, 0x2A, 0xC2,
    0x6F, 0x3B, 0x92, 0x08, 0x00, 0x04, 0xF0, 0x0B, 0x20, 0x28, 0xA0, 0xD5, 0x90, 0xBB, 0x07, 0x19,
    0x2B, 0x53, 0xE7, 0x4E, 0xD9, 0xED, 0xDD, 0xBD, 0xD4, 0x19, 0x1F, 0xC6, 0x25, 0x99, 0x1F, 0x8C,
    0xCB, 0xAF, 0xF1, 0x3B, 0x78, 0x5A, 0xF8, 0x65, 0xDE, 0x08, 0xF6, 0x1B, 0x00, 0x88, 0x02, 0x68,
    0x03, 0x50, 0x01, 0x10, 0x03, 0xA3, 0x94, 0x95, 0x46, 0x9F, 0xAB, 0xF1, 0xF0, 0x55, 0x49, 0x30,
    0xCF, 0xD2, 0xEE, 0x61, 0x49, 0xE3, 0xCF, 0x47, 0xE3, 0x22, 0x9E, 0xE8, 0xB0, 0xD0, 0xAC, 0x68,
    0x10, 0x3B, 0x61, 0xC7, 0x00, 0xFC, 0xC4, 0x9E, 0x4C, 0x00, 0x49, 0x80, 0x08, 0xDE, 0xC7, 0x1E,
    0xB6, 0xB6, 0x65, 0x9E, 0x58, 0xBD, 0x5C, 0xEE, 0x76, 0x2E, 0x4E, 0x42, 0xCD, 0xD5, 0xBE, 0x60,
    0xEF, 0xF0, 0x10, 0xAA, 0x42, 0x47, 0xCD, 0xDD, 0xAD, 0x40, 0xBA, 0x4F, 0x4E, 0x0B, 0x9A, 0x34,
    0xA8, 0xF9, 0x47, 0x4D, 0x84, 0x4F, 0x8A, 0xE7, 0x14, 0xC8, 0xC9, 0xC5, 0x6F, 0xC0, 0xC7, 0xF1,
    0xFF, 0xF5, 0xD7, 0x5F, 0xCA, 0x16, 0x9F, 0x48, 0x88, 0xAA, 0x72, 0x41, 0x40, 0xFA, 0xCD, 0x3F,
    0x82, 0x05, 0xC4, 0xD0, 0x16, 0x6B, 0x02, 0xE6, 0xE0, 0x82, 0x2C, 0xD8, 0x4F, 0xC5, 0xFF, 0x30,
    0x8F, 0xF9, 0x5F, 0xD9, 0xA0, 0x8F, 0x00, 0x9A, 0xCE, 0x4F, 0x61, 0xE3, 0x47, 0x42, 0xC4, 0xEB,
    0x04, 0x2C, 0xAC, 0xC3, 0x63, 0x05, 0x53, 0xA0, 0x50, 0x01, 0x01, 0xB9, 0x19, 0x7C, 0xDE, 0x59,
    0xDB, 0x80, 0x26, 0x3C, 0x02, 0xF8, 0x0C, 0x36, 0x44, 0x98, 0x84, 0x50, 0x5F, 0x23, 0x87, 0xEC,
    0xD8, 0x8F, 0xDB, 0x93, 0xD2, 0x53, 0x6C, 0x68, 0x7D, 0x79, 0x2E, 0xD2, 0x93, 0x21, 0xF7, 0xF4,
    0x76, 0xC1, 0x25, 0x1E, 0x28, 0x47, 0x50, 0xEB, 0xE6, 0xFD, 0xF1, 0x81, 0x66, 0xA2, 0xE6, 0xBA,
    0xF1, 0x74, 0x78, 0xD8, 0xCA, 0x53, 0x0C, 0xAF, 0x66, 0xC3, 0xF3, 0x16, 0x0E, 0x4C, 0x03, 0x14,
    0xB5, 0xFE, 0x17, 0xAB, 0x86, 0x89, 0xC0, 0x91, 0xE1, 0xA8, 0xFC, 0xF5, 0x00, 0xA9, 0x09, 0x27,
    0xE3, 0xA1, 0xC7, 0xAD, 0xA9, 0xF3, 0x8D, 0x2C, 0xFB, 0x1D, 0x72, 0x44, 0x83, 0x43, 0x57, 0xFD,
    0x6B, 0x5B, 0x61, 0xB7, 0x58, 0xF3, 0xBF, 0xCA, 0x33, 0xAB, 0xB5, 0xFC, 0xF3, 0x97, 0x73, 0xD6,
    0xEC, 0x88, 0x80, 0x9E, 0xA0, 0x85, 0xE4, 0x3D, 0xAD, 0x13, 0x08, 0xA5, 0xEF, 0x88, 0x34, 0x13,
    0x1C, 0x1A, 0x3E, 0x15, 0x1E, 0x28, 0x3B, 0xF0, 0x56, 0xEB, 0x89, 0xEC, 0x03, 0x4D, 0xC2, 0xE1,
    0x54, 0x63, 0xE0, 0x0F, 0xAF, 0x74, 0xC0, 0x88, 0x50, 0x6F, 0x3C, 0x0F, 0xF3, 0x5B, 0x92, 0x75,
    0x8E, 0x6D, 0x2A, 0x9A, 0xF3, 0xB1, 0xD4, 0xF9, 0x4D, 0x98, 0x9A, 0xE9, 0xF9, 0xD6, 0x20, 0xAE,
    0xC4, 0x9A, 0xA8, 0xB4, 0x46, 0x28, 0x55, 0x2A, 0x28, 0xA3, 0xF1, 0xA0, 0x93, 0x1E, 0x92, 0x61,
    0x40, 0xCE, 0x15, 0x45, 0xC9, 0x50, 0xF8, 0x98, 0x94, 0xDA, 0xCC, 0x74, 0x48, 0x06, 0x3D, 0xD6,
    0xF3, 0xCF, 0x3D, 0x5F, 0x07, 0x21, 0x40, 0xE5, 0x9F, 0x05, 0x31, 0x80, 0x7C, 0xDE, 0x3F, 0x0A,
    0x26, 0xE9, 0x2B, 0x2F, 0x3F, 0x40, 0x19, 0x16, 0x04, 0x01, 0x55, 0x88, 0xF4, 0x9B, 0xEB, 0xF4,
    0x44, 0x4F, 0x15, 0x78, 0x40, 0x84, 0xB5, 0x9D, 0xAE, 0x52, 0x79, 0xAC, 0x07, 0x47, 0xB2, 0x09,
    0x77, 0x84, 0x2C, 0xE9, 0x81, 0x88, 0x5D, 0x68, 0x3E, 0xB3, 0x0E, 0xA1, 0xBD, 0x5E, 0xC3, 0xAB,
    0xE6, 0xB6, 0xD1, 0x41, 0x72, 0x41, 0x8F, 0x98, 0xE7, 0xF9, 0xC7, 0x61, 0x11, 0xDE, 0x48, 0xDA,
    0xB7, 0x3D, 0xC1, 0xF2, 0x9E, 0x6D, 0x89, 0x4A, 0x86, 0xA5, 0x95, 0x42, 0x74, 0x1C, 0x5C, 0x8F,
    0xF3, 0x4A, 0x45, 0xEA, 0xDB, 0x66, 0x8C, 0x75, 0xD9, 0x8C, 0xF4, 0xD8, 0x2A, 0x08, 0xC7, 0x7B,
    0xB3, 0xA1, 0xE6, 0x63, 0x63, 0xAB, 0x33, 0x0B, 0xBE, 0x1A, 0x49, 0x4E, 0x4E, 0x4E, 0x51, 0xCD,
    0x74, 0xC0, 0x3C, 0x32, 0x4C, 0x72, 0x11, 0x4A, 0x66, 0x3F, 0x6A, 0x6A, 0x59, 0xA1, 0x6F, 0x95,
    0xC3, 0x38, 0xF0, 0xB5, 0x9D, 0x58, 0xE8, 0x1E, 0xFB, 0x8A, 0x1F, 0xBC, 0x99, 0x09, 0x39, 0x2A,
    0x8B, 0xB9, 0x23, 0xD2, 0x83, 0x21, 0x39, 0xA4, 0x81, 0xCB, 0x35, 0x5E, 0xE1, 0x74, 0xF1, 0xA8,
    0x59, 0xE1, 0x2F, 0x8A, 0x19, 0x49, 0x3B, 0xED, 0x3C, 0x27, 0x95, 0x23, 0x5D, 0x76, 0xCB, 0x63,
    0x3E, 0x56, 0x73, 0x45, 0xB7, 0x19, 0x66, 0xC4, 0xA8, 0xEA, 0x52, 0x67, 0x24, 0x29, 0x2F, 0x38,
    0x97, 0x9F, 0xED, 0xE3, 0xAD, 0x8B, 0x9C, 0x0D, 0xD0, 0xD7, 0xF1, 0x64, 0x8C, 0x3D, 0x13, 0x16,
    0x0B, 0x7B, 0x15, 0x2F, 0x88, 0x6D, 0xAC, 0x24, 0x34, 0x0B, 0xF5, 0x9F, 0x1C, 0x07, 0x4C, 0xAB,
    0x70, 0x66, 0x75, 0xFE, 0x81, 0x66, 0x95, 0xFA, 0x3F, 0x42, 0x72, 0x72, 0xEC, 0x1A, 0x20, 0x12,
    0x1E, 0x01, 0x8A, 0xB0, 0x60, 0x86, 0x60, 0x32, 0x91, 0x01, 0xEF, 0x95, 0x2C, 0xDD, 0xBC, 0xE1,
    0xA0, 0xC0, 0x12, 0x62, 0xBB, 0x2B, 0x10, 0x80, 0x00, 0x9C, 0x49, 0xC1, 0x86, 0xAA, 0xC5, 0x2B,
    0xED, 0x96, 0xD5, 0x82, 0x20, 0x52, 0x93, 0x7E, 0xD9, 0x1E, 0x47, 0x9E, 0x57, 0xB4, 0xB8, 0x40,
    0x1C, 0x21, 0x76, 0xD0, 0x38, 0x42, 0xAE, 0x01, 0x03, 0x76, 0xC2, 0x4E, 0x06, 0x47, 0x76, 0x9C,
    0xDE, 0x2E, 0xA5, 0x40, 0x63, 0x07, 0xEB, 0x31, 0xAA, 0x7A, 0xF3, 0x43, 0xD7, 0x02, 0xDD, 0xBF,
    0xEE, 0xE0, 0x1E, 0x5D, 0xCF, 0x87, 0x96, 0x1D, 0xE8, 0x2B, 0x2A, 0x7A, 0x47, 0x9E, 0x55, 0x6D,
    0x56, 0x75, 0xA5, 0xFA, 0xEA, 0xD5, 0xA5, 0x77, 0xD7, 0x1B, 0xB2, 0x39, 0xE1, 0xC0, 0xD2, 0x74,
    0x78, 0x80, 0xC4, 0x2C, 0x4B, 0xD7, 0xD1, 0x61, 0x5F, 0xCF, 0xD3, 0xD5, 0xE2, 0x20, 0xB0, 0xAC,
    0xA6, 0x1A, 0xEF, 0xA9, 0x98, 0xBB, 0x9C, 0x7B, 0xAA, 0x51, 0x04, 0x3C, 0xB6, 0x14, 0xCB, 0xAA,
    0x83, 0x46, 0x56, 0x68, 0xAA, 0x86, 0xFD, 0x16, 0x51, 0xE1, 0xE9, 0xC5, 0x39, 0x1F, 0xCD, 0x75,
    0x43, 0x97, 0x4F, 0x7A, 0x78, 0x8C, 0xB3, 0x21, 0x1E, 0xD3, 0x8E, 0x88, 0x83, 0xBB, 0x17, 0x8E,
    0x14, 0x15, 0x7F, 0xAB, 0xF5, 0xB9, 0xF8, 0xAC, 0xE4, 0xB7, 0xE9, 0xF4, 0xAD, 0x5E, 0xCF, 0x0B,
    0xBC, 0xC2, 0x1B, 0x06, 0xD8, 0xDC, 0x39, 0xAD, 0xBC, 0xB2, 0xF7, 0xCB, 0x9F, 0x57, 0x0D, 0x7E,
    0x85, 0xA3, 0xBC, 0xAA, 0x3E, 0x45, 0x85, 0x5F, 0x4D, 0x87, 0x09, 0xFA, 0x46, 0x42, 0xC7, 0xD4,
    0x84, 0xD2, 0x77, 0xD4, 0x4D, 0xF7, 0x59, 0x28, 0xB0, 0xB3, 0xF0, 0x57, 0x88, 0x95, 0x02, 0xEB,
    0xAA, 0xDD, 0x4A, 0x81, 0xB5, 0x82, 0x99, 0xC1, 0x12, 0x66, 0x96, 0x5D, 0x86, 0x89, 0x6A, 0xD2,
    0x2A, 0x1C, 0x62, 0x82, 0xBE, 0x35, 0x84, 0xBD, 0x35, 0xEB, 0x2C, 0x5F, 0xD0, 0x0A, 0xB1, 0x55,
    0x40, 0x95, 0x6F, 0x58, 0xF7, 0x6F, 0x85, 0x51, 0x21, 0x96, 0x30, 0x44, 0xA5, 0x20, 0x60, 0xAC,
    0x6B, 0x07, 0x13, 0x45, 0x0B, 0xD8, 0x04, 0x90, 0x54, 0xF9, 0x79, 0xCB, 0x4C, 0x10, 0x2F, 0xB0,
    0x8B, 0x6C, 0xDD, 0x6F, 0xF9, 0xCA, 0x17, 0x6B, 0xF0, 0x41, 0xE9, 0x63, 0xF0, 0x80, 0x26, 0x8E,
    0xB8, 0x07, 0x8B, 0x0B, 0x9E, 0xB5, 0x01, 0x83, 0xBC, 0xB1, 0xD0, 0x39, 0x67, 0x50, 0xA6, 0x62,
    0xA2, 0x0C, 0xFD, 0xAD, 0x2C, 0x3A, 0x75, 0xC7, 0x40, 0x08, 0x74, 0x95, 0x12, 0xD9, 0xDC, 0xED,
    0x1E, 0x7F, 0x95, 0x0E, 0x83, 0xFD, 0xB1, 0xF1, 0x25, 0x0E, 0xF0, 0xF8, 0xAB, 0x9B, 0xFA, 0x01,
    0x65, 0x65, 0x5D, 0x78, 0xA3, 0x2C, 0xA6, 0x66, 0x62, 0xFC, 0x7E, 0xA1, 0x1A, 0x34, 0x91, 0xC0,
    0x74, 0x65, 0x96, 0xB9, 0x65, 0xAD, 0xF4, 0x18, 0xA3, 0xDD, 0x4E, 0xA7, 0x7F, 0x9A, 0xCA, 0x99,
    0xFC, 0x4A, 0x36, 0x2C, 0x31, 0xD9, 0x8F, 0xB4, 0xDA, 0xF9, 0x2D, 0x8D, 0x37, 0x9E, 0x8E, 0xB3,
    0xDE, 0x71, 0x03, 0x62, 0x47, 0x30, 0xD8, 0xB8, 0xDF, 0x78, 0xA3, 0x19, 0xD4, 0x1D, 0xE9, 0x27,
    0x6D, 0x90, 0x77, 0x94, 0xCE, 0x85, 0x8B, 0x66, 0xB3, 0xAE, 0x6E, 0x1D, 0x58, 0xD8, 0x63, 0xF1,
    0xD4, 0xB0, 0x07, 0x78, 0x50, 0x83, 0x00, 0xEA, 0xEF, 0x8F, 0x6E, 0x9A, 0x8F, 0x2B, 0x82, 0x48,
    0x6A, 0xBF, 0x03, 0x09, 0xC6, 0xEC, 0xE8, 0x60, 0xAA, 0xDA, 0x6D, 0x36, 0x1C, 0x5D, 0x69, 0x1E,
    0xF6, 0xD2, 0x99, 0x46, 0x7E, 0x98, 0x4D, 0x2F, 0xCE, 0xF7, 0x67, 0xC3, 0x70, 0x2F, 0x1D, 0xEA,
    0x2B, 0x7C, 0x11, 0x82, 0x63, 0xF9, 0x0C, 0x2B, 0x7F, 0x8A, 0xA0, 0x1D, 0x86, 0xFE, 0x51, 0x6F,
    0x98, 0xA5, 0xF9, 0x74, 0x76, 0x85, 0x1A, 0xCF, 0xF7, 0xB3, 0xEB, 0xDC, 0xEC, 0xCC, 0x6D, 0x22,
    0x75, 0xA8, 0xDD, 0x34, 0xF6, 0xEF, 0xB6, 0x98, 0xE4, 0xC3, 0x96, 0x55, 0xDE, 0xB7, 0x34, 0xEB,
    0xC3, 0x97, 0x51, 0x3E, 0xB0, 0x52, 0xEB, 0x5F, 0xB6, 0xA0, 0x81, 0xCC, 0x4D, 0x39, 0xD6, 0x62,
    0x25, 0xE8, 0x09, 0x72, 0x83, 0xD6, 0x94, 0x93, 0x0F, 0xAA, 0xF1, 0x58, 0x91, 0xA5, 0x7E, 0x1A,
    0x0B, 0x57, 0x33, 0xA8, 0x5B, 0x3F, 0xAD, 0xD0, 0xC4, 0x81, 0x6A, 0xC1, 0x3E, 0xE6, 0x98, 0xE1,
    0x6B, 0x7A, 0xEC, 0xB7, 0x5A, 0xD5, 0x9C, 0x32, 0xD4, 0x17, 0xEB, 0x9C, 0x96, 0x61, 0x98, 0xF7,
    0xAE, 0x27, 0x12, 0x7E, 0xFF, 0xB7, 0xEF, 0x5D, 0xBB, 0xC9, 0xE3, 0xCF, 0x56, 0xF4, 0xAE, 0x9A,
    0xB0, 0x6B, 0xFB, 0x92, 0x88, 0x29, 0x1C, 0xBE, 0x8A, 0x27, 0xDD, 0x24, 0x60, 0xA2, 0x4D, 0x0A,
    0x72, 0x6B, 0x1A, 0x7F, 0xAB, 0xF7, 0xFC, 0xF2, 0x71, 0x22, 0xB9, 0x3F, 0x3D, 0x24, 0xA7, 0xAA,
    0x41, 0xAD, 0xAE, 0x3C, 0xD1, 0x8F, 0x20, 0x1C, 0xE3, 0x91, 0xE6, 0x76, 0xE6, 0xBF, 0xE1, 0x14,
    0x4C, 0xD1, 0xC4, 0x7B, 0x23, 0x9B, 0xAC, 0x7C, 0xC7, 0x12, 0xEE, 0x68, 0x58, 0x69, 0xB1, 0xAD,
    0x3C, 0x29, 0xEF, 0xA8, 0xBD, 0x35, 0xB1, 0x7B, 0x70, 0xFE, 0xD1, 0xE6, 0xAA, 0x84, 0xF3, 0x35,
    0x5A, 0xEF, 0x27, 0xFC, 0xF0, 0x75, 0x98, 0xF7, 0xAF, 0x35, 0xFB, 0x97, 0x29, 0x43, 0x37, 0x39,
    0x3F, 0x9C, 0x7A, 0x9E, 0xF3, 0x52, 0x1C, 0x76, 0x37, 0x89, 0xE4, 0x0F, 0x20, 0xAE, 0xE8, 0x47,
    0xC7, 0x81, 0x8A, 0x21, 0x0E, 0x15, 0x97, 0xBC, 0xA4, 0x1F, 0x2F, 0x6E, 0xA1, 0x42, 0x89, 0x50,
    0x87, 0x67, 0x9D, 0xE3, 0xAD, 0xD3, 0x8D, 0x65, 0x16, 0x19, 0x26, 0x42, 0xD0, 0x00, 0xAB, 0x4C,
    0xBB, 0x95, 0x22, 0x06, 0x2B, 0x4D, 0x0A, 0x35, 0xB9, 0x7F, 0x70, 0xF9, 0xD1, 0xF7, 0x57, 0x61,
    0xF9, 0x80, 0x75, 0x6C, 0x4C, 0x6D, 0x1D, 0x68, 0x1A, 0xAD, 0x2C, 0x8B, 0xBC, 0x64, 0x72, 0x77,
    0x25, 0x96, 0x1F, 0xD8, 0x8C, 0x3E, 0x5E, 0xA3, 0xF1, 0x6D, 0xBF, 0xB0, 0x13, 0xFD, 0x95, 0xBC,
    0x11, 0xED, 0x3F, 0x29, 0x89, 0x76, 0xE3, 0xC5, 0x93, 0x85, 0x89, 0x0F, 0x4F, 0xA6, 0xC6, 0xF2,
    0xD2, 0xBB, 0xD3, 0x18, 0xAA, 0x41, 0xAD, 0x3F, 0x81, 0xAC, 0xC1, 0x1B, 0x85, 0xA1, 0x28, 0x8A,
    0x38, 0x8E, 0xEB, 0x6E, 0x44, 0x0B, 0xF2, 0x1A, 0xFE, 0x7C, 0x0D, 0x3E, 0xAD, 0x2C, 0xC3, 0x4C,
    0x95, 0xCF, 0x38, 0x42, 0x8D, 0xC8, 0xBB, 0x27, 0xFD, 0x8B, 0x51, 0xA6, 0x72, 0x9C, 0xE1, 0x15,
    0x16, 0x6A, 0x5D, 0x6E, 0x8B, 0xFD, 0xE4, 0xBF, 0x77, 0x9D, 0x73, 0xA2, 0x69, 0xC1, 0xD0, 0xB7,
    0xD6, 0xB2, 0x1E, 0xFA, 0xD6, 0x78, 0x86, 0xC3, 0xB0, 0xD2, 0x3E, 0xC6, 0x95, 0xF6, 0xA1, 0xB0,
    0x3B, 0xD7, 0x3E, 0x7C, 0x28, 0xA8, 0x70, 0x2B, 0x0E, 0x46, 0x12, 0xB8, 0xAD, 0x86, 0x74, 0x64,
    0xE1, 0xD2, 0xEE, 0x48, 0xD5, 0x57, 0x49, 0x44, 0xED, 0x4A, 0x22, 0xA2, 0xC0, 0x20, 0x84, 0x06,
    0xD4, 0x23, 0xB3, 0x9D, 0xF9, 0xE3, 0xA2, 0xFC, 0x16, 0x1D, 0x96, 0x86, 0xA3, 0xF8, 0x86, 0x01,
    0xBD, 0x63, 0x8B, 0x0F, 0x0D, 0xD7, 0xFE, 0x6D, 0x5B, 0xFC, 0xC2, 0xE0, 0xD8, 0x35, 0x7C, 0xB4,
    0x30, 0x38, 0x16, 0xA5, 0xC1, 0x26, 0xD8, 0x1B, 0x65, 0xE1, 0x15, 0x9E, 0xEB, 0xBC, 0x34, 0x4C,
    0x5D, 0x8D, 0x33, 0x06, 0xD8, 0xD3, 0x44, 0x04, 0x6F, 0xCF, 0x21, 0xA2, 0x6A, 0x85, 0xE4, 0x60,
    0xE1, 0x7A, 0xD0, 0x3B, 0xBF, 0x8C, 0x31, 0x33, 0xEF, 0x44, 0xB1, 0x27, 0x0E, 0x8D, 0x53, 0x49,
    0x85, 0x0A, 0x6F, 0x4E, 0x85, 0x15, 0x28, 0xE4, 0x5D, 0x42, 0x0E, 0x84, 0xAC, 0xD2, 0x1F, 0x88,
    0x1B, 0x55, 0xEB, 0x76, 0xCC, 0x7C, 0xD8, 0xBE, 0x1D, 0xB0, 0x97, 0x9A, 0x50, 0xA0, 0x85, 0x50,
    0xB6, 0xAC, 0xAA, 0x16, 0xBC, 0x73, 0x41, 0x5F, 0xF9, 0x8E, 0x5C, 0x68, 0x81, 0xB1, 0xCF, 0x87,
    0xAA, 0x1A, 0xD4, 0xD1, 0x94, 0xEF, 0x3D, 0xFB, 0x47, 0xE7, 0x7F, 0x77, 0x72, 0x42, 0x54, 0x7B,
    0x0A, 0xC7, 0xA9, 0xDD, 0xC5, 0x49, 0x8D, 0xFB, 0x2F, 0xDC, 0xF8, 0x99, 0x4C, 0x3B, 0x87, 0xED,
    0xBD, 0x02, 0x17, 0xA0, 0x5A, 0x7A, 0x31, 0xBD, 0xCD, 0xD1, 0xBA, 0x1A, 0xFC, 0x34, 0x88, 0x2A,
    0xFB, 0x7B, 0xB5, 0x66, 0x60, 0x18, 0x70, 0xA9, 0x41, 0xE5, 0xBD, 0x38, 0xEF, 0xCD, 0x0D, 0x84,
    0xB5, 0xC9, 0xA5, 0x3F, 0xD6, 0xD8, 0x93, 0xD8, 0x33, 0xD3, 0xCC, 0x53, 0xC8, 0x74, 0x3E, 0x04,
    0xC5, 0x6E, 0x9D, 0xE5, 0x9B, 0x4A, 0x9F, 0x1D, 0xB6, 0xAA, 0x00, 0x27, 0x33, 0x98, 0xA8, 0xCC,
    0x8D, 0xD3, 0x17, 0xF1, 0xF8, 0x6C, 0x7B, 0x6C, 0xFC, 0x53, 0xE5, 0x55, 0x11, 0x69, 0x12, 0xD3,
    0xA4, 0xC8, 0x7B, 0xAD, 0x12, 0xD1, 0x04, 0x99, 0x2C, 0xA8, 0x08, 0x48, 0x19, 0x5B, 0x22, 0xA2,
    0x4D, 0xA8, 0xBC, 0x89, 0x55, 0xDF, 0x82, 0x7C, 0x58, 0x66, 0x5F, 0xA5, 0x80, 0x3B, 0xD5, 0x93,
    0x1F, 0x65, 0xE1, 0x39, 0x3F, 0xC6, 0x3D, 0x33, 0xC5, 0x14, 0x7B, 0xCA, 0x53, 0x7B, 0x93, 0x09,
    0x9E, 0x22, 0xE0, 0xD0, 0xFC, 0x60, 0x6A, 0xCB, 0xBD, 0x38, 0xB1, 0x57, 0xA8, 0x3F, 0x31, 0x08,
    0xF5, 0x52, 0x0B, 0xC9, 0x12, 0x80, 0xDA, 0x2C, 0xFB, 0x19, 0xD0, 0x2B, 0xC4, 0xEC, 0x1B, 0x15,
    0x12, 0x15, 0x3A, 0x32, 0x00, 0xA8, 0x1C, 0x93, 0xD7, 0x00, 0xD8, 0x60, 0x54, 0xC4, 0x1E, 0x2D,
    0x0C, 0x9E, 0x0C, 0x12, 0x40, 0x44, 0xF8, 0x38, 0x3B, 0xDC, 0x04, 0x32, 0xF4, 0x4A, 0x46, 0x13,
    0x8F, 0x7B, 0xC1, 0x54, 0x3C, 0xAD, 0x73, 0x1F, 0xF1, 0x24, 0x1D, 0xC9, 0x32, 0xE2, 0x81, 0xBD,
    0x24, 0x00, 0x6C, 0x37, 0xE7, 0xC8, 0x73, 0xFC, 0x6A, 0x60, 0x3F, 0x2D, 0x26, 0x49, 0xBD, 0x3C,
    0x01, 0x1E, 0x51, 0x32, 0x2A, 0x8A, 0x80, 0x95, 0x44, 0xEB, 0xDB, 0xD6, 0x3C, 0xCA, 0xB5, 0xCD,
    0xE3, 0xCA, 0x4C, 0x35, 0x96, 0x7D, 0x03, 0xF3, 0x42, 0x7F, 0x46, 0x35, 0x1F, 0x58, 0xB3, 0x83,
    0x63, 0x4F, 0xCF, 0x91, 0xE5, 0xE9, 0x82, 0x7C, 0xFC, 0xF4, 0x5F, 0x33, 0x85, 0x36, 0xD7, 0x67,
    0x7D, 0x1D, 0xF6, 0x0B, 0x6B, 0x06, 0xB4, 0x35, 0x91, 0x10, 0x7B, 0xB5, 0x8F, 0x95, 0x8A, 0xF1,
    0xB2, 0x8C, 0x60, 0xEB, 0xFC, 0x9F, 0x1F, 0x3D, 0x66, 0x83, 0xA9, 0xB1, 0xA6, 0x3F, 0xC3, 0xBB,
    0xF3, 0x5A, 0xAA, 0xC1, 0x63, 0x88, 0x61, 0x9A, 0xA4, 0x8E, 0xA9, 0xBA, 0xAF, 0x0A, 0xAE, 0xAF,
    0x70, 0x84, 0x07, 0x06, 0xDA, 0xFA, 0x77, 0xFA, 0x2A, 0x67, 0x10, 0x94, 0x45, 0xE6, 0xA9, 0xE1,
    0x63, 0x5D, 0x7F, 0xD3, 0x31, 0xA0, 0x04, 0xE9, 0x5B, 0x83, 0xA5, 0x0E, 0x07, 0x87, 0x7B, 0xA9,
    0x5B, 0x5A, 0x2B, 0xB1, 0x8C, 0x23, 0x1E, 0xB1, 0xC1, 0x44, 0x47, 0x35, 0x7A, 0x65, 0xC2, 0x41,
    0x7F, 0xA4, 0x5A, 0x0D, 0x06, 0xE2, 0x3F, 0xC1, 0xD7, 0xAD, 0x9E, 0x08, 0x86, 0x6A, 0x10, 0xF1,
    0x60, 0x03, 0xEE, 0x4E, 0x20, 0xD5, 0x88, 0x6D, 0x6B, 0x5A, 0xA6, 0xA7, 0xB0, 0xFE, 0x80, 0xBC,
    0xC6, 0x1C, 0xB9, 0x74, 0x49, 0x7E, 0x09, 0x91, 0x55, 0xA7, 0xCA, 0xD4, 0xA4, 0xA0, 0xF5, 0x87,
    0x0A, 0xE3, 0x82, 0xAC, 0xCD, 0x57, 0xBD, 0xDF, 0x5D, 0x49, 0x6C, 0x91, 0x39, 0xE2, 0xB7, 0x40,
    0x16, 0x51, 0x68, 0xAA, 0x90, 0x4D, 0xCE, 0xEE, 0x7E, 0x1A, 0x80, 0x35, 0x19, 0x12, 0xF8, 0x40,
    0x4C, 0x31, 0x03, 0x79, 0x0F, 0x26, 0x1A, 0xF9, 0xE2, 0x13, 0xEB, 0x60, 0xE7, 0x68, 0xF2, 0xF2,
    0x21, 0xEF, 0xD9, 0x41, 0x71, 0x46, 0x0F, 0x0A, 0xFE, 0x22, 0xBA, 0xEB, 0x3D, 0xFB, 0x61, 0x3B,
    0x97, 0x00, 0x44, 0xA0, 0x1C, 0xE9, 0x24, 0xF7, 0x6C, 0x75, 0x60, 0x6D, 0x62, 0x49, 0x13, 0x60,
    0xEE, 0xC5, 0xF8, 0xAD, 0xF3, 0xDA, 0x29, 0x1C, 0xF9, 0x60, 0x3D, 0xD5, 0x08, 0x79, 0xB9, 0xDB,
    0x5D, 0xEA, 0xF4, 0x57, 0x2D, 0x83, 0xA8, 0x59, 0x4C, 0xE4, 0x61, 0x4C, 0x24, 0xA9, 0x53, 0x52,
    0xBB, 0x0F, 0x13, 0x05, 0xF6, 0xC1, 0x65, 0x72, 0x64, 0x70, 0x6F, 0x99, 0xAA, 0x1A, 0x4F, 0x3E,
    0x87, 0x4B, 0xD0, 0xA0, 0x3E, 0xA0, 0xC6, 0x6B, 0x63, 0x1D, 0x12, 0x71, 0xB7, 0xC6, 0xEF, 0xAA,
    0x31, 0x2B, 0x6B, 0x7C, 0xA1, 0xCF, 0x2C, 0xAF, 0xF1, 0xE5, 0xCE, 0x0D, 0xE0, 0x88, 0x98, 0xC2,
    0x67, 0xCB, 0x14, 0x89, 0x88, 0x81, 0x5A, 0x03, 0x8F, 0xC8, 0x8D, 0xFB, 0x94, 0x10, 0x06, 0xEA,
    0x9E, 0x6D, 0x21, 0xAA, 0x25, 0x4A, 0xF7, 0xA4, 0xB2, 0xDB, 0x28, 0x2C, 0x5F, 0xC1, 0x0D, 0x50,
    0xA3, 0x20, 0x64, 0x83, 0x8D, 0xCF, 0xEF, 0x29, 0x2D, 0x30, 0x90, 0xEB, 0x76, 0x58, 0x59, 0xBE,
    0xE7, 0x44, 0xD5, 0xA1, 0xE4, 0x4A, 0x04, 0x35, 0x47, 0xB8, 0xAB, 0x10, 0xC4, 0xEC, 0x81, 0x12,
    0x04, 0x8E, 0x58, 0x51, 0x82, 0xED, 0xAE, 0x7A, 0x4D, 0x1D, 0xC5, 0xBD, 0xA9, 0xB1, 0xE1, 0x85,
    0xF5, 0xFC, 0xC9, 0x0D, 0x9E, 0x5B, 0xB6, 0x6F, 0x9F, 0xBD, 0xBE, 0xDE, 0x4A, 0x2A, 0xC7, 0x49,
    0xA1, 0xFC, 0xBE, 0xD9, 0x4B, 0x6D, 0x28, 0xA6, 0x6E, 0xE9, 0xF3, 0xEB, 0x8B, 0xE6, 0xAA, 0x7D,
    0x6F, 0xA0, 0x46, 0x93, 0xE8, 0xD1, 0x8A, 0x0D, 0x37, 0xE6, 0xED, 0xB5, 0x7F, 0xF6, 0xF9, 0x76,
    0xB6, 0x58, 0x0B, 0xAB, 0xF2, 0xB3, 0x2F, 0x16, 0x0F, 0x37, 0x8A, 0xB1, 0x8B, 0xCD, 0xC5, 0x14,
    0xA2, 0xBD, 0xFD, 0x90, 0x3D, 0x67, 0xEC, 0xE1, 0x24, 0xCB, 0xF4, 0x0D, 0x9B, 0xE1, 0x47, 0x50,
    0xBD, 0xFF, 0xA0, 0xB5, 0x18, 0x73, 0x72, 0x59, 0x86, 0xA9, 0x84, 0x7A, 0x79, 0x44, 0x1F, 0xBE,
    0xC3, 0xCD, 0x9C, 0x12, 0x68, 0xD5, 0x0E, 0xF7, 0x60, 0x54, 0x10, 0xC1, 0xE6, 0x6F, 0x83, 0xD1,
    0x92, 0xC6, 0x6A, 0x8C, 0x16, 0xE7, 0x6F, 0x87, 0x71, 0x55, 0x19, 0xA9, 0x62, 0x6A, 0x5D, 0x7E,
    0x38, 0x3E, 0xEF, 0x54, 0xFF, 0x30, 0x89, 0xDE, 0xD0, 0xCE, 0x57, 0x79, 0x4F, 0x61, 0x65, 0x12,
    0xAF, 0x68, 0x67, 0x35, 0x9E, 0xE5, 0x6D, 0x6A, 0x37, 0x0B, 0xB8, 0xBF, 0x65, 0x2B, 0x87, 0xE7,
    0x33, 0xA7, 0xF7, 0xF0, 0xE2, 0x2D, 0xBB, 0x89, 0xCF, 0x99, 0x1B, 0x61, 0xAF, 0xC0, 0xDE, 0xAB,
    0xB8, 0x92, 0x3D, 0x17, 0x1B, 0x66, 0xAE, 0x55, 0x06, 0x2C, 0xF2, 0xE2, 0x43, 0xB0, 0xD4, 0x20,
    0x22, 0x2F, 0xD6, 0x97, 0x63, 0xB1, 0x25, 0xFE, 0xB0, 0xB2, 0x30, 0x88, 0x9D, 0xB3, 0x7B, 0xB0,
    0x54, 0xFB, 0x22, 0x5D, 0x02, 0x7B, 0x18, 0xCB, 0x7A, 0xA2, 0xD7, 0x2E, 0x61, 0x39, 0x96, 0x3B,
    0x0B, 0xDA, 0x56, 0xD4, 0xF2, 0x8A, 0x85, 0x6D, 0x56, 0x11, 0x84, 0x64, 0xD5, 0x7A, 0x9B, 0xBA,
    0x95, 0x1F, 0x9F, 0xDE, 0x5D, 0xC4, 0x68, 0xC5, 0x1E, 0x3B, 0x14, 0x40, 0x0B, 0xC4, 0xDA, 0xCA,
    0x15, 0x4C, 0x1E, 0x59, 0xBE, 0x81, 0x8C, 0x65, 0xBE, 0x5E, 0xBD, 0xFE, 0x1D, 0x31, 0x4C, 0xFB,
    0xD6, 0xC7, 0xE9, 0x1D, 0x97, 0xA7, 0xA2, 0xC0, 0x11, 0x0A, 0x84, 0x08, 0x68, 0x52, 0x27, 0x2F,
    0x6A, 0xED, 0x12, 0xE1, 0xE0, 0x3C, 0x98, 0xDC, 0xD8, 0x00, 0x27, 0xD8, 0xD3, 0x8F, 0xE7, 0x96,
    0xC1, 0x0F, 0xC0, 0x11, 0x80, 0xA4, 0xF7, 0xE1, 0x60, 0xE0, 0xC3, 0x7A, 0x7D, 0xE3, 0x41, 0x1C,
    0x1E, 0x14, 0xF7, 0x96, 0xC3, 0xB5, 0xBC, 0xB5, 0x0E, 0x0F, 0xE2, 0x78, 0x72, 0xA0, 0xD9, 0x25,
    0x2C, 0xC5, 0xF1, 0x41, 0x8B, 0x0C, 0xEB, 0x10, 0x83, 0x84, 0xE4, 0xDE, 0xC5, 0x86, 0xD6, 0x18,
    0x1B, 0x39, 0xC0, 0xC0, 0x05, 0xEF, 0xC1, 0x7D, 0xA6, 0x6A, 0xA0, 0x48, 0xB2, 0x7A, 0x47, 0x9E,
    0xD5, 0xB3, 0x1B, 0x00, 0x14, 0xEC, 0xE3, 0xF7, 0xEF, 0x71, 0xED, 0x99, 0xCC, 0x86, 0x2F, 0xE3,
    0xCF, 0xAC, 0x64, 0xBC, 0xF6, 0x60, 0x61, 0x18, 0xC4, 0x0F, 0x6D, 0x0F, 0xB4, 0xD8, 0x8F, 0xEE,
    0xA1, 0xAF, 0x12, 0x86, 0x3D, 0x60, 0xA2, 0x31, 0x88, 0xD5, 0x1F, 0x96, 0x60, 0xEC, 0x25, 0x01,
    0x9C, 0x83, 0x01, 0xB8, 0x7D, 0x0B, 0xB8, 0x1A, 0xC4, 0xEF, 0xBD, 0x4E, 0xB7, 0xC4, 0x27, 0xAF,
    0xB3, 0x9D, 0x84, 0xE3, 0xA5, 0xFC, 0xFC, 0x65, 0xFA, 0x52, 0xFE, 0xDE, 0x8B, 0xF4, 0xD9, 0xD9,
    0xEE, 0xCF, 0xB3, 0x18, 0x3E, 0x39, 0xF9, 0xD5, 0x65, 0xB6, 0xBB, 0xF5, 0x12, 0x76, 0xF6, 0xAF,
    0xCF, 0x2F, 0x77, 0x77, 0xBE, 0x86, 0xCF, 0x9F, 0xA4, 0x7B, 0x67, 0xFB, 0x2F, 0xC6, 0x7F, 0x09,
    0xEB, 0xF4, 0x60, 0x64, 0x10, 0x27, 0x95, 0x6A, 0x24, 0x37, 0xA1, 0x0A, 0xC0, 0x2A, 0x00, 0x11,
    0xF5, 0x3C, 0x74, 0xA3, 0xD5, 0x36, 0xA6, 0xDD, 0xDA, 0x20, 0xBD, 0x10, 0x7F, 0x59, 0xED, 0xFA,
    0xFB, 0xD4, 0xFA, 0xAB, 0xFC, 0xF3, 0xE3, 0xA7, 0xA7, 0xC1, 0x5E, 0xE6, 0xED, 0x0F, 0x5E, 0x3C,
    0x3D, 0xA8, 0x82, 0x6B, 0x1F, 0x81, 0x7F, 0x20, 0xA8, 0x92, 0xE4, 0x65, 0x04, 0x69, 0x0D, 0x9E,
    0x9D, 0x01, 0x4D, 0xC1, 0x99, 0x25, 0xF0, 0x78, 0x4C, 0x61, 0x67, 0x2C, 0x9F, 0x5D, 0x6B, 0x77,
    0x77, 0x97, 0xD6, 0x7E, 0xD5, 0xEF, 0xEE, 0x46, 0xA3, 0x6B, 0x1D, 0x35, 0x1A, 0x40, 0xD6, 0x6C,
    0x3A, 0x9B, 0x10, 0xCA, 0x94, 0x60, 0x93, 0xDA, 0xB4, 0x36, 0xB1, 0x4D, 0x5D, 0x25, 0xB7, 0xE9,
    0xD7, 0x4A, 0x04, 0x69, 0x89, 0xA1, 0x42, 0xF1, 0x45, 0x89, 0xE3, 0xAA, 0x44, 0xF2, 0x93, 0x12,
    0x4B, 0x85, 0xA6, 0x5D, 0xE2, 0x59, 0x83, 0x2F, 0x2F, 0x2F, 0xE5, 0x8F, 0x8E, 0x2F, 0x4B, 0x1F,
    0xF5, 0x5F, 0x9C, 0x45, 0x3F, 0xFA, 0x9F, 0xD2, 0xF0, 0x05, 0xAF, 0x5D, 0x3E, 0x7B, 0x3D, 0xFE,
    0xC5, 0x00, 0xCA, 0x2A, 0x88, 0xC6, 0xCF, 0x2E, 0xB7, 0xCE, 0x4A, 0x9F, 0xF5, 0x8D, 0xF1, 0xF7,
    0x86, 0xE5, 0xAB, 0x97, 0x79, 0xFD, 0xF2, 0xF9, 0xEB, 0xCF, 0x93, 0x1A, 0xEB, 0x3E, 0x3F, 0x1B,
    0x27, 0x8C, 0xB1, 0x5E, 0xB7, 0x63, 0xF5, 0x70, 0x9A, 0xC4, 0xAD, 0xC0, 0x63, 0xCC, 0xEE, 0x1B,
    0x4D, 0x80, 0x41, 0xFB, 0x00, 0x0F, 0x32, 0x86, 0xDB, 0xB8, 0x6F, 0xB8, 0xDE, 0x96, 0x28, 0xAE,
    0x93, 0x18, 0x9A, 0x10, 0xDD, 0xF2, 0xDA, 0x31, 0xDB, 0x83, 0xAF, 0xFF, 0xF1, 0x7B, 0xF6, 0xF6,
    0x69, 0x35, 0xC7, 0xBB, 0x8D, 0xDE, 0xD6, 0x20, 0x6E, 0xBF, 0xD9, 0xD7, 0xD8, 0xCA, 0x2B, 0x58,
    0x02, 0x34, 0xC9, 0x09, 0x8E, 0x51, 0x85, 0x8A, 0x69, 0x86, 0x43, 0xBC, 0x12, 0xAE, 0x03, 0x32,
    0xAE, 0x31, 0x72, 0x20, 0x8B, 0x86, 0x3F, 0xD8, 0xFB, 0x25, 0x81, 0x10, 0x34, 0x51, 0xD6, 0x0A,
    0xB8, 0xE9, 0x37, 0x5A, 0x33, 0x44, 0x3C, 0x6A, 0xD4, 0x9B, 0xED, 0xEB, 0x99, 0x82, 0xC7, 0x20,
    0x49, 0x52, 0xBB, 0x73, 0xA1, 0x50, 0x83, 0xC5, 0x46, 0xB1, 0x37, 0xD7, 0xF9, 0xAE, 0xB0, 0x4F,
    0x6E, 0xAE, 0x0C, 0x24, 0xEF, 0x4E, 0xD0, 0x9F, 0xE2, 0x57, 0xE8, 0x4D, 0x64, 0x40, 0x44, 0xC1,
    0x88, 0x6C, 0xB0, 0xA4, 0xF0, 0xEC, 0x0A, 0x9D, 0x24, 0x2A, 0x0B, 0xB9, 0x6E, 0x85, 0x63, 0x2B,
    0x02, 0xAB, 0x47, 0xF0, 0x19, 0x23, 0xFE, 0xF8, 0xC2, 0xBA, 0x15, 0x7B, 0x31, 0x0B, 0xD8, 0x21,
    0xEB, 0xB1, 0x6E, 0xB7, 0xD3, 0x3F, 0x18, 0x89, 0xE6, 0x67, 0x9B, 0x51, 0xD0, 0xF2, 0x6A, 0xEC,
    0x11, 0x40, 0x54, 0x8F, 0x79, 0xC0, 0xCF, 0x39, 0x06, 0xD6, 0x1D, 0x73, 0x5B, 0x36, 0x54, 0x23,
    0x0E, 0x6A, 0x9E, 0xCB, 0x3E, 0x22, 0xB4, 0x53, 0xB9, 0x63, 0x3E, 0x05, 0xE0, 0x88, 0x99, 0xAA,
    0x5B, 0xD3, 0x11, 0xA9, 0xF6, 0x19, 0xAD, 0x79, 0x6B, 0x95, 0x4B, 0x23, 0xB7, 0xB2, 0x24, 0xF2,
    0xEC, 0x57, 0xD3, 0xAF, 0x23, 0xD7, 0xB1, 0x66, 0x3D, 0xFF, 0x22, 0xC7, 0xFC, 0x1A, 0xF9, 0xAF,
    0x30, 0x1C, 0x28, 0x53, 0x46, 0xD9, 0xB9, 0xFC, 0x6A, 0xF8, 0x8B, 0xDC, 0x60, 0x4F, 0xDC, 0xDE,
    0xA9, 0x7B, 0xF7, 0x58, 0x02, 0xEC, 0xBC, 0x9C, 0xBE, 0x94, 0x6F, 0xAA, 0x10, 0x56, 0xC1, 0x06,
    0x64, 0x78, 0x85, 0xDA, 0xD7, 0x70, 0x0B, 0xCB, 0x47, 0xCE, 0x4F, 0x2F, 0xAE, 0x75, 0x1B, 0xFF,
    0xA6, 0xEF, 0x94, 0xD4, 0x09, 0xCF, 0x92, 0xB4, 0xD3, 0x7B, 0xE1, 0xD5, 0x36, 0x2A, 0xF5, 0xD7,
    0x85, 0x7A, 0xF4, 0x7C, 0xD2, 0x4F, 0xE9, 0x8B, 0x8F, 0xEA, 0xB0, 0xE1, 0x14, 0x0C, 0x4F, 0x90,
    0x14, 0x4E, 0xF2, 0x26, 0x3F, 0x4A, 0x74, 0x38, 0x36, 0x3C, 0x47, 0x3E, 0xB5, 0xFC, 0x8C, 0xC2,
    0x8F, 0x7E, 0xF6, 0xE9, 0xCB, 0xE9, 0xD7, 0xE9, 0xCF, 0x07, 0xF5, 0xCB, 0x67, 0x83, 0x9D, 0x17,
    0x5B, 0x2F, 0x9F, 0x27, 0x1E, 0x1B, 0x5C, 0x9D, 0x4D, 0x5F, 0xA7, 0xCF, 0x4C, 0x08, 0xE0, 0x23,
    0x6A, 0x4A, 0x4E, 0x95, 0x0E, 0x9F, 0x0C, 0xAE, 0x0C, 0x85, 0xB6, 0x31, 0x1A, 0xD3, 0x14, 0xDB,
    0xE0, 0xF9, 0x47, 0x59, 0x3A, 0xFB, 0x79, 0xB5, 0x83, 0x28, 0x47, 0xCE, 0xDC, 0x5A, 0xAD, 0x1E,
    0x7B, 0xE1, 0x51, 0x36, 0x9D, 0x5E, 0x57, 0x81, 0xE5, 0xBD, 0xD9, 0x9D, 0x5D, 0x9F, 0x9B, 0x06,
    0x00, 0xD4, 0xEB, 0x88, 0xF5, 0x3A, 0x20, 0x9A, 0x0A, 0xC8, 0xCF, 0x4B, 0x72, 0x1E, 0xBF, 0x6C,
    0x92, 0xF2, 0x92, 0xEE, 0xBF, 0x14, 0xAF, 0x0D, 0x66, 0x25, 0xBC, 0x93, 0xF5, 0x62, 0x67, 0xD1,
    0x7B, 0x36, 0x2D, 0xFD, 0xFF, 0xA0, 0x50, 0x41, 0x9B, 0x73, 0x44, 0x0E, 0xB5, 0xEA, 0xA7, 0x01,
    0xB5, 0xF0, 0xE8, 0x1C, 0xF7, 0x8B, 0x02, 0xBE, 0xD8, 0x3A, 0xEA, 0xF6, 0xC7, 0xB3, 0xD7, 0x2D,
    0xF3, 0x27, 0x88, 0x65, 0xB6, 0x81, 0x94, 0x7A, 0xFE, 0x01, 0x52, 0x5E, 0x1A, 0x5D, 0x68, 0x73,
    0x89, 0x88, 0xF2, 0x57, 0x43, 0x83, 0x97, 0xD9, 0xA5, 0xC9, 0x2E, 0xD5, 0xE2, 0xFB, 0xB4, 0xB1,
    0xC5, 0x34, 0x52, 0xCA, 0xA0, 0xFD, 0x93, 0x76, 0xC8, 0xDB, 0xB0, 0x93, 0xBD, 0x7A, 0x3E, 0x38,
    0x04, 0x96, 0xF0, 0x03, 0xEC, 0x0C, 0xA9, 0xEB, 0xF2, 0xD7, 0xF8, 0x0B, 0xDC, 0x4F, 0xB0, 0x40,
    0x85, 0xB2, 0x0E, 0x76, 0x21, 0x03, 0x42, 0x09, 0xCE, 0x5F, 0xB3, 0x66, 0x19, 0xA7, 0x8B, 0x47,
    0x5F, 0x1E, 0x9F, 0xEC, 0x37, 0x7F, 0x7D, 0xF0, 0xEF, 0xC9, 0xFF, 0x46, 0xFF, 0x9F, 0xE1, 0xF4,
    0xE2, 0x4B, 0xDF, 0xF8, 0x85, 0x2F, 0xFF, 0x0C, 0xFE, 0x8F, 0xB7, 0x0E, 0xD9, 0x43, 0x72, 0x08,
    0xCF, 0xF4, 0x4E, 0x91, 0x4E, 0x32, 0xF2, 0x3A, 0x9D, 0xDD, 0x4C, 0xE3, 0xFB, 0x57, 0x6F, 0x1C,
    0x54, 0x28, 0x86, 0xE5, 0x03, 0xC4, 0x54, 0xF1, 0x44, 0xD1, 0xE4, 0xCD, 0x56, 0xB8, 0x1F, 0x23,
    0x2B, 0x02, 0x62, 0x7C, 0x75, 0xB3, 0x15, 0xAE, 0xAD, 0xA6, 0x67, 0xE8, 0x63, 0x86, 0xF9, 0xD1,
    0xFE, 0xD0, 0x4F, 0x7B, 0xD3, 0xC1, 0x6C, 0x7C, 0x3D, 0x31, 0x05, 0x6A, 0x6E, 0x82, 0xC8, 0xCA,
    0xFC, 0xEB, 0x2D, 0xAF, 0xE5, 0xB5, 0x3D, 0x5E, 0x1E, 0x58, 0xC2, 0xFE, 0xB9, 0xBD, 0xC6, 0x26,
    0x6E, 0x97, 0x47, 0x23, 0x6E, 0xB4, 0x81, 0x69, 0xC0, 0x71, 0x0F, 0xEB, 0x0A, 0xB3, 0xF9, 0x5E,
    0x2A, 0x71, 0xF9, 0x68, 0xEA, 0xD8, 0xEF, 0x41, 0x5D, 0x91, 0x1E, 0x34, 0x14, 0x41, 0xF0, 0x01,
    0xA0, 0x0D, 0x0E, 0x26, 0x04, 0x13, 0x8A, 0x76, 0x50, 0xF3, 0x3C, 0x1E, 0x6C, 0x63, 0x3C, 0x7B,
    0x81, 0xD9, 0x01, 0x0E, 0xA7, 0xE8, 0xE7, 0x87, 0x0C, 0xBD, 0xE7, 0x66, 0x3B, 0xD7, 0x65, 0xF0,
    0x9E, 0x06, 0x90, 0xCD, 0xCD, 0xAD, 0x4E, 0xFF, 0xB5, 0xE7, 0x4D, 0x54, 0xDA, 0x1B, 0xF0, 0x4A,
    0x0D, 0x3B, 0x79, 0x89, 0x16, 0x06, 0xD3, 0x22, 0x3C, 0x3A, 0x28, 0x34, 0xED, 0xCB, 0x86, 0xEF,
    0x48, 0x85, 0x7D, 0x9C, 0xE1, 0xB5, 0xF1, 0x71, 0xD7, 0xFE, 0xA2, 0xC1, 0xF2, 0xA6, 0x84, 0x0B,
    0x94, 0xAB, 0xF7, 0x31, 0x03, 0x8A, 0xBE, 0xE6, 0xCA, 0x91, 0xBE, 0xC4, 0xAE, 0xF1, 0xBE, 0xAF,
    0xA8, 0x09, 0x8B, 0xC0, 0x41, 0x56, 0x30, 0xF0, 0xBE, 0x6F, 0xDD, 0x95, 0x0C, 0x88, 0x1A, 0xF3,
    0xEC, 0x40, 0xD3, 0xEB, 0x0C, 0x0F, 0xB2, 0x8E, 0xED, 0xB3, 0x68, 0x42, 0x64, 0x9A, 0x5E, 0x90,
    0x81, 0x1D, 0x4C, 0xE2, 0xB8, 0xF1, 0xC6, 0x3F, 0xC2, 0x4F, 0xDA, 0x44, 0x95, 0x19, 0xDA, 0x89,
    0x10, 0xFF, 0x66, 0x89, 0x15, 0x80, 0x57, 0x7D, 0x3D, 0x30, 0x04, 0x08, 0x0D, 0x80, 0x69, 0x01,
    0xC4, 0x71, 0xE0, 0x8C, 0xC6, 0x9A, 0x76, 0x8E, 0x0A, 0x8F, 0xED, 0xCB, 0x38, 0xEC, 0x9F, 0x4A,
    0x64, 0x61, 0xE7, 0x78, 0xDB, 0x78, 0x0A, 0xE3, 0xFD, 0x81, 0x6D, 0x1E, 0x6E, 0xBD, 0xA2, 0x0A,
    0x3C, 0xED, 0x90, 0xBF, 0x03, 0x60, 0x00, 0x10, 0x54, 0x3A, 0x0E, 0x58, 0x6B, 0xBF, 0x25, 0x9E,
    0x53, 0x1C, 0xE0, 0x05, 0x0E, 0x3D, 0x8E, 0x68, 0xF6, 0x54, 0xF9, 0xD8, 0xD1, 0x34, 0x61, 0xE0,
    0x81, 0x93, 0x10, 0x60, 0x70, 0x43, 0x51, 0xC3, 0xBD, 0x64, 0xEC, 0x0C, 0x66, 0xBD, 0xD2, 0x8C,
    0xFB, 0xC9, 0x0D, 0x45, 0xAD, 0xC1, 0x3A, 0xC0, 0xBB, 0x0B, 0x3C, 0x42, 0x44, 0x83, 0x7A, 0x92,
    0x23, 0x62, 0x56, 0x59, 0x50, 0xE6, 0xBB, 0xF6, 0x8F, 0x7B, 0x21, 0x96, 0x00, 0x14, 0xD1, 0x28,
    0xDA, 0x0B, 0xAB, 0x09, 0xB8, 0x65, 0x39, 0x7C, 0x4B, 0x7E, 0x46, 0xFF, 0xCD, 0xF0, 0xBD, 0x1C,
    0xAA, 0xAA, 0x39, 0x32, 0x68, 0x7F, 0x0E, 0xDE, 0x5B, 0x26, 0x10, 0xA6, 0x86, 0xA7, 0x05, 0x4F,
    0x0D, 0xCA, 0x98, 0x77, 0x55, 0x8B, 0x08, 0xCF, 0x51, 0x2C, 0x69, 0xD5, 0x69, 0xC2, 0xA9, 0x32,
    0xEC, 0xDF, 0x22, 0x53, 0x05, 0xEB, 0xC5, 0x79, 0x69, 0xE1, 0xD4, 0x7C, 0x50, 0x04, 0x50, 0x25,
    0x24, 0xAA, 0x9A, 0xB7, 0xFB, 0xE6, 0x32, 0x3F, 0x29, 0x7B, 0xEC, 0x75, 0xE6, 0x8B, 0x50, 0x59,
    0x4F, 0xCE, 0xF9, 0xDA, 0x0A, 0x9F, 0x6B, 0x9C, 0x60, 0xC7, 0x58, 0xD7, 0x1F, 0x5B, 0x19, 0x8F,
    0x92, 0x10, 0xCA, 0x5B, 0x3E, 0xB1, 0x4D, 0x84, 0x88, 0x82, 0x41, 0x50, 0xE2, 0x40, 0x0B, 0x65,
    0xBF, 0xE3, 0xF7, 0x2C, 0x56, 0xF9, 0xA1, 0xF3, 0xD7, 0x04, 0xA8, 0xAD, 0x1E, 0x68, 0x40, 0x0B,
    0x6C, 0x6C, 0x8E, 0x6F, 0x1D, 0x1F, 0x1D, 0x70, 0x80, 0x82, 0x0F, 0xDC, 0x41, 0x8A, 0x5E, 0xB6,
    0x77, 0x31, 0x3E, 0xEC, 0x6E, 0xB8, 0x6F, 0x85, 0x3F, 0x27, 0x29, 0xFF, 0xE6, 0x93, 0xDE, 0x41,
    0x25, 0x45, 0x19, 0x9B, 0x6B, 0x65, 0x04, 0x12, 0x90, 0x10, 0xA0, 0xF0, 0x26, 0xF2, 0xEF, 0x7F,
    0x3B, 0x3E, 0x4A, 0xBF, 0xCA, 0xAC, 0x3D, 0xDD, 0xD1, 0xD6, 0x9F, 0xC6, 0xBA, 0xDE, 0x25, 0xD4,
    0xAE, 0xB4, 0x96, 0x3E, 0xA8, 0x06, 0xC4, 0x2D, 0x08, 0xB0, 0x42, 0xC2, 0xD1, 0x04, 0x10, 0x78,
    0x10, 0x5B, 0x45, 0xFD, 0x40, 0x12, 0x10, 0x60, 0x23, 0xD7, 0xA0, 0xA0, 0x2A, 0x1C, 0xA1, 0x75,
    0xB6, 0xFB, 0xE2, 0x2F, 0x6F, 0xD7, 0x70, 0xFA, 0x57, 0xE7, 0x79, 0xDE, 0xD3, 0xFE, 0x7C, 0x4D,
    0x36, 0x00, 0x66, 0xA6, 0x3C, 0x35, 0x93, 0x99, 0x1B, 0x8F, 0xCF, 0x3C, 0xF9, 0x1F, 0xD7, 0x00,
    0x78, 0x8E, 0xE5, 0x49, 0x14, 0x67, 0xCF, 0xD3, 0x60, 0xB7, 0xAB, 0x7E, 0xF2, 0x11, 0x00, 0xAC,
    0x51, 0xB5, 0xDB, 0x0D, 0x9E, 0xA7, 0x2C, 0xE2, 0xA4, 0x7A, 0x0F, 0xEE, 0x9A, 0x34, 0xDE, 0xF8,
    0x2C, 0xCE, 0x98, 0xD4, 0xCC, 0x62, 0xB1, 0x54, 0xE8, 0x83, 0xD0, 0xCC, 0x91, 0x05, 0x65, 0x49,
    0x50, 0x38, 0xC3, 0xC4, 0x43, 0xCC, 0x11, 0x7D, 0x94, 0x31, 0x38, 0x12, 0x68, 0x02, 0x1E, 0x40,
    0x04, 0x0E, 0x80, 0x0B, 0x50, 0x00, 0xAD, 0x36, 0xFE, 0x8A, 0x58, 0x47, 0xF8, 0x14, 0x1A, 0x1E,
    0xB4, 0x38, 0x16, 0x88, 0x12, 0x11, 0x20, 0x06, 0x22, 0x6C, 0x64, 0x65, 0xB1, 0x3E, 0x82, 0xC7,
    0xB0, 0x6E, 0x75, 0x38, 0x60, 0x88, 0xB6, 0x3B, 0x47, 0x74, 0x83, 0xFC, 0xB9, 0x23, 0x40, 0x82,
    0x1D, 0x92, 0x6A, 0xE0, 0x02, 0x2D, 0xA3, 0xD8, 0x99, 0x74, 0x27, 0x43, 0x0B, 0xD7, 0xA2, 0x26,
    0xD7, 0xA3, 0x47, 0x8B, 0x77, 0x36, 0x5C, 0x00, 0x44, 0x73, 0x29, 0x84, 0xD4, 0xB7, 0xFB, 0x67,
    0xC1, 0x0E, 0x1E, 0xE9, 0xAA, 0x5E, 0x36, 0x40, 0xBC, 0xC1, 0xD2, 0x85, 0xCF, 0x93, 0x67, 0xC2,
    0xC3, 0x0A, 0x44, 0x99, 0x46, 0xC0, 0x67, 0x00, 0x38, 0x42, 0xBB, 0xB8, 0x0B, 0x6E, 0x35, 0x27,
    0x49, 0x42, 0x65, 0xA5, 0xE9, 0x56, 0xF9, 0x08, 0xE0, 0x24, 0xF3, 0xB2, 0x24, 0xF5, 0x32, 0x5B,
    0x57, 0xD1, 0xF9, 0x50, 0x93, 0x96, 0xE1, 0x36, 0x39, 0x80, 0x01, 0x2E, 0xFD, 0x86, 0x9D, 0xDB,
    0xAA, 0xD5, 0xC8, 0xBF, 0xFF, 0xEB, 0x7D, 0x04, 0x94, 0xAC, 0x00, 0x03, 0x2C, 0x81, 0x26, 0x30,
    0x49, 0x11, 0xAE, 0x54, 0xE0, 0x52, 0x67, 0x24, 0x6B, 0xC1, 0x0F, 0xFF, 0x6D, 0xE5, 0x05, 0xCE,
    0x14, 0x68, 0x60, 0x00, 0xD6, 0x4E, 0x93, 0x54, 0x74, 0xA7, 0xFC, 0x82, 0x69, 0x7A, 0x68, 0x35,
    0xF3, 0xF9, 0x32, 0x7D, 0xC5, 0x22, 0x37, 0x9E, 0x6B, 0xAF, 0xD2, 0x81, 0x39, 0x85, 0x55, 0x96,
    0x04, 0xB5, 0x27, 0x9F, 0x8B, 0x49, 0x22, 0xE1, 0xFD, 0x58, 0xD0, 0x74, 0x24, 0x91, 0xC4, 0xD6,
    0x51, 0xDF, 0x67, 0xAD, 0x86, 0x2A, 0xFA, 0x88, 0x98, 0xDB, 0x49, 0xC0, 0xC4, 0x76, 0xCF, 0x00,
    0x0A, 0x22, 0x99, 0x2D, 0xFD, 0x86, 0x1F, 0x7B, 0xC5, 0x86, 0x95, 0xEA, 0x16, 0x5E, 0x21, 0x9B,
    0x00, 0x37, 0xF4, 0x1F, 0x22, 0xB7, 0xE1, 0xC0, 0x31, 0x44, 0xDF, 0xDC, 0xD0, 0x3F, 0xC0, 0x0D,
    0x8D, 0x63, 0x81, 0x1A, 0x0D, 0x30, 0x34, 0xA8, 0xB1, 0xB8, 0xA1, 0x71, 0x00, 0x20, 0x4E, 0x42,
    0x0F, 0x16, 0x64, 0x1C, 0x62, 0xC1, 0x51, 0x23, 0x1A, 0x05, 0x8C, 0xA3, 0x09, 0x51, 0xFB, 0x58,
    0x2C, 0xC8, 0xF8, 0x40, 0x38, 0x90, 0x3C, 0x72, 0x44, 0xCB, 0x1F, 0x68, 0xEC, 0x1C, 0xE8, 0xB0,
    0xAB, 0xAC, 0x0F, 0x4E, 0x8D, 0x24, 0x95, 0x08, 0x56, 0xDE, 0x72, 0x52, 0x85, 0xD6, 0xC3, 0x5C,
    0x73, 0x6A, 0x35, 0xEB, 0xE6, 0x67, 0xDE, 0x06, 0x19, 0xC0, 0x9E, 0x64, 0x1C, 0x33, 0xBC, 0x46,
    0x3C, 0x84, 0x89, 0xF0, 0x36, 0x1C, 0x9B, 0xED, 0x53, 0xB9, 0x56, 0x83, 0x71, 0xE2, 0xED, 0xDA,
    0x37, 0x17, 0x58, 0x77, 0x06, 0xB0, 0x29, 0x1F, 0xD5, 0x2C, 0x65, 0x81, 0xBD, 0x34, 0x80, 0x14,
    0xB0, 0x2D, 0xC9, 0x20, 0x09, 0x3C, 0x6B, 0xD3, 0xA5, 0xE3, 0x22, 0x3C, 0x3A, 0xD5, 0xAE, 0x0B,
    0x51, 0x44, 0x3A, 0x49, 0xAD, 0x06, 0x68, 0x9B, 0xE8, 0xA1, 0xC8, 0x95, 0xA3, 0x88, 0x5F, 0x00,
    0x40, 0xB5, 0x5C, 0xDD, 0x39, 0x15, 0xCC, 0x94, 0x81, 0xE0, 0x91, 0x22, 0xEC, 0x37, 0x9C, 0x91,
    0x09, 0x53, 0xDC, 0x43, 0xA6, 0xD0, 0x9D, 0x2C, 0xA6, 0xD0, 0xE9, 0x5F, 0xF0, 0x31, 0x32, 0x13,
    0x5F, 0xFD, 0x3A, 0xFD, 0xE4, 0xE8, 0x45, 0x2B, 0xC6, 0x3E, 0xFE, 0xB0, 0xF8, 0xE3, 0x5B, 0x83,
    0xB0, 0xB9, 0x31, 0x63, 0x4F, 0x46, 0xA3, 0x52, 0xB9, 0xC5, 0xA3, 0x37, 0xDB, 0x04, 0x2A, 0x64,
    0x77, 0x4F, 0xA9, 0x78, 0x8E, 0x68, 0x70, 0x2A, 0xD8, 0x7C, 0xE6, 0xDB, 0x5B, 0xCC, 0x0E, 0x16,
    0x2C, 0xE1, 0x88, 0x68, 0xE6, 0xBB, 0xDA, 0x42, 0x0D, 0x62, 0x90, 0x56, 0x7E, 0x0C, 0x20, 0x72,
    0xAC, 0x5D, 0x01, 0xEA, 0x37, 0x3B, 0xA1, 0x03, 0x34, 0x29, 0x28, 0x17, 0x64, 0x59, 0xD1, 0xB5,
    0xAB, 0xE1, 0xD7, 0xB3, 0x83, 0xC2, 0x3F, 0xB0, 0x48, 0x00, 0x1C, 0xA5, 0xC3, 0x8B, 0x14, 0xCD,
    0xF3, 0x02, 0x19, 0x7B, 0x5E, 0xE4, 0x68, 0x38, 0x8E, 0x0B, 0x0D, 0x25, 0xD0, 0xC1, 0x78, 0x52,
    0x09, 0xCD, 0xEE, 0x8D, 0xF4, 0xEC, 0x32, 0xBF, 0x37, 0x10, 0x56, 0xDB, 0x02, 0x7B, 0xA9, 0xEF,
    0x96, 0x09, 0xDB, 0xE5, 0x78, 0xDC, 0x46, 0x4C, 0x7F, 0x5D, 0x73, 0x44, 0xDD, 0xCE, 0x60, 0xC9,
    0xC8, 0xA5, 0xA6, 0xBC, 0xA9, 0xD9, 0x96, 0x60, 0x2C, 0x37, 0xC8, 0x24, 0x97, 0xE8, 0x28, 0x40,
    0x44, 0x2E, 0x81, 0x01, 0x52, 0x6B, 0x27, 0xE1, 0x99, 0x2A, 0x60, 0x11, 0x16, 0x4A, 0xA0, 0x28,
    0x00, 0x31, 0x61, 0x49, 0x1B, 0x14, 0xC4, 0xD6, 0xAE, 0xAF, 0x80, 0x76, 0x41, 0xD6, 0x22, 0x0A,
    0xD3, 0xA4, 0x4E, 0x8E, 0x1D, 0xEB, 0xF9, 0x0D, 0x6D, 0x88, 0x88, 0x42, 0xE3, 0x77, 0x51, 0xE9,
    0x10, 0xBB, 0x92, 0x42, 0x08, 0x75, 0x47, 0x3B, 0xB6, 0x8F, 0x42, 0x9A, 0x44, 0xCC, 0xD2, 0x93,
    0x02, 0xDA, 0x11, 0x10, 0xB3, 0x12, 0x5B, 0xE8, 0x14, 0x16, 0xAD, 0x83, 0x0A, 0x1C, 0x0D, 0xB0,
    0x22, 0x27, 0xA8, 0x45, 0x50, 0xE6, 0x04, 0xE4, 0x18, 0xC0, 0x17, 0x00, 0x6D, 0x8A, 0x44, 0x85,
    0x65, 0x45, 0xA1, 0xD0, 0xCC, 0x50, 0x09, 0x10, 0x42, 0x85, 0xA3, 0x26, 0x01, 0xD2, 0x04, 0x58,
    0x0D, 0xE0, 0x77, 0xC9, 0xE9, 0xA0, 0x43, 0x8E, 0xBD, 0xC0, 0x17, 0x5C, 0xB4, 0x1D, 0x4D, 0x6C,
    0x87, 0x4C, 0x1A, 0xA0, 0x49, 0x41, 0x65, 0x28, 0x43, 0x32, 0x38, 0xD0, 0xEB, 0x1B, 0xFF, 0x49,
    0x72, 0x6A, 0x4E, 0x13, 0xDA, 0x39, 0x86, 0x32, 0x27, 0x22, 0xDA, 0x10, 0x10, 0x45, 0x16, 0x39,
    0x49, 0x2A, 0x3D, 0x08, 0x1D, 0xE9, 0x68, 0x0F, 0x6A, 0x52, 0x42, 0xDA, 0x79, 0x28, 0x27, 0xFF,
    0x39, 0x9E, 0x35, 0xA2, 0xB1, 0x25, 0xBB, 0x94, 0xD5, 0xF7, 0xFA, 0x67, 0x5E, 0x34, 0x2D, 0x8D,
    0x1E, 0xA3, 0x94, 0xF9, 0xF1, 0xF5, 0xB8, 0xFB, 0xC2, 0xAB, 0x97, 0x8C, 0x3A, 0x2F, 0x7F, 0xE2,
    0x51, 0xF5, 0x64, 0x7F, 0xCE, 0x58, 0x45, 0x4B, 0x2F, 0x21, 0x90, 0x90, 0x01, 0x2D, 0x20, 0xB4,
    0x43, 0x95, 0xE1, 0x38, 0x41, 0xE3, 0x60, 0x02, 0x00, 0x4F, 0x12, 0xD0, 0x40, 0x24, 0xB8, 0x00,
    0x11, 0xCC, 0xA1, 0x06, 0x40, 0xC1, 0x29, 0x4B, 0xA1, 0x14, 0xB4, 0x1A, 0xC0, 0x69, 0xB5, 0x2C,
    0x02, 0x43, 0xEC, 0x9D, 0x1A, 0xB0, 0x40, 0x25, 0x38, 0x05, 0x40, 0xC3, 0xC6, 0x03, 0x47, 0x80,
    0x85, 0x20, 0x56, 0xA3, 0xF1, 0xC0, 0x5C, 0x2B, 0x60, 0x17, 0x47, 0xB5, 0x3A, 0x54, 0x3B, 0x4D,
    0x92, 0x11, 0x9E, 0xE0, 0x2B, 0x28, 0x63, 0x87, 0xF6, 0x11, 0x00, 0x04, 0xAC, 0xD9, 0x84, 0x4E,
    0xE5, 0x84, 0xA8, 0xC1, 0x49, 0x00, 0xBC, 0x08, 0xA6, 0x09, 0x39, 0x06, 0x5F, 0x02, 0x26, 0xEC,
    0xC4, 0xE6, 0x35, 0xC0, 0x82, 0x1A, 0xB0, 0x23, 0xFD, 0x06, 0x00, 0x15, 0xE0, 0x28, 0x00, 0x5D,
    0x91, 0x00, 0x05, 0x0B, 0x91, 0x2D, 0xE4, 0x1A, 0x03, 0xD2, 0x17, 0x8E, 0x2A, 0x1C, 0xED, 0x23,
    0xA6, 0x58, 0x09, 0x8D, 0xB4, 0x00, 0xF8, 0x51, 0xF7, 0x02, 0x73, 0x78, 0x36, 0xB6, 0xEA, 0xF0,
    0x4C, 0xC0, 0xF7, 0x09, 0xB4, 0x58, 0x47, 0xB5, 0x29, 0xBC, 0x5B, 0xA8, 0x96, 0x83, 0x0E, 0x8E,
    0x51, 0xFA, 0x02, 0xBB, 0x85, 0x9F, 0xB4, 0x40, 0x91, 0x61, 0xF7, 0x88, 0xD5, 0xBC, 0x7A, 0x00,
    0xED, 0x35, 0xAE, 0x79, 0xC1, 0x95, 0x0B, 0x2D, 0x08, 0x25, 0xC5, 0x03, 0x54, 0x8E, 0xB6, 0xF1,
    0x13, 0xAD, 0x5A, 0xE1, 0x21, 0xC5, 0x06, 0x0E, 0x93, 0x89, 0x08, 0x22, 0x06, 0x44, 0x6D, 0x72,
    0xCD, 0xD0, 0x41, 0x41, 0x01, 0x48, 0xE1, 0x2B, 0x54, 0x61, 0xA2, 0x43, 0x2C, 0x90, 0x4A, 0xB0,
    0x9F, 0x5E, 0xED, 0x0E, 0x39, 0x2F, 0x37, 0x07, 0x2E, 0x78, 0x41, 0x8A, 0x32, 0xB0, 0x40, 0x83,
    0x5C, 0x37, 0x6C, 0xA8, 0x9F, 0xF8, 0x09, 0x03, 0xB7, 0x3C, 0x00, 0xBE, 0xEF, 0x12, 0xA5, 0x43,
    0x76, 0x90, 0xC0, 0x47, 0x44, 0x58, 0x15, 0x5D, 0x6D, 0xF7, 0xF8, 0x45, 0x5E, 0x58, 0x13, 0xD7,
    0xDC, 0x34, 0x50, 0xD8, 0x3A, 0xFB, 0x08, 0x82, 0xF2, 0x46, 0x52, 0x2B, 0x69, 0x6D, 0x14, 0xFC,
    0x1A, 0x73, 0x14, 0xB0, 0x46, 0x0F, 0x3A, 0x93, 0x42, 0x43, 0x79, 0xD3, 0x11, 0xD2, 0xEA, 0xE3,
    0x7E, 0x18, 0xFA, 0x6B, 0xB0, 0x66, 0xD9, 0xF4, 0xA7, 0xA4, 0xF8, 0x5E, 0x02, 0x50, 0x3E, 0xC4,
    0x44, 0xB8, 0xE5, 0xA5, 0xF0, 0x4F, 0x8D, 0x6F, 0xFD, 0x05, 0xD4, 0x1A, 0xC0, 0xE3, 0x35, 0x32,
    0x2A, 0x93, 0xDA, 0x66, 0x23, 0xA7, 0x32, 0x0A, 0x3C, 0x97, 0xB1, 0xA3, 0xA3, 0x5E, 0x07, 0x1E,
    0x83, 0xA0, 0x22, 0xB4, 0x76, 0xAB, 0x4D, 0x00, 0xB0, 0x53, 0x09, 0xD5, 0x76, 0xF6, 0xBE, 0x30,
    0x4C, 0xD9, 0x79, 0x6D, 0x56, 0x85, 0x0B, 0x68, 0x00, 0x93, 0x8E, 0x86, 0x10, 0x48, 0x79, 0x4F,
    0x1D, 0x15, 0xB1, 0x1E, 0xC4, 0x8A, 0x0C, 0x93, 0x80, 0xDB, 0xD6, 0x0C, 0x11, 0x78, 0x62, 0xE3,
    0xB1, 0x04, 0x0C, 0x50, 0x05, 0xA1, 0x6D, 0x53, 0x22, 0x6A, 0x2C, 0x89, 0x7C, 0x22, 0x1A, 0xCC,
    0x12, 0x5A, 0xC1, 0x6D, 0xDB, 0x4F, 0x31, 0x3F, 0x45, 0x70, 0x0E, 0x46, 0xD7, 0x46, 0x37, 0x98,
    0x75, 0x8F, 0x11, 0x2A, 0xC0, 0x70, 0x28, 0xC1, 0x49, 0x02, 0x6A, 0x87, 0xE4, 0x16, 0x91, 0x2C,
    0x29, 0xA3, 0x13, 0xE1, 0xF7, 0x90, 0xDB, 0x26, 0xB6, 0x50, 0x07, 0x9A, 0x38, 0x05, 0xB4, 0x05,
    0x7D, 0x05, 0xFF, 0xEA, 0x03, 0xCA, 0x72, 0x23, 0x30, 0x09, 0x68, 0x09, 0x67, 0x98, 0x7C, 0xF4,
    0x41, 0xC5, 0x02, 0x88, 0x1A, 0x7E, 0xF7, 0x97, 0xE9, 0xFF, 0x7C, 0x65, 0xDA, 0xAC, 0x1A, 0xC7,
    0x7D, 0xC7, 0x3A, 0x98, 0x4F, 0xF4, 0x1C, 0xA1, 0xF5, 0x76, 0x3E, 0x1D, 0x3E, 0xB2, 0x23, 0xAC,
    0xF5, 0xFD, 0x9C, 0x8B, 0xB6, 0xB1, 0x53, 0xF0, 0x2B, 0xCC, 0xF3, 0x04, 0xEE, 0xF5, 0x60, 0x28,
    0x81, 0x26, 0xA0, 0xEA, 0x95, 0xC0, 0x12, 0x1E, 0x53, 0x4C, 0x50, 0x05, 0xEC, 0xE2, 0x00, 0xA5,
    0xAF, 0x1D, 0x03, 0x40, 0x89, 0xD4, 0xA1, 0x9F, 0x6E, 0x9D, 0x4D, 0x4F, 0xD2, 0xAA, 0x85, 0xC1,
    0x58, 0xCF, 0x7C, 0xBB, 0x70, 0xC0, 0xD7, 0x61, 0xD4, 0x82, 0x1B, 0x72, 0xEF, 0xD7, 0x9E, 0x8B,
    0xCD, 0xB2, 0xE4, 0xDB, 0x53, 0x3C, 0x39, 0x92, 0x86, 0x28, 0x1F, 0x62, 0x07, 0xC8, 0x7C, 0x6B,
    0x70, 0xC5, 0x0A, 0x57, 0xBB, 0xC6, 0x35, 0x2C, 0xC3, 0x4A, 0x11, 0xF9, 0xFE, 0xA6, 0x23, 0x89,
    0xA2, 0x45, 0xB5, 0x3E, 0x3A, 0x72, 0x15, 0x56, 0xC0, 0x02, 0xA6, 0x6D, 0x98, 0xA3, 0x1E, 0x83,
    0x64, 0x82, 0x13, 0x1D, 0x4E, 0x86, 0x43, 0xE4, 0x1C, 0x4B, 0x90, 0x8F, 0x81, 0x5A, 0xC7, 0x40,
    0x16, 0x6D, 0x9F, 0xA6, 0x54, 0x87, 0x36, 0x2C, 0x7F, 0xC1, 0x8A, 0x50, 0xF2, 0x24, 0x06, 0x92,
    0x40, 0xCB, 0x52, 0x82, 0x81, 0x40, 0xD1, 0x33, 0x28, 0x80, 0x01, 0x20, 0xA6, 0x68, 0x42, 0x94,
    0x5C, 0xD1, 0x02, 0x73, 0x3C, 0x29, 0x14, 0x11, 0x0C, 0x4F, 0x0C, 0x2F, 0x18, 0x6C, 0xD8, 0x36,
    0xAA, 0x57, 0x0D, 0x65, 0x2F, 0xAB, 0x93, 0x6F, 0xC0, 0xC2, 0x21, 0x5E, 0x02, 0xEF, 0x21, 0x9F,
    0x61, 0x0F, 0x02, 0xC0, 0x19, 0xA6, 0x98, 0x28, 0xDB, 0x89, 0x44, 0x79, 0x3C, 0x75, 0x49, 0xD7,
    0xE9, 0x8F, 0x46, 0x5A, 0x85, 0x31, 0x3D, 0x26, 0xC3, 0x8B, 0x14, 0x47, 0x28, 0x43, 0x61, 0x1B,
    0xC7, 0x11, 0x45, 0xEC, 0x67, 0x04, 0xA5, 0x7F, 0x4C, 0xFA, 0xB3, 0x82, 0x1B, 0x8A, 0x49, 0x28,
    0x6E, 0x8D, 0x5C, 0x2E, 0xCE, 0x92, 0xF7, 0xC6, 0x2D, 0xDE, 0x95, 0xEF, 0x39, 0xD1, 0x40, 0x78,
    0x24, 0x04, 0xC8, 0x77, 0xB7, 0x75, 0x49, 0x20, 0xEC, 0xC9, 0xCD, 0xFA, 0xFB, 0x0E, 0x4F, 0x23,
    0xDB, 0xC1, 0x3F, 0xFD, 0x26, 0x2B, 0xDC, 0x9B, 0x8D, 0x79, 0x93, 0xCD, 0x38, 0xF0, 0x59, 0xF7,
    0xBD, 0xED, 0x96, 0xD8, 0xB8, 0x28, 0xAC, 0x01, 0x56, 0x54, 0x66, 0x57, 0x1D, 0x1E, 0xA5, 0xDB,
    0x43, 0x7E, 0x31, 0xD5, 0x0D, 0x7E, 0x32, 0x18, 0xC9, 0x75, 0x50, 0x14, 0x2A, 0xDF, 0x73, 0x70,
    0x44, 0xE8, 0x68, 0x5F, 0xA6, 0xDD, 0x20, 0xBC, 0xC6, 0x14, 0x59, 0x47, 0x87, 0x42, 0xD3, 0x04,
    0xD2, 0x0A, 0xB9, 0xBD, 0x7C, 0xFA, 0x0D, 0x16, 0x20, 0xD5, 0x2D, 0x30, 0xBC, 0xB1, 0x19, 0xA9,
    0xA2, 0x50, 0xB0, 0x0E, 0x1E, 0x30, 0x9A, 0x0E, 0xA6, 0xE9, 0x24, 0xFD, 0x3B, 0x92, 0x8C, 0x44,
    0x54, 0xC4, 0x3C, 0x60, 0xE7, 0x4E, 0x06, 0xD3, 0xFC, 0x0A, 0x0B, 0x5E, 0x30, 0x1B, 0xC9, 0x52,
    0x22, 0xF8, 0x40, 0x24, 0xC4, 0x73, 0x01, 0x2D, 0x6A, 0x78, 0x74, 0x26, 0xB0, 0xA0, 0x19, 0x28,
    0x63, 0x7C, 0x3C, 0x40, 0xC9, 0x14, 0x7C, 0x3C, 0x6C, 0xCC, 0x84, 0x5D, 0x5B, 0x14, 0xA0, 0x51,
    0xB0, 0xC1, 0x68, 0xA2, 0x02, 0x06, 0x00, 0x35, 0xFB, 0xED, 0x88, 0xA8, 0x21, 0xC3, 0x39, 0xBC,
    0x5F, 0x1C, 0x78, 0x88, 0x29, 0x51, 0xA8, 0xB6, 0x30, 0xFA, 0x20, 0x66, 0xE4, 0x88, 0x05, 0x3F,
    0x78, 0x3B, 0xE2, 0x3F, 0x1F, 0x00, 0x50, 0xDB, 0x00, 0x21, 0x22, 0xDA, 0x2F, 0x50, 0x75, 0xF8,
    0xC8, 0x1F, 0xA8, 0xD7, 0x36, 0x76, 0x11, 0x56, 0x36, 0xB2, 0xE3, 0xEC, 0xCA, 0x84, 0x00, 0xFF,
    0x3F, 0x68, 0x13, 0xBD, 0xD6, 0xB4, 0xE4, 0x11, 0x38, 0xCA, 0x3F, 0x45, 0x5A, 0xF9, 0x97, 0x97,
    0x3F, 0xBE, 0xF1, 0x35, 0x91, 0x00, 0xF0, 0x17, 0xE0, 0x4A, 0xE0, 0x40, 0xBE, 0x06, 0x60, 0x75,
    0xD8, 0x13, 0xCE, 0x39, 0x30, 0x05, 0x5C, 0xD0, 0x0B, 0xD4, 0x88, 0x63, 0xD4, 0x04, 0x01, 0xFE,
    0x5B, 0x00, 0x5E, 0x49, 0x2E, 0x24, 0x7A, 0xB8, 0xD4, 0xFF, 0x79, 0x1B, 0xFF, 0x14, 0x6A, 0x81,
    0x67, 0xA1, 0xDD, 0x8A, 0xE1, 0x3F, 0x63, 0xA3, 0x72, 0x52, 0x13, 0x80, 0x26, 0xB2, 0x46, 0xFB,
    0xC8, 0xB1, 0x55, 0xF1, 0x38, 0x92, 0x40, 0x0D, 0x9C, 0xAF, 0x2D, 0xD6, 0x1F, 0x03, 0x90, 0x33,
    0xCB, 0x29, 0x77, 0x13, 0xA2, 0xC1, 0x57, 0x4E, 0x6E, 0x91, 0x15, 0x88, 0x80, 0xC2, 0xEA, 0x11,
    0x1E, 0x00, 0x29, 0xCF, 0x05, 0x9B, 0x7C, 0x5B, 0x2D, 0x1B, 0x01, 0x30, 0x06, 0xB4, 0x2F, 0xA9,
    0xE2, 0x68, 0x65, 0xDD, 0x29, 0x16, 0xDA, 0x97, 0xB0, 0x39, 0x3E, 0xC1, 0xBF, 0x7E, 0xD3, 0x76,
    0xEB, 0x44, 0x6C, 0xCE, 0xFF, 0x23, 0x01, 0x78, 0x24, 0x89, 0x7C, 0x76, 0x8D, 0xD7, 0x0A, 0x5A,
    0xC4, 0x50, 0x3C, 0x32, 0x4E, 0xE1, 0x8F, 0x34, 0x13, 0x2D, 0x47, 0xB2, 0x5A, 0x10, 0x4D, 0xFA,
    0x03, 0x06, 0xE1, 0x5A, 0x65, 0x00, 0x48, 0x9A, 0x37, 0xCC, 0x51, 0x3A, 0x85, 0x63, 0x1C, 0x84,
    0x6B, 0x59, 0x32, 0x47, 0x96, 0x3D, 0x99, 0x0D, 0xE0, 0x86, 0x39, 0x36, 0xE7, 0xCC, 0x31, 0x59,
    0x5B, 0xC6, 0x1C, 0x21, 0xA2, 0x49, 0xED, 0x5E, 0xBE, 0x68, 0xB5, 0x53, 0x77, 0x49, 0x31, 0xE6,
    0x0E, 0xF5, 0x0F, 0x17, 0xC3, 0x99, 0x09, 0x50, 0x10, 0xC0, 0x43, 0xC5, 0x58, 0x9E, 0x3F, 0x01,
    0xAF, 0x52, 0xE8, 0x1D, 0xC5, 0x0A, 0xDF, 0xF0, 0x82, 0x4A, 0xDE, 0xAD, 0xD6, 0x04, 0x26, 0x8B,
    0xEC, 0x03, 0xD0, 0x3F, 0xC0, 0x29, 0x0E, 0x8C, 0xB5, 0xD3, 0x38, 0x12, 0xE2, 0xCA, 0x18, 0xE3,
    0x03, 0x2B, 0x1C, 0x94, 0xBC, 0x80, 0x36, 0xF0, 0x84, 0x8B, 0x30, 0xF6, 0x59, 0xDA, 0x99, 0x89,
    0xF6, 0xA2, 0x24, 0x02, 0xF4, 0x86, 0x8F, 0x04, 0x05, 0x97, 0x4E, 0x02, 0x1B, 0x8E, 0x70, 0xE7,
    0xFA, 0xAE, 0xB5, 0x9F, 0x14, 0xBE, 0x68, 0xFB, 0xA8, 0x79, 0x47, 0x01, 0x7C, 0x1F, 0xEA, 0xD5,
    0x71, 0x5F, 0xF1, 0xDE, 0x13, 0x0F, 0x96, 0x0A, 0x04, 0xEB, 0xD4, 0x11, 0x11, 0x40, 0xA2, 0x1A,
    0x55, 0xDF, 0xFC, 0xFC, 0x22, 0xBF, 0x36, 0x00, 0xEB, 0x73, 0x0D, 0xC5, 0x32, 0x23, 0x45, 0xAA,
    0x11, 0x35, 0x00, 0xF5, 0xF9, 0x08, 0x73, 0xBC, 0xC0, 0xBB, 0xB2, 0xC3, 0x52, 0x71, 0xC1, 0x46,
    0x12, 0x00, 0x1B, 0x1E, 0xB3, 0x1A, 0x78, 0x14, 0xB7, 0xB4, 0x6E, 0x6D, 0xC0, 0xA3, 0xB9, 0x39,
    0xA0, 0x84, 0x6A, 0x89, 0x71, 0xBD, 0xBC, 0x48, 0x4E, 0x8B, 0x16, 0x13, 0x9A, 0x8A, 0x0D, 0x1B,
    0x2E, 0x2B, 0x4A, 0x75, 0x24, 0xE9, 0xF7, 0x20, 0xA8, 0xE7, 0x4E, 0xBF, 0x17, 0x79, 0x31, 0x3A,
    0x88, 0xCA, 0xC7, 0xCC, 0x31, 0x5A, 0x05, 0x40, 0x87, 0x02, 0x78, 0x01, 0x04, 0x13, 0xF0, 0x25,
    0x2C, 0x12, 0x81, 0x2C, 0xA3, 0x2B, 0xFB, 0x17, 0xD5, 0xCA, 0x3F, 0x2F, 0x2E, 0xCA, 0x04, 0x38,
    0xFF, 0xCB, 0x2E, 0xCA, 0x54, 0xD0, 0xD2, 0x60, 0x93, 0x41, 0x58, 0xC0, 0x3C, 0x5D, 0xB5, 0x5E,
    0x82, 0xBE, 0x08, 0xCA, 0xF9, 0xC9, 0x78, 0x3C, 0x6C, 0xF0, 0xCA, 0x80, 0x30, 0x53, 0x00, 0x36,
    0x7F, 0x20, 0xE2, 0x79, 0x7A, 0x30, 0x1E, 0x92, 0x81, 0x47, 0x8F, 0x1A, 0x21, 0x56, 0x70, 0xF1,
    0xEA, 0x46, 0xB6, 0xA4, 0xF3, 0x9F, 0x27, 0x49, 0x25, 0x77, 0x7F, 0x2F, 0xF9, 0x17, 0x96, 0x3C,
    0x7A, 0xFB, 0xE7, 0xFC, 0x3D, 0x54, 0xB8, 0xA0, 0xFC, 0x85, 0xDF, 0xE1, 0xAB, 0x36, 0x2B, 0xFB,
    0x05, 0xB4, 0x81, 0x09, 0xE7, 0x6B, 0x8B, 0xD9, 0x03, 0x67, 0xDC, 0x0B, 0x26, 0xE9, 0x61, 0x7D,
    0x3A, 0xAC, 0x54, 0xD9, 0xDC, 0xE8, 0x45, 0xDE, 0xD2, 0xD6, 0xC1, 0x9A, 0x04, 0x5F, 0xC0, 0x0F,
    0xA1, 0x02, 0x05, 0x8E, 0xAC, 0x4F, 0xC5, 0xA4, 0xFC, 0xF4, 0x1E, 0x19, 0x1E, 0xF9, 0x58, 0x41,
    0x76, 0x01, 0x15, 0x58, 0xD6, 0x96, 0x00, 0xD5, 0x10, 0x73, 0x45, 0x06, 0xE9, 0xD7, 0x6E, 0x6B,
    0x5B, 0xEC, 0xF7, 0x0D, 0xA9, 0x8A, 0x94, 0x27, 0x68, 0x02, 0xC6, 0x92, 0xEB, 0x02, 0xA8, 0xFD,
    0x40, 0x6D, 0x23, 0xDF, 0x24, 0xA3, 0x0A, 0xC0, 0x57, 0x10, 0x84, 0x05, 0x04, 0xED, 0x38, 0xAA,
    0x15, 0x71, 0xE4, 0xA9, 0xB7, 0x1F, 0x63, 0xFF, 0x82, 0x06, 0xB4, 0x6F, 0x7D, 0x0C, 0x93, 0x50,
    0x81, 0x86, 0x70, 0x3C, 0xC0, 0x40, 0x4F, 0x8F, 0x18, 0x1F, 0x55, 0x06, 0xB8, 0x4B, 0x2C, 0x1C,
    0x0D, 0x16, 0xFC, 0x04, 0xF0, 0x60, 0x8C, 0x9D, 0xE1, 0x90, 0x36, 0x3C, 0xBF, 0x68, 0xF1, 0x79,
    0x2B, 0xA1, 0xB6, 0xD9, 0x41, 0xE5, 0x59, 0x32, 0xAF, 0x47, 0x0A, 0x73, 0xF8, 0x6C, 0x3E, 0x00,
    0x1B, 0x5B, 0x10, 0x67, 0x3C, 0x7D, 0x5D, 0x26, 0x93, 0xDB, 0x23, 0xDB, 0x48, 0x05, 0xC3, 0x99,
    0xE0, 0xE8, 0xD1, 0xAE, 0x28, 0x4B, 0x41, 0x50, 0x00, 0x33, 0x55, 0xE4, 0x05, 0x22, 0x72, 0xEB,
    0xEF, 0x77, 0xFC, 0xA8, 0x8F, 0x6C, 0xDD, 0x53, 0x7B, 0xA9, 0x80, 0x09, 0x62, 0x02, 0x3E, 0x1D,
    0x0E, 0x9F, 0xA9, 0xDC, 0xF8, 0x88, 0x19, 0x9A, 0x0C, 0x13, 0x5F, 0xD8, 0x78, 0x6E, 0xF5, 0x05,
    0x75, 0x98, 0x03, 0x51, 0xE0, 0xAB, 0x80, 0xAB, 0xBD, 0x2B, 0x99, 0xF6, 0xFB, 0xC8, 0x7A, 0x68,
    0x61, 0x86, 0x98, 0x98, 0xB7, 0x06, 0x37, 0x09, 0x11, 0x04, 0x4F, 0x3D, 0xCD, 0x90, 0x62, 0xFF,
    0x6A, 0xA4, 0x94, 0xC2, 0xCA, 0x1A, 0x5F, 0xF8, 0xD2, 0xA2, 0xBB, 0x7D, 0x61, 0x8F, 0x21, 0x97,
    0x0C, 0x01, 0x0B, 0x96, 0x26, 0x45, 0xCC, 0x16, 0x08, 0x11, 0x7D, 0x09, 0x75, 0x50, 0xD6, 0xAF,
    0x92, 0xDA, 0x19, 0xEB, 0xDA, 0x13, 0x1D, 0x6A, 0xAE, 0xF5, 0x9E, 0xCA, 0x07, 0x58, 0x89, 0x65,
    0x00, 0xF5, 0xF9, 0xB2, 0x32, 0x39, 0xDF, 0x16, 0xB0, 0x0B, 0x99, 0x0C, 0x35, 0xC3, 0xCE, 0x44,
    0x16, 0x71, 0xAB, 0x1D, 0x62, 0x05, 0x00, 0xB6, 0x58, 0xEB, 0x56, 0xDC, 0x4A, 0x46, 0x62, 0x65,
    0xB1, 0x46, 0x89, 0x1B, 0xC0, 0x58, 0xB8, 0x1B, 0x0F, 0x17, 0xEB, 0x60, 0xDC, 0x19, 0xD0, 0x17,
    0xF7, 0x17, 0xEB, 0xFB, 0xF4, 0x85, 0x33, 0x4E, 0x62, 0xB9, 0xAA, 0x58, 0x3E, 0x18, 0xAA, 0x7C,
    0x11, 0x39, 0xA7, 0x54, 0xFB, 0x45, 0x28, 0x35, 0x15, 0x8D, 0x9B, 0x21, 0xBB, 0xF8, 0x01, 0x8E,
    0x71, 0x60, 0x48, 0xC2, 0x04, 0x76, 0x8C, 0x5D, 0x72, 0x8B, 0x07, 0x9A, 0x60, 0x78, 0x8D, 0xF9,
    0x62, 0x5C, 0xEF, 0x94, 0xD9, 0x2A, 0x4C, 0x22, 0xA0, 0x44, 0x99, 0x70, 0x90, 0x28, 0xEF, 0x63,
    0xDB, 0x0E, 0x1A, 0x80, 0x8A, 0x50, 0xE0, 0x69, 0xDA, 0xC9, 0x88, 0xAE, 0xBC, 0xF4, 0xCD, 0xAC,
    0xB0, 0x92, 0x78, 0x00, 0x95, 0x9B, 0x53, 0x8B, 0x14, 0xBE, 0xE0, 0x8E, 0xA0, 0x8F, 0x7C, 0xC5,
    0x25, 0x76, 0x94, 0x0F, 0xC5, 0x3C, 0x4F, 0x45, 0xE4, 0x17, 0xD8, 0x43, 0xBF, 0x70, 0x81, 0x58,
    0x43, 0x91, 0x65, 0xCD, 0x21, 0x31, 0xAC, 0xD8, 0x93, 0x79, 0xC7, 0x50, 0xC5, 0x34, 0xE6, 0x78,
    0x3E, 0x2F, 0x61, 0x63, 0x1D, 0x27, 0xD8, 0x37, 0x8E, 0x58, 0xB3, 0x73, 0xB2, 0x00, 0x2E, 0x1D,
    0xD9, 0xE5, 0xCC, 0x32, 0xF8, 0x1C, 0x11, 0xF3, 0x02, 0x80, 0x00, 0x03, 0xAF, 0xA2, 0xFC, 0x82,
    0x16, 0x7E, 0x11, 0xA8, 0xAF, 0x24, 0x4F, 0x38, 0xC5, 0x21, 0x5E, 0xF0, 0x39, 0x35, 0xBB, 0x0B,
    0x13, 0x6F, 0x05, 0x95, 0xBE, 0xC5, 0x14, 0xEC, 0xBF, 0x26, 0x87, 0xD2, 0xB7, 0xD5, 0x4E, 0x51,
    0xD2, 0x85, 0xB4, 0x85, 0x95, 0xB4, 0xD5, 0x04, 0x88, 0x01, 0x02, 0xCB, 0x18, 0x16, 0x40, 0x05,
    0x50, 0x15, 0x11, 0x5D, 0x27, 0xE7, 0x81, 0x93, 0x7A, 0x90, 0xF7, 0x92, 0xB0, 0x8F, 0x78, 0x8D,
    0x36, 0x19, 0x52, 0x0D, 0xF0, 0x88, 0x24, 0xB2, 0x0E, 0xE0, 0x28, 0xC3, 0x0F, 0xF3, 0x6F, 0x90,
    0x0F, 0x15, 0x1A, 0x3C, 0x49, 0x2A, 0x55, 0x53, 0xD8, 0xC2, 0x41, 0x8B, 0x2A, 0xDE, 0xB7, 0xBE,
    0x3E, 0x1D, 0xCD, 0x17, 0xED, 0xF2, 0x07, 0xB0, 0x95, 0xF8, 0xC2, 0x15, 0x00, 0x20, 0x9D, 0x02,
    0x0C, 0x60, 0x7D, 0xE7, 0xF5, 0xB6, 0xF1, 0x91, 0x61, 0x07, 0xC5, 0x76, 0xD1, 0xE6, 0xC6, 0x37,
    0x16, 0xFB, 0x53, 0xA0, 0x0A, 0x38, 0xD0, 0x26, 0x54, 0xD0, 0xB0, 0x8F, 0x08, 0x2C, 0x8E, 0xD2,
    0x2E, 0x33, 0x0A, 0x91, 0xA2, 0x62, 0xBD, 0x44, 0x59, 0x01, 0x5E, 0x86, 0x16, 0xD1, 0xEF, 0xB9,
    0xE3, 0xE2, 0x72, 0x49, 0x71, 0x7E, 0xCF, 0x79, 0xCD, 0xE4, 0xA7, 0xF7, 0x14, 0xC7, 0xB1, 0x9A,
    0x07, 0x85, 0x0D, 0x49, 0x6B, 0xCE, 0x38, 0xA9, 0xC7, 0xB4, 0x17, 0x3D, 0xBF, 0x6C, 0xD8, 0x1D,
    0x8A, 0x3E, 0xC3, 0xA4, 0x61, 0xA5, 0xA5, 0x09, 0x6A, 0xAA, 0xAB, 0x88, 0x14, 0xA0, 0x06, 0xEB,
    0x11, 0x3C, 0x17, 0x64, 0x00, 0xAE, 0x07, 0x41, 0x1C, 0x3D, 0x1F, 0x0D, 0xAA, 0x7F, 0x30, 0xFD,
    0x34, 0x2E, 0xC8, 0xA8, 0xB2, 0xC9, 0x0F, 0x6D, 0xDD, 0xFC, 0x96, 0x9A, 0xEB, 0x6D, 0xFB, 0xF7,
    0x7C, 0x5E, 0x29, 0x80, 0xFD, 0x24, 0x9F, 0x2B, 0x88, 0xAE, 0x0A, 0x0A, 0xAB, 0x20, 0x26, 0xC6,
    0xC6, 0xB3, 0x82, 0x38, 0xB8, 0x37, 0xC5, 0x06, 0xB9, 0x58, 0x7C, 0x5E, 0x67, 0x0B, 0x9D, 0x31,
    0x4F, 0x8C, 0x0A, 0x58, 0xCF, 0xEA, 0x8C, 0xB6, 0x4E, 0x9E, 0x95, 0x3C, 0x61, 0xFC, 0xA2, 0x3C,
    0xB7, 0xB2, 0x63, 0xA8, 0x07, 0xDE, 0x1B, 0x33, 0x22, 0xED, 0x0C, 0xAA, 0x0A, 0x58, 0x23, 0x0A,
    0xC3, 0xF4, 0xF0, 0x0F, 0x07, 0x57, 0xC8, 0x71, 0xEB, 0x66, 0x5D, 0x7E, 0x65, 0xA5, 0x21, 0x82,
    0x49, 0x5F, 0x86, 0xAA, 0x15, 0xB5, 0x63, 0x34, 0xF6, 0xE3, 0x26, 0x42, 0xC1, 0xFC, 0x88, 0x20,
    0x86, 0xB8, 0xD2, 0x57, 0xB5, 0x3F, 0x36, 0x41, 0x7A, 0x86, 0x99, 0xC9, 0x44, 0xF9, 0x18, 0x26,
    0xDC, 0x41, 0x72, 0xC8, 0x0E, 0x43, 0xC4, 0x32, 0x8C, 0x02, 0x01, 0x3A, 0x27, 0x55, 0xFB, 0x65,
    0x75, 0x37, 0xF2, 0xE7, 0x7B, 0xD5, 0x94, 0x4A, 0xD9, 0x51, 0x35, 0x7B, 0x45, 0x16, 0x0C, 0x4C,
    0x40, 0x09, 0x31, 0x30, 0x92, 0xC8, 0xC8, 0xF3, 0xC8, 0x4C, 0xF0, 0x82, 0x21, 0x11, 0xD7, 0x85,
    0x6F, 0x1C, 0x14, 0xBE, 0x84, 0x8F, 0xD3, 0x9F, 0x41, 0xDA, 0x0B, 0xA6, 0x43, 0xCC, 0x60, 0x83,
    0x11, 0x61, 0x19, 0xAA, 0x55, 0xAF, 0x18, 0x22, 0x8A, 0xBB, 0xCA, 0x31, 0x49, 0x58, 0xD5, 0xDE,
    0xA7, 0xC8, 0x82, 0x40, 0xE1, 0x29, 0x52, 0xEC, 0x22, 0x14, 0x00, 0xBF, 0xB5, 0x3A, 0xEB, 0xB2,
    0xFE, 0x95, 0xD9, 0x79, 0x9D, 0x5F, 0x63, 0xD8, 0x4F, 0x67, 0xBA, 0xED, 0x81, 0xEB, 0x14, 0x4C,
    0x22, 0x0D, 0x9E, 0x8D, 0x30, 0xC3, 0xB0, 0x68, 0xF9, 0x23, 0x43, 0x65, 0x00, 0xBF, 0x83, 0xFA,
    0xF9, 0x70, 0x52, 0x00, 0x1A, 0x91, 0xC2, 0x79, 0x0D, 0xAB, 0xB0, 0xCC, 0x79, 0x8D, 0x86, 0xF0,
    0x61, 0x7D, 0x16, 0xCC, 0xC7, 0xD7, 0xF2, 0x63, 0xD1, 0xEF, 0x0C, 0xE8, 0x19, 0xD5, 0xB4, 0x20,
    0x8A, 0x48, 0x56, 0xE6, 0x34, 0xEB, 0x20, 0x35, 0xAC, 0x00, 0xE0, 0x80, 0x91, 0xAB, 0x40, 0x3D,
    0x8D, 0xA2, 0x28, 0x8E, 0x5A, 0x51, 0x23, 0xF2, 0x23, 0xA6, 0xA8, 0x22, 0x05, 0x2D, 0x38, 0x96,
    0x47, 0x08, 0x10, 0x55, 0xCB, 0xA1, 0x87, 0x87, 0x71, 0xD4, 0xEF, 0xD5, 0x5A, 0x23, 0xA4, 0xD6,
    0xCE, 0x65, 0xCD, 0xF2, 0x97, 0xE1, 0x04, 0x7B, 0xC5, 0x06, 0x04, 0x50, 0x2F, 0xFF, 0x1A, 0x51,
    0xF0, 0x00, 0x22, 0x68, 0x32, 0xA8, 0xFF, 0x68, 0xF0, 0xA2, 0x11, 0xD9, 0xA9, 0x55, 0xE9, 0x3B,
    0xDA, 0x1F, 0xE5, 0xD5, 0xF6, 0x0F, 0xEB, 0x20, 0x19, 0xB4, 0x88, 0xF4, 0xE6, 0x02, 0xCD, 0x4A,
    0x3C, 0xD6, 0x99, 0x2C, 0x58, 0x6C, 0x19, 0xBF, 0x0A, 0xE7, 0x43, 0x78, 0x00, 0xFE, 0x5F,
};

static const EpdGlyph inter_10_boldGlyphs[] = {
    { 0, 0, 0, 0, 0, 0, 0 }, // U+0000
    { 0, 0, 0, 0, 0, 0, 0 }, // U+0001
    { 0, 0, 0, 0, 0, 0, 0 }, // U+0002
    { 0, 0, 0, 0, 0, 0, 0 }, // U+0003
    { 0, 0, 0, 0, 0, 0, 0 }, // U+0004
    { 0, 0, 0, 0, 0, 0, 0 }, // U+0005
    { 0, 0, 0, 0, 0, 0, 0 }, // U+0006
    { 0, 0, 0, 0, 0, 0, 0 }, // U+0007
    { 0, 0, 0, 0, 0, 0, 0 }, // U+0008
    { 0, 0, 0, 0, 0, 0, 0 }, // U+0009
    { 0, 0, 0, 0, 0, 0, 0 }, // U+000A
    { 0, 0, 0, 0, 0, 0, 0 }, // U+000B
    { 0, 0, 0, 0, 0, 0, 0 }, // U+000C
    { 0, 0, 0, 0, 0, 0, 0 }, // U+000D
    { 0, 0, 0, 0, 0, 0, 0 }, // U+000E
    { 0, 0, 0, 0, 0, 0, 0 }, // U+000F
    { 0, 0, 0, 0, 0, 0, 0 }, // U+0010
    { 0, 0, 0, 0, 0, 0, 0 }, // U+0011
    { 0, 0, 0, 0, 0, 0, 0 }, // U+0012
    { 0, 0, 0, 0, 0, 0, 0 }, // U+0013
    { 0, 0, 0, 0, 0, 0, 0 }, // U+0014
    { 0, 0, 0, 0, 0, 0, 0 }, // U+0015
    { 0, 0, 0, 0, 0, 0, 0 }, // U+0016
    { 0, 0, 0, 0, 0, 0, 0 }, // U+0017
    { 0, 0, 0, 0, 0, 0, 0 }, // U+0018
    { 0, 0, 0, 0, 0, 0, 0 }, // U+0019
    { 0, 0, 0, 0, 0, 0, 0 }, // U+001A
    { 0, 0, 0, 0, 0, 0, 0 }, // U+001B
    { 0, 0, 0, 0, 0, 0, 0 }, // U+001C
    { 0, 0, 0, 0, 0, 0, 0 }, // U+001D
    { 0, 0, 0, 0, 0, 0, 0 }, // U+001E
    { 0, 0, 0, 0, 0, 0, 0 }, // U+001F
    { 0, 0, 77, 0, 0, 0, 0 }, // U+0020
    { 5, 17, 106, 1, 16, 11, 0 }, // !
    { 9, 8, 178, 1, 16, 9, 11 }, // "
    { 14, 16, 214, 0, 16, 28, 20 }, // #
    { 13, 21, 218, 0, 18, 35, 48 }, // $
    { 19, 17, 333, 1, 16, 41, 83 }, // %
    { 14, 17, 222, 0, 16, 30, 124 }, // &
    { 4, 8, 108, 1, 16, 4, 154 }, // '
    { 7, 20, 122, 1, 17, 18, 158 }, // (
    { 7, 20, 122, 0, 17, 18, 176 }, // )
    { 9, 10, 185, 1, 16, 12, 194 }, // *
    { 12, 12, 224, 1, 12, 18, 206 }, // +
    { 4, 8, 105, 1, 3, 4, 224 }, // ,
    { 8, 4, 154, 1, 8, 4, 228 }, // -
    { 5, 5, 105, 1, 4, 4, 232 }, // .
    { 8, 19, 128, 0, 16, 19, 236 }, // /
    { 14, 17, 223, 0, 16, 30, 255 }, // 0
    { 8, 16, 141, 0, 16, 16, 285 }, // 1
    { 11, 16, 207, 1, 16, 22, 301 }, // 2
    { 13, 17, 213, 0, 16, 28, 323 }, // 3
    { 14, 16, 224, 0, 16, 28, 351 }, // 4
    { 12, 17, 206, 0, 16, 26, 379 }, // 5
    { 13, 17, 214, 0, 16, 28, 405 }, // 6
    { 12, 16, 191, 0, 16, 24, 433 }, // 7
    { 13, 17, 214, 0, 16, 28, 457 }, // 8
    { 13, 17, 214, 0, 16, 28, 485 }, // 9
    { 5, 12, 105, 1, 11, 8, 513 }, // :
    { 5, 16, 107, 1, 11, 10, 521 }, // ;
    { 11, 12, 224, 1, 12, 17, 531 }, // <
    { 12, 8, 224, 1, 10, 12, 548 }, // =
    { 11, 12, 224, 2, 12, 17, 560 }, // >
    { 11, 17, 187, 0, 16, 24, 577 }, // ?
    { 21, 21, 338, 0, 16, 56, 601 }, // @
    { 15, 16, 246, 0, 16, 30, 657 }, // A
    { 12, 16, 219, 1, 16, 24, 687 }, // B
    { 15, 17, 246, 0, 16, 32, 711 }, // C
    { 14, 16, 239, 1, 16, 28, 743 }, // D
    { 11, 16, 202, 1, 16, 22, 771 }, // E
    { 11, 16, 195, 1, 16, 22, 793 }, // F
    { 15, 17, 249, 0, 16, 32, 815 }, // G
    { 14, 16, 247, 1, 16, 28, 847 }, // H
    { 4, 16, 92, 1, 16, 8, 875 }, // I
    { 11, 17, 193, 0, 16, 24, 883 }, // J
    { 14, 16, 237, 1, 16, 28, 907 }, // K
    { 11, 16, 188, 1, 16, 22, 935 }, // L
    { 17, 16, 308, 1, 16, 34, 957 }, // M
    { 14, 16, 251, 1, 16, 28, 991 }, // N
    { 16, 17, 255, 0, 16, 34, 1019 }, // O
    { 12, 16, 215, 1, 16, 24, 1053 }, // P
    { 16, 18, 257, 0, 16, 36, 1077 }, // Q
    { 13, 16, 218, 1, 16, 26, 1113 }, // R
    { 13, 17, 218, 0, 16, 28, 1139 }, // S
    { 14, 16, 220, 0, 16, 28, 1167 }, // T
    { 13, 17, 242, 1, 16, 28, 1195 }, // U
    { 15, 16, 246, 0, 16, 30, 1223 }, // V
    { 22, 16, 343, 0, 16, 44, 1253 }, // W
    { 15, 16, 243, 0, 16, 30, 1297 }, // X
    { 15, 16, 240, 0, 16, 30, 1327 }, // Y
    { 12, 16, 219, 1, 16, 24, 1357 }, // Z
    { 6, 20, 122, 1, 17, 15, 1381 }, // [
    { 8, 19, 128, 0, 16, 19, 1396 }, // <backslash>
    { 6, 20, 122, 0, 17, 15, 1415 }, // ]
    { 10, 7, 160, 0, 15, 9, 1430 }, // ^
    { 10, 3, 159, 0, 0, 4, 1439 }, // _
    { 5, 4, 117, 1, 16, 3, 1443 }, // `
    { 11, 13, 191, 0, 12, 18, 1446 }, // a
    { 12, 17, 208, 1, 16, 26, 1464 }, // b
    { 12, 13, 194, 0, 12, 20, 1490 }, // c
    { 12, 17, 208, 0, 16, 26, 1510 }, // d
    { 12, 13, 196, 0, 12, 20, 1536 }, // e
    { 8, 16, 131, 0, 16, 16, 1556 }, // f
    { 12, 17, 208, 0, 12, 26, 1572 }, // g
    { 11, 16, 205, 1, 16, 22, 1598 }, // h
    { 4, 16, 89, 1, 16, 8, 1620 }, // i
    { 6, 21, 89, -1, 16, 16, 1628 }, // j
    { 11, 16, 191, 1, 16, 22, 1644 }, // k
    { 4, 16, 89, 1, 16, 8, 1666 }, // l
    { 17, 12, 302, 1, 12, 26, 1674 }, // m
    { 11, 12, 205, 1, 12, 17, 1700 }, // n
    { 12, 13, 202, 0, 12, 20, 1717 }, // o
    { 12, 17, 208, 1, 12, 26, 1737 }, // p
    { 12, 17, 208, 0, 12, 26, 1763 }, // q
    { 7, 12, 133, 1, 12, 11, 1789 }, // r
    { 11, 13, 184, 0, 12, 18, 1800 }, // s
    { 8, 15, 122, 0, 14, 15, 1818 }, // t
    { 11, 13, 205, 1, 12, 18, 1833 }, // u
    { 12, 12, 196, 0, 12, 18, 1851 }, // v
    { 18, 12, 281, 0, 12, 27, 1869 }, // w
    { 12, 12, 190, 0, 12, 18, 1896 }, // x
    { 13, 17, 197, 0, 12, 28, 1914 }, // y
    { 10, 12, 187, 1, 12, 15, 1942 }, // z
    { 8, 20, 154, 1, 17, 20, 1957 }, // {
    { 4, 26, 122, 2, 21, 13, 1977 }, // |
    { 9, 20, 154, 0, 17, 23, 1990 }, // }
    { 12, 6, 224, 1, 9, 9, 2013 }, // ~
    { 0, 0, 0, 0, 0, 0, 2022 }, // U+007F
    { 0, 0, 0, 0, 0, 0, 2022 }, // U+0080
    { 0, 0, 0, 0, 0, 0, 2022 }, // U+0081
    { 0, 0, 0, 0, 0, 0, 2022 }, // U+0082
    { 0, 0, 0, 0, 0, 0, 2022 }, // U+0083
    { 0, 0, 0, 0, 0, 0, 2022 }, // U+0084
    { 0, 0, 0, 0, 0, 0, 2022 }, // U+0085
    { 0, 0, 0, 0, 0, 0, 2022 }, // U+0086
    { 0, 0, 0, 0, 0, 0, 2022 }, // U+0087
    { 0, 0, 0, 0, 0, 0, 2022 }, // U+0088
    { 0, 0, 0, 0, 0, 0, 2022 }, // U+0089
    { 0, 0, 0, 0, 0, 0, 2022 }, // U+008A
    { 0, 0, 0, 0, 0, 0, 2022 }, // U+008B
    { 0, 0, 0, 0, 0, 0, 2022 }, // U+008C
    { 0, 0, 0, 0, 0, 0, 2022 }, // U+008D
    { 0, 0, 0, 0, 0, 0, 2022 }, // U+008E
    { 0, 0, 0, 0, 0, 0, 2022 }, // U+008F
    { 0, 0, 0, 0, 0, 0, 2022 }, // U+0090
    { 0, 0, 0, 0, 0, 0, 2022 }, // U+0091
    { 0, 0, 0, 0, 0, 0, 2022 }, // U+0092
    { 0, 0, 0, 0, 0, 0, 2022 }, // U+0093
    { 0, 0, 0, 0, 0, 0, 2022 }, // U+0094
    { 0, 0, 0, 0, 0, 0, 2022 }, // U+0095
    { 0, 0, 0, 0, 0, 0, 2022 }, // U+0096
    { 0, 0, 0, 0, 0, 0, 2022 }, // U+0097
    { 0, 0, 0, 0, 0, 0, 2022 }, // U+0098
    { 0, 0, 0, 0, 0, 0, 2022 }, // U+0099
    { 0, 0, 0, 0, 0, 0, 2022 }, // U+009A
    { 0, 0, 0, 0, 0, 0, 2022 }, // U+009B
    { 0, 0, 0, 0, 0, 0, 2022 }, // U+009C
    { 0, 0, 0, 0, 0, 0, 2022 }, // U+009D
    { 0, 0, 0, 0, 0, 0, 2022 }, // U+009E
    { 0, 0, 0, 0, 0, 0, 2022 }, // U+009F
    { 0, 0, 77, 0, 0, 0, 2022 }, // U+00A0
    { 5, 16, 106, 1, 12, 10, 2022 }, // U+00A1
    { 12, 16, 194, 0, 16, 24, 2032 }, // U+00A2
    { 13, 16, 211, 0, 16, 26, 2056 }, // U+00A3
    { 14, 14, 252, 1, 13, 25, 2082 }, // U+00A4
    { 12, 16, 188, 0, 16, 24, 2107 }, // U+00A5
    { 3, 19, 111, 2, 16, 8, 2131 }, // U+00A6
    { 11, 20, 187, 0, 16, 28, 2139 }, // U+00A7
    { 9, 4, 205, 2, 16, 5, 2167 }, // U+00A8
    { 17, 17, 303, 1, 16, 37, 2172 }, // U+00A9
    { 9, 10, 153, 0, 16, 12, 2209 }, // U+00AA
    { 13, 10, 217, 0, 11, 17, 2221 }, // U+00AB
    { 10, 6, 224, 2, 8, 8, 2238 }, // U+00AC
    { 0, 0, 0, 0, 0, 0, 2246 }, // U+00AD
    { 13, 13, 219, 0, 16, 22, 2246 }, // U+00AE
    { 7, 3, 143, 1, 16, 3, 2268 }, // U+00AF
    { 8, 8, 151, 1, 16, 8, 2271 }, // U+00B0
    { 12, 12, 224, 1, 12, 18, 2279 }, // U+00B1
    { 9, 9, 149, 0, 18, 11, 2297 }, // U+00B2
    { 9, 10, 152, 0, 18, 12, 2308 }, // U+00B3
    { 5, 4, 117, 1, 16, 3, 2320 }, // U+00B4
    { 12, 17, 207, 1, 12, 26, 2323 }, // U+00B5
    { 12, 16, 198, 0, 16, 24, 2349 }, // U+00B6
    { 5, 5, 105, 1, 10, 4, 2373 }, // U+00B7
    { 5, 6, 120, 2, 1, 4, 2377 }, // U+00B8
    { 6, 9, 106, 0, 18, 7, 2381 }, // U+00B9
    { 10, 10, 161, 0, 16, 13, 2388 }, // U+00BA
    { 13, 10, 217, 0, 11, 17, 2401 }, // U+00BB
    { 17, 16, 278, 0, 16, 34, 2418 }, // U+00BC
    { 18, 16, 289, 0, 16, 36, 2452 }, // U+00BD
    { 19, 16, 303, 0, 16, 38, 2488 }, // U+00BE
    { 11, 17, 187, 0, 12, 24, 2526 }, // U+00BF
    { 15, 20, 246, 0, 20, 38, 2550 }, // U+00C0
    { 15, 20, 246, 0, 20, 38, 2588 }, // U+00C1
    { 15, 20, 246, 0, 20, 38, 2626 }, // U+00C2
    { 15, 20, 246, 0, 20, 38, 2664 }, // U+00C3
    { 15, 20, 246, 0, 20, 38, 2702 }, // U+00C4
    { 15, 21, 246, 0, 21, 40, 2740 }, // U+00C5
    { 21, 16, 340, 0, 16, 42, 2780 }, // U+00C6
    { 15, 21, 246, 0, 16, 40, 2822 }, // U+00C7
    { 11, 20, 202, 1, 20, 28, 2862 }, // U+00C8
    { 11, 20, 202, 1, 20, 28, 2890 }, // U+00C9
    { 11, 20, 202, 1, 20, 28, 2918 }, // U+00CA
    { 11, 20, 202, 1, 20, 28, 2946 }, // U+00CB
    { 6, 20, 92, -1, 20, 15, 2974 }, // U+00CC
    { 6, 20, 92, 1, 20, 15, 2989 }, // U+00CD
    { 9, 20, 92, -2, 20, 23, 3004 }, // U+00CE
    { 8, 20, 92, -1, 20, 20, 3027 }, // U+00CF
    { 15, 16, 252, 0, 16, 30, 3047 }, // U+00D0
    { 14, 20, 251, 1, 20, 35, 3077 }, // U+00D1
    { 16, 21, 255, 0, 20, 42, 3112 }, // U+00D2
    { 16, 21, 255, 0, 20, 42, 3154 }, // U+00D3
    { 16, 21, 255, 0, 20, 42, 3196 }, // U+00D4
    { 16, 21, 255, 0, 20, 42, 3238 }, // U+00D5
    { 16, 21, 255, 0, 20, 42, 3280 }, // U+00D6
    { 12, 12, 224, 1, 12, 18, 3322 }, // U+00D7
    { 16, 17, 255, 0, 16, 34, 3340 }, // U+00D8
    { 13, 21, 242, 1, 20, 35, 3374 }, // U+00D9
    { 13, 21, 242, 1, 20, 35, 3409 }, // U+00DA
    { 13, 21, 242, 1, 20, 35, 3444 }, // U+00DB
    { 13, 21, 242, 1, 20, 35, 3479 }, // U+00DC
    { 15, 20, 240, 0, 20, 38, 3514 }, // U+00DD
    { 12, 16, 221, 1, 16, 24, 3552 }, // U+00DE
    { 12, 16, 217, 1, 16, 24, 3576 }, // U+00DF
    { 11, 17, 191, 0, 16, 24, 3600 }, // U+00E0
    { 11, 17, 191, 0, 16, 24, 3624 }, // U+00E1
    { 11, 17, 191, 0, 16, 24, 3648 }, // U+00E2
    { 11, 17, 191, 0, 16, 24, 3672 }, // U+00E3
    { 11, 17, 191, 0, 16, 24, 3696 }, // U+00E4
    { 11, 19, 191, 0, 18, 27, 3720 }, // U+00E5
    { 19, 13, 302, 0, 12, 31, 3747 }, // U+00E6
    { 12, 17, 194, 0, 12, 26, 3778 }, // U+00E7
    { 12, 17, 196, 0, 16, 26, 3804 }, // U+00E8
    { 12, 17, 196, 0, 16, 26, 3830 }, // U+00E9
    { 12, 17, 196, 0, 16, 26, 3856 }, // U+00EA
    { 12, 17, 196, 0, 16, 26, 3882 }, // U+00EB
    { 6, 16, 89, -1, 16, 12, 3908 }, // U+00EC
    { 5, 16, 89, 1, 16, 10, 3920 }, // U+00ED
    { 9, 16, 89, -2, 16, 18, 3930 }, // U+00EE
    { 9, 16, 89, -2, 16, 18, 3948 }, // U+00EF
    { 12, 17, 198, 0, 16, 26, 3966 }, // U+00F0
    { 11, 16, 205, 1, 16, 22, 3992 }, // U+00F1
    { 12, 17, 202, 0, 16, 26, 4014 }, // U+00F2
    { 12, 17, 202, 0, 16, 26, 4040 }, // U+00F3
    { 12, 17, 202, 0, 16, 26, 4066 }, // U+00F4
    { 12, 17, 202, 0, 16, 26, 4092 }, // U+00F5
    { 12, 17, 202, 0, 16, 26, 4118 }, // U+00F6
    { 12, 12, 224, 1, 12, 18, 4144 }, // U+00F7
    { 12, 13, 202, 0, 12, 20, 4162 }, // U+00F8
    { 11, 17, 205, 1, 16, 24, 4182 }, // U+00F9
    { 11, 17, 205, 1, 16, 24, 4206 }, // U+00FA
    { 11, 17, 205, 1, 16, 24, 4230 }, // U+00FB
    { 11, 17, 205, 1, 16, 24, 4254 }, // U+00FC
    { 13, 21, 197, 0, 16, 35, 4278 }, // U+00FD
    { 12, 21, 208, 1, 16, 32, 4313 }, // U+00FE
    { 13, 21, 197, 0, 16, 35, 4345 }, // U+00FF
    { 15, 20, 246, 0, 20, 38, 4380 }, // U+0100
    { 11, 17, 191, 0, 16, 24, 4418 }, // U+0101
    { 15, 20, 246, 0, 20, 38, 4442 }, // U+0102
    { 11, 17, 191, 0, 16, 24, 4480 }, // U+0103
    { 16, 21, 246, 0, 16, 42, 4504 }, // U+0104
    { 12, 17, 191, 0, 12, 26, 4546 }, // U+0105
    { 15, 21, 246, 0, 20, 40, 4572 }, // U+0106
    { 12, 17, 194, 0, 16, 26, 4612 }, // U+0107
    { 15, 21, 246, 0, 20, 40, 4638 }, // U+0108
    { 12, 17, 194, 0, 16, 26, 4678 }, // U+0109
    { 15, 21, 246, 0, 20, 40, 4704 }, // U+010A
    { 12, 17, 194, 0, 16, 26, 4744 }, // U+010B
    { 15, 21, 246, 0, 20, 40, 4770 }, // U+010C
    { 12, 17, 194, 0, 16, 26, 4810 }, // U+010D
    { 14, 20, 239, 1, 20, 35, 4836 }, // U+010E
    { 16, 17, 249, 0, 16, 34, 4871 }, // U+010F
    { 15, 16, 252, 0, 16, 30, 4905 }, // U+0110
    { 14, 17, 208, 0, 16, 30, 4935 }, // U+0111
    { 11, 20, 202, 1, 20, 28, 4965 }, // U+0112
    { 12, 17, 196, 0, 16, 26, 4993 }, // U+0113
    { 11, 20, 202, 1, 20, 28, 5019 }, // U+0114
    { 12, 17, 196, 0, 16, 26, 5047 }, // U+0115
    { 11, 20, 202, 1, 20, 28, 5073 }, // U+0116
    { 12, 17, 196, 0, 16, 26, 5101 }, // U+0117
    { 12, 21, 202, 1, 16, 32, 5127 }, // U+0118
    { 12, 17, 196, 0, 12, 26, 5159 }, // U+0119
    { 11, 20, 202, 1, 20, 28, 5185 }, // U+011A
    { 12, 17, 196, 0, 16, 26, 5213 }, // U+011B
    { 15, 21, 249, 0, 20, 40, 5239 }, // U+011C
    { 12, 21, 208, 0, 16, 32, 5279 }, // U+011D
    { 15, 21, 249, 0, 20, 40, 5311 }, // U+011E
    { 12, 21, 208, 0, 16, 32, 5351 }, // U+011F
    { 15, 21, 249, 0, 20, 40, 5383 }, // U+0120
    { 12, 21, 208, 0, 16, 32, 5423 }, // U+0121
    { 15, 21, 249, 0, 16, 40, 5455 }, // U+0122
    { 12, 23, 208, 0, 18, 35, 5495 }, // U+0123
    { 14, 20, 247, 1, 20, 35, 5530 }, // U+0124
    { 14, 20, 205, -2, 20, 35, 5565 }, // U+0125
    { 16, 16, 267, 0, 16, 32, 5600 }, // U+0126
    { 13, 16, 205, -1, 16, 26, 5632 }, // U+0127
    { 8, 20, 92, -1, 20, 20, 5658 }, // U+0128
    { 8, 16, 89, -1, 16, 16, 5678 }, // U+0129
    { 7, 20, 92, -1, 20, 18, 5694 }, // U+012A
    { 7, 16, 89, -1, 16, 14, 5712 }, // U+012B
    { 8, 20, 92, -1, 20, 20, 5726 }, // U+012C
    { 8, 16, 89, -1, 16, 16, 5746 }, // U+012D
    { 5, 21, 92, 0, 16, 14, 5762 }, // U+012E
    { 6, 21, 89, -1, 16, 16, 5776 }, // U+012F
    { 4, 20, 92, 1, 20, 10, 5792 }, // U+0130
    { 4, 12, 89, 1, 12, 6, 5802 }, // U+0131
    { 16, 17, 285, 1, 16, 34, 5808 }, // U+0132
    { 9, 21, 177, 1, 16, 24, 5842 }, // U+0133
    { 14, 21, 193, 0, 20, 37, 5866 }, // U+0134
    { 9, 21, 89, -2, 16, 24, 5903 }, // U+0135
    { 14, 21, 237, 1, 16, 37, 5927 }, // U+0136
    { 11, 21, 191, 1, 16, 29, 5964 }, // U+0137
    { 12, 12, 193, 1, 12, 18, 5993 }, // U+0138
    { 11, 20, 188, 1, 20, 28, 6011 }, // U+0139
    { 5, 20, 89, 1, 20, 13, 6039 }, // U+013A
    { 11, 21, 188, 1, 16, 29, 6052 }, // U+013B
    { 5, 21, 89, 0, 16, 14, 6081 }, // U+013C
    { 11, 16, 188, 1, 16, 22, 6095 }, // U+013D
    { 7, 16, 130, 1, 16, 14, 6117 }, // U+013E
    { 11, 16, 191, 1, 16, 22, 6131 }, // U+013F
    { 9, 16, 147, 1, 16, 18, 6153 }, // U+0140
    { 12, 16, 201, 0, 16, 24, 6171 }, // U+0141
    { 7, 16, 89, -1, 16, 14, 6195 }, // U+0142
    { 14, 20, 251, 1, 20, 35, 6209 }, // U+0143
    { 11, 16, 205, 1, 16, 22, 6244 }, // U+0144
    { 14, 21, 251, 1, 16, 37, 6266 }, // U+0145
    { 11, 17, 205, 1, 12, 24, 6303 }, // U+0146
    { 14, 20, 251, 1, 20, 35, 6327 }, // U+0147
    { 11, 16, 205, 1, 16, 22, 6362 }, // U+0148
    { 14, 21, 251, 1, 16, 37, 6384 }, // U+014A
    { 11, 17, 205, 1, 12, 24, 6421 }, // U+014B
    { 16, 21, 255, 0, 20, 42, 6445 }, // U+014C
    { 12, 17, 202, 0, 16, 26, 6487 }, // U+014D
    { 16, 21, 255, 0, 20, 42, 6513 }, // U+014E
    { 12, 17, 202, 0, 16, 26, 6555 }, // U+014F
    { 16, 21, 255, 0, 20, 42, 6581 }, // U+0150
    { 12, 17, 202, 0, 16, 26, 6623 }, // U+0151
    { 21, 16, 340, 0, 16, 42, 6649 }, // U+0152
    { 20, 13, 326, 0, 12, 33, 6691 }, // U+0153
    { 13, 20, 218, 1, 20, 33, 6724 }, // U+0154
    { 7, 16, 133, 1, 16, 14, 6757 }, // U+0155
    { 13, 21, 218, 1, 16, 35, 6771 }, // U+0156
    { 8, 17, 133, 0, 12, 17, 6806 }, // U+0157
    { 13, 20, 218, 1, 20, 33, 6823 }, // U+0158
    { 9, 16, 133, 0, 16, 18, 6856 }, // U+0159
    { 13, 21, 218, 0, 20, 35, 6874 }, // U+015A
    { 11, 17, 184, 0, 16, 24, 6909 }, // U+015B
    { 13, 21, 218, 0, 20, 35, 6933 }, // U+015C
    { 11, 17, 184, 0, 16, 24, 6968 }, // U+015D
    { 13, 21, 218, 0, 16, 35, 6992 }, // U+015E
    { 11, 17, 184, 0, 12, 24, 7027 }, // U+015F
    { 13, 21, 218, 0, 20, 35, 7051 }, // U+0160
    { 11, 17, 184, 0, 16, 24, 7086 }, // U+0161
    { 14, 21, 220, 0, 16, 37, 7110 }, // U+0162
    { 8, 19, 122, 0, 14, 19, 7147 }, // U+0163
    { 14, 20, 220, 0, 20, 35, 7166 }, // U+0164
    { 9, 18, 147, 0, 17, 21, 7201 }, // U+0165
    { 14, 16, 220, 0, 16, 28, 7222 }, // U+0166
    { 8, 15, 122, 0, 14, 15, 7250 }, // U+0167
    { 13, 21, 242, 1, 20, 35, 7265 }, // U+0168
    { 11, 17, 205, 1, 16, 24, 7300 }, // U+0169
    { 13, 21, 242, 1, 20, 35, 7324 }, // U+016A
    { 11, 17, 205, 1, 16, 24, 7359 }, // U+016B
    { 13, 21, 242, 1, 20, 35, 7383 }, // U+016C
    { 11, 17, 205, 1, 16, 24, 7418 }, // U+016D
    { 13, 22, 242, 1, 21, 36, 7442 }, // U+016E
    { 11, 19, 205, 1, 18, 27, 7478 }, // U+016F
    { 13, 21, 242, 1, 20, 35, 7505 }, // U+0170
    { 11, 17, 205, 1, 16, 24, 7540 }, // U+0171
    { 13, 21, 242, 1, 16, 35, 7564 }, // U+0172
    { 11, 17, 205, 1, 12, 24, 7599 }, // U+0173
    { 22, 20, 343, 0, 20, 55, 7623 }, // U+0174
    { 18, 16, 281, 0, 16, 36, 7678 }, // U+0175
    { 15, 20, 240, 0, 20, 38, 7714 }, // U+0176
    { 13, 21, 197, 0, 16, 35, 7752 }, // U+0177
    { 15, 20, 240, 0, 20, 38, 7787 }, // U+0178
    { 12, 20, 219, 1, 20, 30, 7825 }, // U+0179
    { 10, 16, 187, 1, 16, 20, 7855 }, // U+017A
    { 12, 20, 219, 1, 20, 30, 7875 }, // U+017B
    { 10, 16, 187, 1, 16, 20, 7905 }, // U+017C
    { 12, 20, 219, 1, 20, 30, 7925 }, // U+017D
    { 10, 16, 187, 1, 16, 20, 7955 }, // U+017E
    { 6, 16, 111, 1, 16, 12, 7975 }, // U+017F
    { 16, 19, 257, 0, 18, 38, 7987 }, // U+01A0
    { 13, 15, 202, 0, 14, 25, 8025 }, // U+01A1
    { 15, 19, 241, 1, 18, 36, 8050 }, // U+01AF
    { 13, 15, 219, 1, 14, 25, 8086 }, // U+01B0
    { 25, 16, 426, 1, 16, 50, 8111 }, // U+01C5
    { 24, 17, 395, 0, 16, 51, 8161 }, // U+01C6
    { 22, 17, 381, 1, 16, 47, 8212 }, // U+01C7
    { 16, 21, 276, 1, 16, 42, 8259 }, // U+01C8
    { 9, 21, 177, 1, 16, 24, 8301 }, // U+01C9
    { 26, 17, 444, 1, 16, 56, 8325 }, // U+01CA
    { 20, 21, 340, 1, 16, 53, 8381 }, // U+01CB
    { 17, 21, 293, 1, 16, 45, 8434 }, // U+01CC
    { 15, 20, 246, 0, 20, 38, 8479 }, // U+01CD
    { 11, 17, 191, 0, 16, 24, 8517 }, // U+01CE
    { 9, 20, 92, -2, 20, 23, 8541 }, // U+01CF
    { 9, 16, 89, -2, 16, 18, 8564 }, // U+01D0
    { 16, 21, 255, 0, 20, 42, 8582 }, // U+01D1
    { 12, 17, 202, 0, 16, 26, 8624 }, // U+01D2
    { 13, 21, 242, 1, 20, 35, 8650 }, // U+01D3
    { 11, 17, 205, 1, 16, 24, 8685 }, // U+01D4
    { 13, 24, 242, 1, 23, 39, 8709 }, // U+01D5
    { 11, 20, 205, 1, 19, 28, 8748 }, // U+01D6
    { 13, 25, 242, 1, 24, 41, 8776 }, // U+01D7
    { 11, 21, 205, 1, 20, 29, 8817 }, // U+01D8
    { 13, 25, 242, 1, 24, 41, 8846 }, // U+01D9
    { 11, 21, 205, 1, 20, 29, 8887 }, // U+01DA
    { 13, 25, 242, 1, 24, 41, 8916 }, // U+01DB
    { 11, 21, 205, 1, 20, 29, 8957 }, // U+01DC
    { 12, 13, 196, 0, 12, 20, 8986 }, // U+01DD
    { 15, 23, 246, 0, 23, 44, 9006 }, // U+01DE
    { 11, 20, 191, 0, 19, 28, 9050 }, // U+01DF
    { 15, 23, 246, 0, 23, 44, 9078 }, // U+01E0
    { 11, 20, 191, 0, 19, 28, 9122 }, // U+01E1
    { 21, 20, 340, 0, 20, 53, 9150 }, // U+01E2
    { 19, 17, 302, 0, 16, 41, 9203 }, // U+01E3
    { 16, 17, 249, 0, 16, 34, 9244 }, // U+01E4
    { 14, 17, 227, 0, 12, 30, 9278 }, // U+01E5
    { 15, 21, 249, 0, 20, 40, 9308 }, // U+01E6
    { 12, 21, 208, 0, 16, 32, 9348 }, // U+01E7
    { 14, 20, 237, 1, 20, 35, 9380 }, // U+01E8
    { 14, 20, 191, -2, 20, 35, 9415 }, // U+01E9
    { 16, 21, 255, 0, 16, 42, 9450 }, // U+01EA
    { 12, 17, 202, 0, 12, 26, 9492 }, // U+01EB
    { 16, 25, 255, 0, 20, 50, 9518 }, // U+01EC
    { 12, 21, 202, 0, 16, 32, 9568 }, // U+01ED
    { 14, 25, 227, 0, 20, 44, 9600 }, // U+01EE
    { 13, 21, 213, 0, 16, 35, 9644 }, // U+01EF
    { 9, 21, 89, -2, 16, 24, 9679 }, // U+01F0
    { 27, 16, 458, 1, 16, 54, 9703 }, // U+01F1
    { 25, 16, 426, 1, 16, 50, 9757 }, // U+01F2
    { 24, 17, 395, 0, 16, 51, 9807 }, // U+01F3
    { 15, 21, 249, 0, 20, 40, 9858 }, // U+01F4
    { 12, 21, 208, 0, 16, 32, 9898 }, // U+01F5
    { 21, 17, 370, 1, 16, 45, 9930 }, // U+01F6
    { 13, 21, 244, 1, 16, 35, 9975 }, // U+01F7
    { 14, 20, 251, 1, 20, 35, 10010 }, // U+01F8
    { 11, 16, 205, 1, 16, 22, 10045 }, // U+01F9
    { 15, 24, 246, 0, 24, 45, 10067 }, // U+01FA
    { 11, 21, 191, 0, 20, 29, 10112 }, // U+01FB
    { 21, 20, 340, 0, 20, 53, 10141 }, // U+01FC
    { 19, 17, 302, 0, 16, 41, 10194 }, // U+01FD
    { 16, 21, 255, 0, 20, 42, 10235 }, // U+01FE
    { 12, 17, 202, 0, 16, 26, 10277 }, // U+01FF
    { 15, 20, 246, 0, 20, 38, 10303 }, // U+0200
    { 11, 17, 191, 0, 16, 24, 10341 }, // U+0201
    { 15, 20, 246, 0, 20, 38, 10365 }, // U+0202
    { 11, 17, 191, 0, 16, 24, 10403 }, // U+0203
    { 11, 20, 202, 1, 20, 28, 10427 }, // U+0204
    { 12, 17, 196, 0, 16, 26, 10455 }, // U+0205
    { 11, 20, 202, 1, 20, 28, 10481 }, // U+0206
    { 12, 17, 196, 0, 16, 26, 10509 }, // U+0207
    { 9, 20, 92, -3, 20, 23, 10535 }, // U+0208
    { 9, 16, 89, -3, 16, 18, 10558 }, // U+0209
    { 8, 20, 92, -1, 20, 20, 10576 }, // U+020A
    { 8, 16, 89, -1, 16, 16, 10596 }, // U+020B
    { 16, 21, 255, 0, 20, 42, 10612 }, // U+020C
    { 12, 17, 202, 0, 16, 26, 10654 }, // U+020D
    { 16, 21, 255, 0, 20, 42, 10680 }, // U+020E
    { 12, 17, 202, 0, 16, 26, 10722 }, // U+020F
    { 13, 20, 218, 1, 20, 33, 10748 }, // U+0210
    { 9, 16, 133, -1, 16, 18, 10781 }, // U+0211
    { 13, 20, 218, 1, 20, 33, 10799 }, // U+0212
    { 8, 16, 133, 1, 16, 16, 10832 }, // U+0213
    { 13, 21, 242, 1, 20, 35, 10848 }, // U+0214
    { 11, 17, 205, 1, 16, 24, 10883 }, // U+0215
    { 13, 21, 242, 1, 20, 35, 10907 }, // U+0216
    { 11, 17, 205, 1, 16, 24, 10942 }, // U+0217
    { 13, 21, 218, 0, 16, 35, 10966 }, // U+0218
    { 11, 17, 184, 0, 12, 24, 11001 }, // U+0219
    { 14, 21, 220, 0, 16, 37, 11025 }, // U+021A
    { 8, 19, 122, 0, 14, 19, 11062 }, // U+021B
    { 12, 21, 221, 1, 16, 32, 11081 }, // U+021C
    { 10, 17, 190, 1, 12, 22, 11113 }, // U+021D
    { 14, 20, 247, 1, 20, 35, 11135 }, // U+021E
    { 14, 20, 205, -2, 20, 35, 11170 }, // U+021F
    { 5, 4, 0, 1, 16, 3, 11205 }, // U+0300
    { 5, 4, 0, 1, 16, 3, 11208 }, // U+0301
    { 9, 4, 0, 0, 16, 5, 11211 }, // U+0302
    { 8, 4, 0, 1, 16, 4, 11216 }, // U+0303
    { 7, 3, 0, 1, 16, 3, 11220 }, // U+0304
    { 8, 4, 0, 0, 16, 4, 11223 }, // U+0306
    { 4, 4, 0, 1, 16, 2, 11227 }, // U+0307
    { 9, 4, 0, 2, 16, 5, 11229 }, // U+0308
    { 4, 4, 0, 1, 16, 2, 11234 }, // U+0309
    { 6, 6, 0, 1, 18, 5, 11236 }, // U+030A
    { 10, 5, 0, -4, 17, 7, 11241 }, // U+030B
    { 9, 4, 0, 0, 16, 5, 11248 }, // U+030C
    { 9, 4, 0, 1, 16, 5, 11253 }, // U+030F
    { 5, 6, 0, -2, 15, 4, 11258 }, // U+0312
    { 5, 7, 0, 4, 10, 5, 11262 }, // U+0313
    { 5, 7, 0, 4, 10, 5, 11267 }, // U+0315
    { 4, 6, 0, -5, 16, 3, 11272 }, // U+031B
    { 4, 4, 94, 1, -1, 2, 11275 }, // U+0323
    { 4, 5, 0, -9, -1, 3, 11277 }, // U+0326
    { 5, 6, 0, 2, 1, 4, 11280 }, // U+0327
    { 6, 6, 0, 0, 1, 5, 11284 }, // U+0328
    { 9, 4, 0, 0, -1, 5, 11289 }, // U+032C
    { 9, 15, 0, -11, 13, 17, 11294 }, // U+0337
    { 13, 17, 0, -13, 16, 28, 11311 }, // U+0338
    { 8, 4, 0, -11, 16, 4, 11339 }, // U+0342
    { 5, 4, 0, 0, 13, 3, 11343 }, // U+0343
    { 9, 5, 0, -11, 17, 6, 11346 }, // U+0346
    { 8, 6, 0, -10, -2, 6, 11352 }, // U+0347
    { 6, 6, 0, -9, 0, 5, 11358 }, // U+0348
    { 5, 5, 0, -9, -1, 4, 11363 }, // U+0349
    { 9, 6, 0, -11, 17, 7, 11367 }, // U+034A
    { 9, 10, 0, -11, 21, 12, 11374 }, // U+034B
    { 9, 6, 0, -11, 18, 7, 11386 }, // U+034C
    { 11, 5, 0, -12, -1, 7, 11393 }, // U+034D
    { 5, 6, 0, -9, 0, 4, 11400 }, // U+034E
    { 0, 0, 0, 0, 0, 0, 11404 }, // U+034F
    { 9, 9, 0, -10, 21, 11, 11404 }, // U+0350
    { 3, 5, 0, -8, 16, 2, 11415 }, // U+0351
    { 8, 8, 0, -11, 19, 8, 11417 }, // U+0352
    { 6, 6, 0, -9, 0, 5, 11425 }, // U+0353
    { 6, 6, 0, -9, 0, 5, 11430 }, // U+0354
    { 7, 6, 0, -10, 0, 6, 11435 }, // U+0355
    { 12, 6, 0, -11, 0, 9, 11441 }, // U+0356
    { 4, 6, 0, 0, 18, 3, 11450 }, // U+0357
    { 4, 4, 0, 1, 16, 2, 11453 }, // U+0358
    { 5, 6, 0, -9, 0, 4, 11455 }, // U+0359
    { 9, 5, 0, -11, 0, 6, 11459 }, // U+035A
    { 5, 5, 0, -9, 17, 4, 11465 }, // U+035B
    { 16, 5, 0, -9, 0, 10, 11469 }, // U+035C
    { 17, 5, 0, -9, 16, 11, 11479 }, // U+035D
    { 13, 3, 0, -13, 16, 5, 11490 }, // U+035E
    { 13, 3, 0, -13, -1, 5, 11495 }, // U+035F
    { 22, 4, 0, -12, 16, 11, 11500 }, // U+0360
    { 17, 5, 0, -9, 16, 11, 11511 }, // U+0361
    { 19, 5, 0, -9, -1, 12, 11522 }, // U+0362
    { 7, 6, 0, -10, 18, 6, 11534 }, // U+0363
    { 7, 6, 0, -10, 18, 6, 11540 }, // U+0364
    { 3, 9, 0, -8, 21, 4, 11546 }, // U+0365
    { 7, 6, 0, -10, 18, 6, 11550 }, // U+0366
    { 7, 6, 0, -10, 18, 6, 11556 }, // U+0367
    { 6, 6, 0, -10, 18, 5, 11562 }, // U+0368
    { 7, 9, 0, -10, 21, 8, 11567 }, // U+0369
    { 7, 9, 0, -10, 21, 8, 11575 }, // U+036A
    { 9, 6, 0, -11, 18, 7, 11583 }, // U+036B
    { 4, 6, 0, -8, 18, 3, 11590 }, // U+036C
    { 4, 8, 0, 0, 20, 4, 11593 }, // U+036D
    { 7, 6, 0, -10, 18, 6, 11597 }, // U+036E
    { 7, 6, 0, -10, 18, 6, 11603 }, // U+036F
    { 11, 20, 202, 1, 20, 28, 11609 }, // U+0400
    { 11, 20, 202, 1, 20, 28, 11637 }, // U+0401
    { 17, 18, 284, 0, 16, 39, 11665 }, // U+0402
    { 11, 20, 192, 1, 20, 28, 11704 }, // U+0403
    { 15, 17, 246, 0, 16, 32, 11732 }, // U+0404
    { 13, 17, 218, 0, 16, 28, 11764 }, // U+0405
    { 4, 16, 92, 1, 16, 8, 11792 }, // U+0406
    { 8, 20, 92, -1, 20, 20, 11800 }, // U+0407
    { 11, 17, 193, 0, 16, 24, 11820 }, // U+0408
    { 23, 16, 370, 0, 16, 46, 11844 }, // U+0409
    { 22, 16, 373, 1, 16, 44, 11890 }, // U+040A
    { 18, 16, 296, 0, 16, 36, 11934 }, // U+040B
    { 14, 20, 237, 1, 20, 35, 11970 }, // U+040C
    { 14, 20, 251, 1, 20, 35, 12005 }, // U+040D
    { 14, 20, 228, 0, 20, 35, 12040 }, // U+040E
    { 13, 20, 241, 1, 16, 33, 12075 }, // U+040F
    { 15, 16, 246, 0, 16, 30, 12108 }, // U+0410
    { 12, 16, 214, 1, 16, 24, 12138 }, // U+0411
    { 12, 16, 219, 1, 16, 24, 12162 }, // U+0412
    { 11, 16, 192, 1, 16, 22, 12186 }, // U+0413
    { 18, 20, 285, 0, 16, 45, 12208 }, // U+0414
    { 11, 16, 202, 1, 16, 22, 12253 }, // U+0415
    { 22, 16, 351, 0, 16, 44, 12275 }, // U+0416
    { 13, 17, 213, 0, 16, 28, 12319 }, // U+0417
    { 14, 16, 251, 1, 16, 28, 12347 }, // U+0418
    { 14, 20, 251, 1, 20, 35, 12375 }, // U+0419
    { 14, 16, 237, 1, 16, 28, 12410 }, // U+041A
    { 15, 16, 248, 0, 16, 30, 12438 }, // U+041B
    { 17, 16, 308, 1, 16, 34, 12468 }, // U+041C
    { 14, 16, 247, 1, 16, 28, 12502 }, // U+041D
    { 16, 17, 255, 0, 16, 34, 12530 }, // U+041E
    { 14, 16, 247, 1, 16, 28, 12564 }, // U+041F
    { 12, 16, 215, 1, 16, 24, 12592 }, // U+0420
    { 15, 17, 246, 0, 16, 32, 12616 }, // U+0421
    { 14, 16, 220, 0, 16, 28, 12648 }, // U+0422
    { 14, 16, 228, 0, 16, 28, 12676 }, // U+0423
    { 17, 17, 277, 0, 16, 37, 12704 }, // U+0424
    { 15, 16, 243, 0, 16, 30, 12741 }, // U+0425
    { 15, 20, 254, 1, 16, 38, 12771 }, // U+0426
    { 13, 16, 234, 1, 16, 26, 12809 }, // U+0427
    { 19, 16, 328, 1, 16, 38, 12835 }, // U+0428
    { 20, 20, 337, 1, 16, 50, 12873 }, // U+0429
    { 17, 16, 275, 0, 16, 34, 12923 }, // U+042A
    { 17, 16, 303, 1, 16, 34, 12957 }, // U+042B
    { 12, 16, 219, 1, 16, 24, 12991 }, // U+042C
    { 15, 17, 246, 0, 16, 32, 13015 }, // U+042D
    { 20, 17, 346, 1, 16, 43, 13047 }, // U+042E
    { 13, 16, 218, 0, 16, 26, 13090 }, // U+042F
    { 11, 13, 191, 0, 12, 18, 13116 }, // U+0430
    { 12, 17, 201, 0, 16, 26, 13134 }, // U+0431
    { 11, 12, 189, 1, 12, 17, 13160 }, // U+0432
    { 8, 12, 150, 1, 12, 12, 13177 }, // U+0433
    { 14, 16, 219, 0, 12, 28, 13189 }, // U+0434
    { 12, 13, 196, 0, 12, 20, 13217 }, // U+0435
    { 18, 12, 286, 0, 12, 27, 13237 }, // U+0436
    { 11, 13, 171, 0, 12, 18, 13264 }, // U+0437
    { 11, 12, 206, 1, 12, 17, 13282 }, // U+0438
    { 11, 16, 206, 1, 16, 22, 13299 }, // U+0439
    { 11, 12, 192, 1, 12, 17, 13321 }, // U+043A
    { 12, 12, 200, 0, 12, 18, 13338 }, // U+043B
    { 15, 12, 268, 1, 12, 23, 13356 }, // U+043C
    { 11, 12, 205, 1, 12, 17, 13379 }, // U+043D
    { 12, 13, 202, 0, 12, 20, 13396 }, // U+043E
    { 11, 12, 202, 1, 12, 17, 13416 }, // U+043F
    { 12, 17, 208, 1, 12, 26, 13433 }, // U+0440
    { 12, 13, 194, 0, 12, 20, 13459 }, // U+0441
    { 11, 12, 170, 0, 12, 17, 13479 }, // U+0442
    { 13, 17, 197, 0, 12, 28, 13496 }, // U+0443
    { 16, 21, 256, 0, 16, 42, 13524 }, // U+0444
    { 12, 12, 190, 0, 12, 18, 13566 }, // U+0445
    { 12, 16, 217, 1, 12, 24, 13584 }, // U+0446
    { 11, 12, 199, 1, 12, 17, 13608 }, // U+0447
    { 16, 12, 285, 1, 12, 24, 13625 }, // U+0448
    { 18, 16, 294, 1, 12, 36, 13649 }, // U+0449
    { 14, 12, 223, 0, 12, 21, 13685 }, // U+044A
    { 15, 12, 264, 1, 12, 23, 13706 }, // U+044B
    { 11, 12, 193, 1, 12, 17, 13729 }, // U+044C
    { 12, 13, 194, 0, 12, 20, 13746 }, // U+044D
    { 17, 13, 286, 1, 12, 28, 13766 }, // U+044E
    { 11, 12, 191, 0, 12, 17, 13794 }, // U+044F
    { 12, 17, 196, 0, 16, 26, 13811 }, // U+0450
    { 12, 17, 196, 0, 16, 26, 13837 }, // U+0451
    { 13, 21, 205, -1, 16, 35, 13863 }, // U+0452
    { 8, 16, 150, 1, 16, 16, 13898 }, // U+0453
    { 12, 13, 194, 0, 12, 20, 13914 }, // U+0454
    { 11, 13, 184, 0, 12, 18, 13934 }, // U+0455
    { 4, 16, 89, 1, 16, 8, 13952 }, // U+0456
    { 9, 16, 89, -2, 16, 18, 13960 }, // U+0457
    { 6, 21, 89, -1, 16, 16, 13978 }, // U+0458
    { 19, 12, 311, 0, 12, 29, 13994 }, // U+0459
    { 18, 12, 305, 1, 12, 27, 14023 }, // U+045A
    { 13, 16, 205, -1, 16, 26, 14050 }, // U+045B
    { 11, 16, 192, 1, 16, 22, 14076 }, // U+045C
    { 11, 16, 206, 1, 16, 22, 14098 }, // U+045D
    { 13, 21, 197, 0, 16, 35, 14120 }, // U+045E
    { 11, 16, 202, 1, 12, 22, 14155 }, // U+045F
    { 18, 17, 324, 1, 16, 39, 14177 }, // U+0460
    { 16, 13, 292, 1, 12, 26, 14216 }, // U+0461
    { 14, 16, 236, 0, 16, 28, 14242 }, // U+0462
    { 13, 16, 212, 0, 16, 26, 14270 }, // U+0463
    { 19, 17, 332, 1, 16, 41, 14296 }, // U+0464
    { 16, 13, 274, 1, 12, 26, 14337 }, // U+0465
    { 15, 16, 246, 0, 16, 30, 14363 }, // U+0466
    { 12, 12, 195, 0, 12, 18, 14393 }, // U+0467
    { 20, 16, 329, 1, 16, 40, 14411 }, // U+0468
    { 16, 12, 276, 1, 12, 24, 14451 }, // U+0469
    { 17, 16, 292, 1, 16, 34, 14475 }, // U+046A
    { 14, 12, 248, 1, 12, 21, 14509 }, // U+046B
    { 23, 16, 393, 1, 16, 46, 14530 }, // U+046C
    { 20, 12, 338, 1, 12, 30, 14576 }, // U+046D
    { 10, 25, 188, 1, 20, 32, 14606 }, // U+046E
    { 10, 21, 179, 0, 16, 27, 14638 }, // U+046F
    { 17, 16, 296, 1, 16, 34, 14665 }, // U+0470
    { 15, 19, 275, 1, 14, 36, 14699 }, // U+0471
    { 16, 17, 255, 0, 16, 34, 14735 }, // U+0472
    { 12, 13, 202, 0, 12, 20, 14769 }, // U+0473
    { 16, 16, 250, 0, 16, 32, 14789 }, // U+0474
    { 13, 12, 203, 0, 12, 20, 14821 }, // U+0475
    { 16, 20, 250, 0, 20, 40, 14841 }, // U+0476
    { 13, 16, 203, 0, 16, 26, 14881 }, // U+0477
    { 28, 21, 452, 0, 16, 74, 14907 }, // U+0478
    { 25, 17, 393, 0, 12, 54, 14981 }, // U+0479
    { 14, 16, 238, 0, 16, 28, 15035 }, // U+0480
    { 12, 16, 193, 0, 12, 24, 15063 }, // U+0481
    { 12, 14, 221, 1, 14, 21, 15087 }, // U+0482
    { 9, 4, 0, -11, 16, 5, 15108 }, // U+0483
    { 8, 3, 0, -10, 16, 3, 15113 }, // U+0484
    { 3, 4, 0, -7, 17, 2, 15116 }, // U+0485
    { 3, 4, 0, -7, 17, 2, 15118 }, // U+0486
    { 9, 3, 0, -11, 16, 4, 15120 }, // U+0487
    { 21, 19, 0, -17, 15, 50, 15124 }, // U+0488
    { 20, 21, 0, -16, 16, 53, 15174 }, // U+0489
    { 15, 24, 251, 1, 20, 45, 15227 }, // U+048A
    { 13, 20, 206, 1, 16, 33, 15272 }, // U+048B
    { 14, 16, 236, 0, 16, 28, 15305 }, // U+048C
    { 13, 14, 212, 0, 14, 23, 15333 }, // U+048D
    { 12, 16, 218, 1, 16, 24, 15356 }, // U+048E
    { 12, 17, 202, 1, 12, 26, 15380 }, // U+048F
    { 11, 19, 192, 1, 19, 27, 15406 }, // U+0490
    { 8, 15, 150, 1, 15, 15, 15433 }, // U+0491
    { 13, 16, 192, -1, 16, 26, 15448 }, // U+0492
    { 10, 12, 150, -1, 12, 15, 15474 }, // U+0493
    { 12, 18, 220, 1, 16, 27, 15489 }, // U+0494
    { 11, 16, 189, 1, 12, 22, 15516 }, // U+0495
    { 23, 20, 363, 0, 16, 58, 15538 }, // U+0496
    { 19, 16, 296, 0, 12, 38, 15596 }, // U+0497
    { 13, 21, 213, 0, 16, 35, 15634 }, // U+0498
    { 11, 17, 171, 0, 12, 24, 15669 }, // U+0499
    { 15, 20, 252, 1, 16, 38, 15693 }, // U+049A
    { 12, 16, 204, 1, 12, 24, 15731 }, // U+049B
    { 14, 16, 237, 1, 16, 28, 15755 }, // U+049C
    { 13, 12, 209, 1, 12, 20, 15783 }, // U+049D
    { 18, 16, 293, 0, 16, 36, 15803 }, // U+04A0
    { 14, 12, 223, 0, 12, 21, 15839 }, // U+04A1
    { 15, 20, 256, 1, 16, 38, 15860 }, // U+04A2
    { 13, 16, 214, 1, 12, 26, 15898 }, // U+04A3
    { 20, 16, 333, 1, 16, 40, 15924 }, // U+04A4
    { 14, 12, 236, 1, 12, 21, 15964 }, // U+04A5
    { 22, 18, 373, 1, 16, 50, 15985 }, // U+04A6
    { 18, 16, 312, 1, 12, 36, 16035 }, // U+04A7
    { 22, 17, 347, 0, 16, 47, 16071 }, // U+04A8
    { 17, 13, 278, 0, 12, 28, 16118 }, // U+04A9
    { 15, 21, 246, 0, 16, 40, 16146 }, // U+04AA
    { 12, 17, 194, 0, 12, 26, 16186 }, // U+04AB
    { 14, 20, 220, 0, 16, 35, 16212 }, // U+04AC
    { 11, 16, 170, 0, 12, 22, 16247 }, // U+04AD
    { 15, 16, 240, 0, 16, 30, 16269 }, // U+04AE
    { 12, 17, 196, 0, 12, 26, 16299 }, // U+04AF
    { 15, 16, 240, 0, 16, 30, 16325 }, // U+04B0
    { 12, 17, 196, 0, 12, 26, 16355 }, // U+04B1
    { 16, 20, 255, 0, 16, 40, 16381 }, // U+04B2
    { 13, 16, 202, 0, 12, 26, 16421 }, // U+04B3
    { 20, 20, 316, 0, 16, 50, 16447 }, // U+04B4
    { 15, 16, 236, 0, 12, 30, 16497 }, // U+04B5
    { 14, 20, 243, 1, 16, 35, 16527 }, // U+04B6
    { 12, 16, 208, 1, 12, 24, 16562 }, // U+04B7
    { 13, 16, 234, 1, 16, 26, 16586 }, // U+04B8
    { 11, 12, 199, 1, 12, 17, 16612 }, // U+04B9
    { 13, 16, 234, 1, 16, 26, 16629 }, // U+04BA
    { 11, 16, 205, 1, 16, 22, 16655 }, // U+04BB
    { 18, 17, 296, 0, 16, 39, 16677 }, // U+04BC
    { 15, 13, 249, 0, 12, 25, 16716 }, // U+04BD
    { 18, 20, 296, 0, 16, 45, 16741 }, // U+04BE
    { 15, 17, 249, 0, 12, 32, 16786 }, // U+04BF
    { 4, 16, 92, 1, 16, 8, 16818 }, // U+04C0
    { 22, 20, 351, 0, 20, 55, 16826 }, // U+04C1
    { 18, 16, 286, 0, 16, 36, 16881 }, // U+04C2
    { 13, 20, 230, 1, 16, 33, 16917 }, // U+04C3
    { 11, 16, 205, 1, 12, 22, 16950 }, // U+04C4
    { 17, 20, 248, 0, 16, 43, 16972 }, // U+04C5
    { 14, 16, 200, 0, 12, 28, 17015 }, // U+04C6
    { 14, 21, 247, 1, 16, 37, 17043 }, // U+04C7
    { 11, 17, 205, 1, 12, 24, 17080 }, // U+04C8
    { 16, 20, 247, 1, 16, 40, 17104 }, // U+04C9
    { 13, 16, 205, 1, 12, 26, 17144 }, // U+04CA
    { 14, 20, 243, 1, 16, 35, 17170 }, // U+04CB
    { 12, 16, 208, 1, 12, 24, 17205 }, // U+04CC
    { 19, 20, 308, 1, 16, 48, 17229 }, // U+04CD
    { 17, 16, 268, 1, 12, 34, 17277 }, // U+04CE
    { 4, 16, 89, 1, 16, 8, 17311 }, // U+04CF
    { 15, 20, 246, 0, 20, 38, 17319 }, // U+04D0
    { 11, 17, 191, 0, 16, 24, 17357 }, // U+04D1
    { 15, 20, 246, 0, 20, 38, 17381 }, // U+04D2
    { 11, 17, 191, 0, 16, 24, 17419 }, // U+04D3
    { 21, 16, 340, 0, 16, 42, 17443 }, // U+04D4
    { 19, 13, 302, 0, 12, 31, 17485 }, // U+04D5
    { 11, 20, 202, 1, 20, 28, 17516 }, // U+04D6
    { 12, 17, 196, 0, 16, 26, 17544 }, // U+04D7
    { 15, 17, 248, 0, 16, 32, 17570 }, // U+04D8
    { 12, 13, 196, 0, 12, 20, 17602 }, // U+04D9
    { 15, 21, 248, 0, 20, 40, 17622 }, // U+04DA
    { 12, 17, 196, 0, 16, 26, 17662 }, // U+04DB
    { 22, 20, 351, 0, 20, 55, 17688 }, // U+04DC
    { 18, 16, 286, 0, 16, 36, 17743 }, // U+04DD
    { 13, 21, 213, 0, 20, 35, 17779 }, // U+04DE
    { 11, 17, 171, 0, 16, 24, 17814 }, // U+04DF
    { 13, 17, 213, 0, 16, 28, 17838 }, // U+04E0
    { 13, 17, 213, 0, 12, 28, 17866 }, // U+04E1
    { 14, 20, 251, 1, 20, 35, 17894 }, // U+04E2
    { 11, 16, 206, 1, 16, 22, 17929 }, // U+04E3
    { 14, 20, 251, 1, 20, 35, 17951 }, // U+04E4
    { 11, 16, 206, 1, 16, 22, 17986 }, // U+04E5
    { 16, 21, 255, 0, 20, 42, 18008 }, // U+04E6
    { 12, 17, 202, 0, 16, 26, 18050 }, // U+04E7
    { 16, 17, 255, 0, 16, 34, 18076 }, // U+04E8
    { 12, 13, 202, 0, 12, 20, 18110 }, // U+04E9
    { 16, 21, 255, 0, 20, 42, 18130 }, // U+04EA
    { 12, 17, 202, 0, 16, 26, 18172 }, // U+04EB
    { 15, 21, 246, 0, 20, 40, 18198 }, // U+04EC
    { 12, 17, 194, 0, 16, 26, 18238 }, // U+04ED
    { 14, 20, 228, 0, 20, 35, 18264 }, // U+04EE
    { 13, 21, 197, 0, 16, 35, 18299 }, // U+04EF
    { 14, 20, 228, 0, 20, 35, 18334 }, // U+04F0
    { 13, 21, 197, 0, 16, 35, 18369 }, // U+04F1
    { 14, 20, 228, 0, 20, 35, 18404 }, // U+04F2
    { 13, 21, 197, 0, 16, 35, 18439 }, // U+04F3
    { 13, 20, 234, 1, 20, 33, 18474 }, // U+04F4
    { 11, 16, 199, 1, 16, 22, 18507 }, // U+04F5
    { 11, 20, 192, 1, 16, 28, 18529 }, // U+04F6
    { 8, 16, 150, 1, 12, 16, 18557 }, // U+04F7
    { 17, 20, 303, 1, 20, 43, 18573 }, // U+04F8
    { 15, 16, 264, 1, 16, 30, 18616 }, // U+04F9
    { 13, 21, 205, 0, 16, 35, 18646 }, // U+04FA
    { 10, 17, 150, -1, 12, 22, 18681 }, // U+04FB
    { 16, 21, 261, 0, 16, 42, 18703 }, // U+04FC
    { 11, 17, 179, 0, 12, 24, 18745 }, // U+04FD
    { 15, 16, 243, 0, 16, 30, 18769 }, // U+04FE
    { 12, 12, 190, 0, 12, 18, 18799 }, // U+04FF
    { 13, 13, 227, 1, 13, 22, 18817 }, // U+05D0
    { 12, 13, 188, 0, 13, 20, 18839 }, // U+05D1
    { 9, 13, 151, 0, 13, 15, 18859 }, // U+05D2
    { 12, 13, 183, 0, 13, 20, 18874 }, // U+05D3
    { 12, 13, 219, 1, 13, 20, 18894 }, // U+05D4
    { 4, 13, 99, 1, 13, 7, 18914 }, // U+05D5
    { 9, 13, 135, 0, 13, 15, 18921 }, // U+05D6
    { 12, 13, 226, 1, 13, 20, 18936 }, // U+05D7
    { 12, 13, 220, 1, 13, 20, 18956 }, // U+05D8
    { 4, 8, 94, 1, 13, 4, 18976 }, // U+05D9
    { 10, 17, 176, 0, 13, 22, 18980 }, // U+05DA
    { 11, 13, 181, 0, 13, 18, 19002 }, // U+05DB
    { 11, 16, 172, 0, 16, 22, 19020 }, // U+05DC
    { 12, 13, 226, 1, 13, 20, 19042 }, // U+05DD
    { 14, 13, 230, 0, 13, 23, 19062 }, // U+05DE
    { 4, 17, 99, 1, 13, 9, 19085 }, // U+05DF
    { 7, 13, 133, 0, 13, 12, 19094 }, // U+05E0
    { 13, 13, 221, 0, 13, 22, 19106 }, // U+05E1
    { 12, 14, 205, 0, 13, 21, 19128 }, // U+05E2
    { 12, 17, 216, 1, 13, 26, 19149 }, // U+05E3
    { 12, 13, 218, 1, 13, 20, 19175 }, // U+05E4
    { 12, 17, 194, 0, 13, 26, 19195 }, // U+05E5
    { 12, 13, 205, 0, 13, 20, 19221 }, // U+05E6
    { 12, 17, 213, 1, 13, 26, 19241 }, // U+05E7
    { 10, 13, 179, 0, 13, 17, 19267 }, // U+05E8
    { 15, 13, 267, 1, 13, 25, 19284 }, // U+05E9
    { 12, 13, 222, 1, 13, 20, 19309 }, // U+05EA
    { 4, 7, 108, 1, 6, 4, 19329 }, // U+060C
    { 6, 16, 113, 0, 15, 12, 19333 }, // U+061B
    { 11, 17, 171, 0, 16, 24, 19345 }, // U+061F
    { 10, 12, 157, 0, 10, 15, 19369 }, // U+0621
    { 8, 4, 96, 0, 3, 4, 19384 }, // U+0640
    { 6, 6, 191, 3, 9, 5, 19388 }, // U+0660
    { 6, 16, 191, 3, 15, 12, 19393 }, // U+0661
    { 10, 16, 191, 1, 15, 20, 19405 }, // U+0662
    { 12, 16, 191, 0, 15, 24, 19425 }, // U+0663
    { 10, 16, 191, 1, 15, 20, 19449 }, // U+0664
    { 10, 12, 191, 1, 12, 15, 19469 }, // U+0665
    { 12, 16, 191, 0, 15, 24, 19484 }, // U+0666
    { 12, 16, 191, 0, 15, 24, 19508 }, // U+0667
    { 12, 16, 191, 0, 15, 24, 19532 }, // U+0668
    { 10, 15, 191, 1, 15, 19, 19556 }, // U+0669
    { 15, 13, 247, 0, 8, 25, 19575 }, // U+06BA
    { 7, 2, 108, 0, 2, 2, 19600 }, // U+06D4
    { 6, 6, 191, 3, 9, 5, 19602 }, // U+06F0
    { 6, 16, 191, 3, 15, 12, 19607 }, // U+06F1
    { 10, 16, 191, 1, 15, 20, 19619 }, // U+06F2
    { 12, 16, 191, 0, 15, 24, 19639 }, // U+06F3
    { 12, 16, 191, 0, 15, 24, 19663 }, // U+06F4
    { 12, 15, 191, 0, 15, 23, 19687 }, // U+06F5
    { 10, 16, 191, 1, 15, 20, 19710 }, // U+06F6
    { 12, 16, 191, 0, 15, 24, 19730 }, // U+06F7
    { 12, 16, 191, 0, 15, 24, 19754 }, // U+06F8
    { 10, 15, 191, 1, 15, 19, 19778 }, // U+06F9
    { 15, 21, 246, 0, 16, 40, 19797 }, // U+1EA0
    { 11, 17, 191, 0, 12, 24, 19837 }, // U+1EA1
    { 15, 20, 246, 0, 20, 38, 19861 }, // U+1EA2
    { 11, 17, 191, 0, 16, 24, 19899 }, // U+1EA3
    { 15, 24, 246, 0, 24, 45, 19923 }, // U+1EA4
    { 12, 21, 191, 0, 20, 32, 19968 }, // U+1EA5
    { 15, 24, 246, 0, 24, 45, 20000 }, // U+1EA6
    { 11, 21, 191, 0, 20, 29, 20045 }, // U+1EA7
    { 15, 24, 246, 0, 24, 45, 20074 }, // U+1EA8
    { 11, 21, 191, 0, 20, 29, 20119 }, // U+1EA9
    { 15, 23, 246, 0, 23, 44, 20148 }, // U+1EAA
    { 11, 20, 191, 0, 19, 28, 20192 }, // U+1EAB
    { 15, 25, 246, 0, 20, 47, 20220 }, // U+1EAC
    { 11, 21, 191, 0, 16, 29, 20267 }, // U+1EAD
    { 15, 24, 246, 0, 24, 45, 20296 }, // U+1EAE
    { 11, 21, 191, 0, 20, 29, 20341 }, // U+1EAF
    { 15, 24, 246, 0, 24, 45, 20370 }, // U+1EB0
    { 11, 21, 191, 0, 20, 29, 20415 }, // U+1EB1
    { 15, 24, 246, 0, 24, 45, 20444 }, // U+1EB2
    { 11, 21, 191, 0, 20, 29, 20489 }, // U+1EB3
    { 15, 23, 246, 0, 23, 44, 20518 }, // U+1EB4
    { 11, 20, 191, 0, 19, 28, 20562 }, // U+1EB5
    { 15, 25, 246, 0, 20, 47, 20590 }, // U+1EB6
    { 11, 21, 191, 0, 16, 29, 20637 }, // U+1EB7
    { 11, 21, 202, 1, 16, 29, 20666 }, // U+1EB8
    { 12, 17, 196, 0, 12, 26, 20695 }, // U+1EB9
    { 11, 20, 202, 1, 20, 28, 20721 }, // U+1EBA
    { 12, 17, 196, 0, 16, 26, 20749 }, // U+1EBB
    { 11, 20, 202, 1, 20, 28, 20775 }, // U+1EBC
    { 12, 17, 196, 0, 16, 26, 20803 }, // U+1EBD
    { 11, 24, 202, 1, 24, 33, 20829 }, // U+1EBE
    { 12, 21, 196, 0, 20, 32, 20862 }, // U+1EBF
    { 11, 24, 202, 1, 24, 33, 20894 }, // U+1EC0
    { 12, 21, 196, 0, 20, 32, 20927 }, // U+1EC1
    { 11, 24, 202, 1, 24, 33, 20959 }, // U+1EC2
    { 12, 21, 196, 0, 20, 32, 20992 }, // U+1EC3
    { 11, 23, 202, 1, 23, 32, 21024 }, // U+1EC4
    { 12, 20, 196, 0, 19, 30, 21056 }, // U+1EC5
    { 11, 25, 202, 1, 20, 35, 21086 }, // U+1EC6
    { 12, 21, 196, 0, 16, 32, 21121 }, // U+1EC7
    { 5, 20, 92, 0, 20, 13, 21153 }, // U+1EC8
    { 5, 16, 89, 0, 16, 10, 21166 }, // U+1EC9
    { 4, 21, 92, 1, 16, 11, 21176 }, // U+1ECA
    { 4, 21, 89, 1, 16, 11, 21187 }, // U+1ECB
    { 16, 21, 255, 0, 16, 42, 21198 }, // U+1ECC
    { 12, 17, 202, 0, 12, 26, 21240 }, // U+1ECD
    { 16, 21, 255, 0, 20, 42, 21266 }, // U+1ECE
    { 12, 17, 202, 0, 16, 26, 21308 }, // U+1ECF
    { 16, 25, 255, 0, 24, 50, 21334 }, // U+1ED0
    { 12, 21, 202, 0, 20, 32, 21384 }, // U+1ED1
    { 16, 25, 255, 0, 24, 50, 21416 }, // U+1ED2
    { 12, 21, 202, 0, 20, 32, 21466 }, // U+1ED3
    { 16, 25, 255, 0, 24, 50, 21498 }, // U+1ED4
    { 12, 21, 202, 0, 20, 32, 21548 }, // U+1ED5
    { 16, 24, 255, 0, 23, 48, 21580 }, // U+1ED6
    { 12, 20, 202, 0, 19, 30, 21628 }, // U+1ED7
    { 16, 25, 255, 0, 20, 50, 21658 }, // U+1ED8
    { 12, 21, 202, 0, 16, 32, 21708 }, // U+1ED9
    { 16, 21, 257, 0, 20, 42, 21740 }, // U+1EDA
    { 13, 17, 202, 0, 16, 28, 21782 }, // U+1EDB
    { 16, 21, 257, 0, 20, 42, 21810 }, // U+1EDC
    { 13, 17, 202, 0, 16, 28, 21852 }, // U+1EDD
    { 16, 21, 257, 0, 20, 42, 21880 }, // U+1EDE
    { 13, 17, 202, 0, 16, 28, 21922 }, // U+1EDF
    { 16, 21, 257, 0, 20, 42, 21950 }, // U+1EE0
    { 13, 17, 202, 0, 16, 28, 21992 }, // U+1EE1
    { 16, 23, 257, 0, 18, 46, 22020 }, // U+1EE2
    { 13, 19, 202, 0, 14, 31, 22066 }, // U+1EE3
    { 13, 21, 242, 1, 16, 35, 22097 }, // U+1EE4
    { 11, 17, 205, 1, 12, 24, 22132 }, // U+1EE5
    { 13, 21, 242, 1, 20, 35, 22156 }, // U+1EE6
    { 11, 17, 205, 1, 16, 24, 22191 }, // U+1EE7
    { 15, 21, 241, 1, 20, 40, 22215 }, // U+1EE8
    { 13, 17, 219, 1, 16, 28, 22255 }, // U+1EE9
    { 15, 21, 241, 1, 20, 40, 22283 }, // U+1EEA
    { 13, 17, 219, 1, 16, 28, 22323 }, // U+1EEB
    { 15, 21, 241, 1, 20, 40, 22351 }, // U+1EEC
    { 13, 17, 219, 1, 16, 28, 22391 }, // U+1EED
    { 15, 21, 241, 1, 20, 40, 22419 }, // U+1EEE
    { 13, 17, 219, 1, 16, 28, 22459 }, // U+1EEF
    { 15, 23, 241, 1, 18, 44, 22487 }, // U+1EF0
    { 13, 19, 219, 1, 14, 31, 22531 }, // U+1EF1
    { 15, 20, 240, 0, 20, 38, 22562 }, // U+1EF2
    { 13, 21, 197, 0, 16, 35, 22600 }, // U+1EF3
    { 15, 21, 240, 0, 16, 40, 22635 }, // U+1EF4
    { 13, 17, 197, 0, 12, 28, 22675 }, // U+1EF5
    { 15, 20, 240, 0, 20, 38, 22703 }, // U+1EF6
    { 13, 21, 197, 0, 16, 35, 22741 }, // U+1EF7
    { 15, 20, 240, 0, 20, 38, 22776 }, // U+1EF8
    { 13, 21, 197, 0, 16, 35, 22814 }, // U+1EF9
    { 0, 0, 189, 0, 0, 0, 22849 }, // U+2000
    { 0, 0, 376, 0, 0, 0, 22849 }, // U+2001
    { 0, 0, 167, 0, 0, 0, 22849 }, // U+2002
    { 0, 0, 333, 0, 0, 0, 22849 }, // U+2003
    { 0, 0, 111, 0, 0, 0, 22849 }, // U+2004
    { 0, 0, 83, 0, 0, 0, 22849 }, // U+2005
    { 0, 0, 55, 0, 0, 0, 22849 }, // U+2006
    { 0, 0, 215, 0, 0, 0, 22849 }, // U+2007
    { 0, 0, 105, 0, 0, 0, 22849 }, // U+2008
    { 0, 0, 51, 0, 0, 0, 22849 }, // U+2009
    { 0, 0, 25, 0, 0, 0, 22849 }, // U+200A
    { 0, 0, 0, 0, 0, 0, 22849 }, // U+200B
    { 0, 0, 0, 0, 0, 0, 22849 }, // U+200C
    { 0, 0, 0, 0, 0, 0, 22849 }, // U+200D
    { 0, 0, 0, 0, 0, 0, 22849 }, // U+200E
    { 0, 0, 0, 0, 0, 0, 22849 }, // U+200F
    { 8, 4, 150, 1, 8, 4, 22849 }, // U+2010
    { 8, 4, 150, 1, 8, 4, 22853 }, // U+2011
    { 13, 3, 215, 0, 8, 5, 22857 }, // U+2012
    { 11, 4, 167, 0, 8, 6, 22862 }, // U+2013
    { 21, 4, 333, 0, 8, 11, 22868 }, // U+2014
    { 21, 4, 333, 0, 8, 11, 22879 }, // U+2015
    { 8, 26, 186, 2, 21, 26, 22890 }, // U+2016
    { 10, 5, 157, 0, 0, 7, 22916 }, // U+2017
    { 5, 8, 97, 1, 16, 5, 22923 }, // U+2018
    { 5, 8, 97, 1, 16, 5, 22928 }, // U+2019
    { 4, 8, 90, 1, 3, 4, 22933 }, // U+201A
    { 5, 8, 97, 0, 16, 5, 22937 }, // U+201B
    { 10, 8, 172, 1, 16, 10, 22942 }, // U+201C
    { 9, 8, 169, 1, 16, 9, 22952 }, // U+201D
    { 9, 8, 162, 1, 3, 9, 22961 }, // U+201E
    { 10, 8, 169, 0, 16, 10, 22970 }, // U+201F
    { 10, 13, 193, 1, 16, 17, 22980 }, // U+2020
    { 10, 16, 193, 1, 16, 20, 22997 }, // U+2021
    { 8, 8, 155, 1, 10, 8, 23017 }, // U+2022
    { 6, 8, 155, 2, 10, 6, 23025 }, // U+2023
    { 5, 5, 105, 1, 4, 4, 23031 }, // U+2024
    { 11, 5, 209, 1, 4, 7, 23035 }, // U+2025
    { 18, 5, 314, 1, 4, 12, 23042 }, // U+2026
    { 5, 5, 105, 1, 10, 4, 23054 }, // U+2027
    { 0, 0, 0, 0, 0, 0, 23058 }, // U+202A
    { 0, 0, 0, 0, 0, 0, 23058 }, // U+202B
    { 0, 0, 0, 0, 0, 0, 23058 }, // U+202C
    { 0, 0, 0, 0, 0, 0, 23058 }, // U+202D
    { 0, 0, 0, 0, 0, 0, 23058 }, // U+202E
    { 0, 0, 51, 0, 0, 0, 23058 }, // U+202F
    { 26, 17, 457, 1, 16, 56, 23058 }, // U+2030
    { 34, 17, 581, 1, 16, 73, 23114 }, // U+2031
    { 4, 7, 90, 1, 16, 4, 23187 }, // U+2032
    { 10, 7, 179, 1, 16, 9, 23191 }, // U+2033
    { 15, 7, 268, 1, 16, 14, 23200 }, // U+2034
    { 4, 7, 90, 1, 16, 4, 23214 }, // U+2035
    { 10, 7, 179, 1, 16, 9, 23218 }, // U+2036
    { 15, 7, 268, 1, 16, 14, 23227 }, // U+2037
    { 10, 5, 181, 1, -1, 7, 23241 }, // U+2038
    { 9, 10, 141, 0, 11, 12, 23248 }, // U+2039
    { 8, 10, 141, 0, 11, 10, 23260 }, // U+203A
    { 15, 14, 268, 1, 14, 27, 23270 }, // U+203B
    { 11, 17, 212, 1, 16, 24, 23297 }, // U+203C
    { 11, 17, 185, 0, 16, 24, 23321 }, // U+203D
    { 11, 3, 164, 0, 18, 5, 23345 }, // U+203E
    { 18, 4, 281, 0, -1, 9, 23350 }, // U+203F
    { 18, 4, 281, 0, 16, 9, 23359 }, // U+2040
    { 10, 12, 157, 0, 7, 15, 23368 }, // U+2041
    { 14, 13, 253, 1, 14, 23, 23383 }, // U+2042
    { 7, 4, 155, 1, 8, 4, 23406 }, // U+2043
    { 14, 16, 68, -5, 16, 28, 23410 }, // U+2044
    { 6, 20, 122, 1, 17, 15, 23438 }, // U+2045
    { 6, 20, 122, 0, 17, 15, 23453 }, // U+2046
    { 23, 17, 374, 0, 16, 49, 23468 }, // U+2047
    { 17, 17, 293, 0, 16, 37, 23517 }, // U+2048
    { 17, 17, 293, 1, 16, 37, 23554 }, // U+2049
    { 9, 17, 153, 0, 12, 20, 23591 }, // U+204A
    { 11, 16, 198, 1, 16, 22, 23611 }, // U+204B
    { 10, 10, 201, 1, 11, 13, 23633 }, // U+204C
    { 11, 10, 201, 1, 11, 14, 23646 }, // U+204D
    { 9, 10, 185, 1, 8, 12, 23660 }, // U+204E
    { 5, 15, 107, 1, 11, 10, 23672 }, // U+204F
    { 18, 21, 281, 0, 16, 48, 23682 }, // U+2050
    { 9, 20, 190, 2, 16, 23, 23730 }, // U+2051
    { 15, 16, 265, 1, 16, 30, 23753 }, // U+2052
    { 14, 6, 252, 1, 10, 11, 23783 }, // U+2053
    { 18, 4, 281, 0, -1, 9, 23794 }, // U+2054
    { 12, 11, 237, 1, 11, 17, 23803 }, // U+2055
    { 21, 7, 357, 1, 16, 19, 23820 }, // U+2057
    { 0, 0, 97, 0, 0, 0, 23839 }, // U+205F
    { 0, 0, 0, 0, 0, 0, 23839 }, // U+2060
    { 0, 0, 0, 0, 0, 0, 23839 }, // U+2061
    { 0, 0, 0, 0, 0, 0, 23839 }, // U+2062
    { 0, 0, 0, 0, 0, 0, 23839 }, // U+2063
    { 0, 0, 0, 0, 0, 0, 23839 }, // U+2064
    { 0, 0, 0, 0, 0, 0, 23839 }, // U+2066
    { 0, 0, 0, 0, 0, 0, 23839 }, // U+2067
    { 0, 0, 0, 0, 0, 0, 23839 }, // U+2068
    { 0, 0, 0, 0, 0, 0, 23839 }, // U+2069
    { 0, 0, 0, 0, 0, 0, 23839 }, // U+206A
    { 0, 0, 0, 0, 0, 0, 23839 }, // U+206B
    { 0, 0, 0, 0, 0, 0, 23839 }, // U+206C
    { 0, 0, 0, 0, 0, 0, 23839 }, // U+206D
    { 0, 0, 0, 0, 0, 0, 23839 }, // U+206E
    { 0, 0, 0, 0, 0, 0, 23839 }, // U+206F
    { 10, 10, 160, 0, 18, 13, 23839 }, // U+2070
    { 3, 10, 72, 1, 19, 4, 23852 }, // U+2071
    { 10, 9, 157, 0, 18, 12, 23856 }, // U+2074
    { 8, 10, 152, 1, 18, 10, 23868 }, // U+2075
    { 9, 10, 153, 0, 18, 12, 23878 }, // U+2076
    { 8, 9, 137, 0, 18, 9, 23890 }, // U+2077
    { 9, 10, 155, 0, 18, 12, 23899 }, // U+2078
    { 9, 10, 153, 0, 18, 12, 23911 }, // U+2079
    { 8, 8, 154, 1, 17, 8, 23923 }, // U+207A
    { 8, 2, 154, 1, 14, 2, 23931 }, // U+207B
    { 8, 6, 154, 1, 16, 6, 23933 }, // U+207C
    { 5, 12, 93, 1, 19, 8, 23939 }, // U+207D
    { 5, 12, 93, 0, 19, 8, 23947 }, // U+207E
    { 8, 7, 149, 1, 16, 7, 23955 }, // U+207F
    { 10, 10, 160, 0, 6, 13, 23962 }, // U+2080
    { 6, 9, 106, 0, 6, 7, 23975 }, // U+2081
    { 9, 9, 149, 0, 6, 11, 23982 }, // U+2082
    { 9, 10, 152, 0, 6, 12, 23993 }, // U+2083
    { 10, 9, 157, 0, 6, 12, 24005 }, // U+2084
    { 8, 10, 152, 1, 6, 10, 24017 }, // U+2085
    { 9, 10, 153, 0, 6, 12, 24027 }, // U+2086
    { 8, 9, 137, 0, 6, 9, 24039 }, // U+2087
    { 9, 10, 155, 0, 6, 12, 24048 }, // U+2088
    { 9, 10, 153, 0, 6, 12, 24060 }, // U+2089
    { 8, 8, 154, 1, 5, 8, 24072 }, // U+208A
    { 8, 2, 154, 1, 2, 2, 24080 }, // U+208B
    { 8, 6, 154, 1, 4, 6, 24082 }, // U+208C
    { 5, 12, 93, 1, 7, 8, 24088 }, // U+208D
    { 5, 12, 93, 0, 7, 8, 24096 }, // U+208E
    { 8, 8, 137, 0, 4, 8, 24104 }, // U+2090
    { 8, 8, 140, 0, 4, 8, 24112 }, // U+2091
    { 9, 8, 144, 0, 4, 9, 24120 }, // U+2092
    { 9, 7, 139, 0, 4, 8, 24129 }, // U+2093
    { 8, 9, 158, 1, 4, 9, 24137 }, // U+2094
    { 8, 9, 149, 1, 6, 9, 24146 }, // U+2095
    { 8, 9, 138, 1, 6, 9, 24155 }, // U+2096
    { 3, 9, 72, 1, 6, 4, 24164 }, // U+2097
    { 12, 7, 211, 1, 4, 11, 24168 }, // U+2098
    { 8, 7, 149, 1, 4, 7, 24179 }, // U+2099
    { 8, 10, 148, 1, 4, 10, 24186 }, // U+209A
    { 8, 8, 134, 0, 4, 8, 24196 }, // U+209B
    { 6, 9, 91, 0, 5, 7, 24204 }, // U+209C
    { 15, 17, 252, 0, 16, 32, 24211 }, // U+20A0
    { 15, 20, 246, 0, 18, 38, 24243 }, // U+20A1
    { 15, 17, 240, 0, 16, 32, 24281 }, // U+20A2
    { 13, 16, 204, -1, 16, 26, 24313 }, // U+20A3
    { 13, 16, 211, 0, 16, 26, 24339 }, // U+20A4
    { 17, 16, 286, 1, 14, 34, 24365 }, // U+20A5
    { 16, 16, 251, 0, 16, 32, 24399 }, // U+20A6
    { 20, 17, 332, 1, 16, 43, 24431 }, // U+20A7
    { 23, 17, 388, 1, 16, 49, 24474 }, // U+20A8
    { 21, 16, 345, 0, 16, 42, 24523 }, // U+20A9
    { 17, 12, 305, 1, 12, 26, 24565 }, // U+20AA
    { 14, 21, 208, 0, 16, 37, 24591 }, // U+20AB
    { 14, 17, 227, 0, 16, 30, 24628 }, // U+20AC
    { 17, 16, 265, 0, 16, 34, 24658 }, // U+20AD
    { 14, 16, 220, 0, 16, 28, 24692 }, // U+20AE
    { 30, 23, 483, 0, 18, 87, 24720 }, // U+20AF
    { 15, 16, 236, 0, 16, 30, 24807 }, // U+20B1
    { 15, 21, 249, 0, 18, 40, 24837 }, // U+20B2
    { 15, 16, 246, 0, 16, 30, 24877 }, // U+20B3
    { 13, 17, 244, 1, 16, 28, 24907 }, // U+20B4
    { 15, 21, 246, 0, 18, 40, 24935 }, // U+20B5
    { 14, 16, 221, 0, 16, 28, 24975 }, // U+20B8
    { 12, 16, 189, 0, 16, 24, 25003 }, // U+20B9
    { 12, 17, 213, 1, 16, 26, 25027 }, // U+20BA
    { 14, 12, 252, 1, 12, 21, 25053 }, // U+20BC
    { 15, 16, 245, 0, 16, 30, 25074 }, // U+20BD
    { 14, 16, 252, 1, 16, 28, 25104 }, // U+20BE
    { 12, 20, 219, 1, 18, 30, 25132 }, // U+20BF
    { 16, 15, 316, 2, 14, 30, 25162 }, // U+2190
    { 15, 16, 300, 2, 16, 30, 25192 }, // U+2191
    { 16, 15, 316, 2, 14, 30, 25222 }, // U+2192
    { 15, 17, 300, 2, 16, 32, 25252 }, // U+2193
    { 24, 15, 445, 2, 14, 45, 25284 }, // U+2194
    { 14, 25, 285, 2, 19, 44, 25329 }, // U+2195
    { 12, 13, 256, 2, 12, 20, 25373 }, // U+2196
    { 12, 13, 256, 2, 12, 20, 25393 }, // U+2197
    { 12, 12, 256, 2, 12, 18, 25413 }, // U+2198
    { 12, 12, 256, 2, 12, 18, 25431 }, // U+2199
    { 21, 17, 384, 2, 16, 45, 25449 }, // U+21A9
    { 22, 17, 384, 1, 16, 47, 25494 }, // U+21AA
    { 17, 16, 335, 2, 16, 34, 25541 }, // U+21B0
    { 17, 16, 335, 2, 16, 34, 25575 }, // U+21B1
    { 13, 15, 300, 3, 15, 25, 25609 }, // U+21B2
    { 17, 15, 335, 2, 16, 32, 25634 }, // U+21B3
    { 15, 17, 297, 2, 16, 32, 25666 }, // U+21B4
    { 17, 15, 335, 2, 16, 32, 25698 }, // U+21B5
    { 19, 13, 300, 0, 14, 31, 25730 }, // U+21B6
    { 19, 13, 300, 0, 14, 31, 25761 }, // U+21B7
    { 16, 19, 316, 2, 19, 38, 25792 }, // U+21BA
    { 16, 19, 316, 2, 19, 38, 25830 }, // U+21BB
    { 15, 16, 300, 2, 16, 30, 25868 }, // U+21C4
    { 15, 16, 300, 2, 16, 30, 25898 }, // U+21C6
    { 16, 16, 316, 2, 15, 32, 25928 }, // U+21D0
    { 16, 16, 316, 2, 15, 32, 25960 }, // U+21D2
    { 24, 16, 445, 2, 15, 48, 25992 }, // U+21D4
    { 11, 16, 210, 1, 16, 22, 26040 }, // U+21DE
    { 11, 17, 210, 1, 16, 24, 26062 }, // U+21DF
    { 19, 11, 348, 1, 13, 27, 26086 }, // U+21E4
    { 19, 11, 348, 1, 13, 27, 26113 }, // U+21E5
    { 21, 17, 365, 1, 17, 45, 26140 }, // U+21E7
    { 21, 21, 365, 1, 17, 56, 26185 }, // U+21EA
    { 12, 17, 221, 1, 16, 26, 26241 }, // U+2202
    { 14, 13, 228, 0, 12, 23, 26267 }, // U+2205
    { 15, 16, 244, 0, 16, 30, 26290 }, // U+2206
    { 12, 19, 254, 2, 16, 29, 26320 }, // U+220F
    { 13, 19, 245, 1, 16, 31, 26349 }, // U+2211
    { 12, 4, 224, 1, 8, 6, 26380 }, // U+2212
    { 15, 15, 49, -6, 15, 29, 26386 }, // U+2215
    { 12, 16, 221, 1, 16, 24, 26415 }, // U+221A
    { 20, 11, 325, 0, 12, 28, 26439 }, // U+221E
    { 9, 22, 127, -1, 17, 25, 26467 }, // U+222B
    { 5, 13, 105, 1, 14, 9, 26492 }, // U+2236
    { 12, 10, 224, 1, 11, 15, 26501 }, // U+2248
    { 12, 12, 224, 1, 12, 18, 26516 }, // U+2260
    { 12, 13, 224, 1, 13, 20, 26534 }, // U+2264
    { 12, 13, 224, 1, 13, 20, 26554 }, // U+2265
    { 29, 29, 463, 0, 22, 106, 26574 }, // U+2295
    { 29, 29, 463, 0, 22, 106, 26680 }, // U+2296
    { 29, 29, 463, 0, 22, 106, 26786 }, // U+2297
    { 29, 29, 463, 0, 22, 106, 26892 }, // U+2298
    { 13, 16, 216, 0, 16, 26, 26998 }, // U+FB01
    { 14, 16, 221, 0, 16, 28, 27024 }, // U+FB02
    { 21, 18, 341, 0, 10, 48, 27052 }, // U+FB56
    { 26, 17, 381, 0, 9, 56, 27100 }, // U+FB57
    { 7, 18, 120, 0, 10, 16, 27156 }, // U+FB58
    { 11, 16, 136, 0, 8, 22, 27172 }, // U+FB59
    { 21, 17, 341, 0, 16, 45, 27194 }, // U+FB66
    { 26, 17, 381, 0, 16, 56, 27239 }, // U+FB67
    { 6, 19, 106, 0, 18, 15, 27295 }, // U+FB68
    { 11, 17, 136, 0, 16, 24, 27310 }, // U+FB69
    { 15, 20, 229, 0, 11, 38, 27334 }, // U+FB7A
    { 18, 20, 253, 0, 11, 45, 27372 }, // U+FB7B
    { 13, 18, 210, 0, 10, 30, 27417 }, // U+FB7C
    { 16, 18, 218, 0, 10, 36, 27447 }, // U+FB7D
    { 10, 20, 172, 0, 19, 25, 27483 }, // U+FB88
    { 14, 20, 190, 0, 19, 35, 27508 }, // U+FB89
    { 9, 21, 136, -1, 16, 24, 27543 }, // U+FB8A
    { 13, 21, 150, -1, 16, 35, 27567 }, // U+FB8B
    { 9, 22, 136, -1, 17, 25, 27602 }, // U+FB8C
    { 13, 22, 150, -1, 17, 36, 27627 }, // U+FB8D
    { 20, 16, 303, 0, 15, 40, 27663 }, // U+FB8E
    { 22, 16, 317, 0, 15, 44, 27703 }, // U+FB8F
    { 10, 16, 151, 0, 15, 20, 27747 }, // U+FB90
    { 13, 16, 169, 0, 15, 26, 27767 }, // U+FB91
    { 20, 20, 303, 0, 19, 50, 27793 }, // U+FB92
    { 22, 20, 317, 0, 19, 55, 27843 }, // U+FB93
    { 11, 20, 151, -1, 19, 28, 27898 }, // U+FB94
    { 14, 20, 169, -1, 19, 35, 27926 }, // U+FB95
    { 15, 13, 247, 0, 8, 25, 27961 }, // U+FB9E
    { 19, 13, 268, 0, 8, 31, 27986 }, // U+FB9F
    { 10, 13, 157, 0, 12, 17, 28017 }, // U+FBA6
    { 14, 10, 195, 0, 9, 18, 28034 }, // U+FBA7
    { 6, 14, 106, 0, 10, 11, 28052 }, // U+FBA8
    { 13, 11, 172, 0, 5, 18, 28063 }, // U+FBA9
    { 16, 13, 257, 0, 12, 26, 28081 }, // U+FBAA
    { 16, 15, 228, 0, 10, 30, 28107 }, // U+FBAB
    { 13, 13, 214, 0, 12, 22, 28137 }, // U+FBAC
    { 14, 15, 190, 0, 10, 27, 28159 }, // U+FBAD
    { 20, 12, 314, 0, 11, 30, 28186 }, // U+FBAE
    { 14, 10, 187, 0, 3, 18, 28216 }, // U+FBAF
    { 20, 18, 314, 0, 17, 45, 28234 }, // U+FBB0
    { 14, 16, 187, 0, 9, 28, 28279 }, // U+FBB1
    { 17, 15, 274, 0, 10, 32, 28307 }, // U+FBFC
    { 19, 11, 267, 0, 6, 27, 28339 }, // U+FBFD
    { 7, 15, 120, 0, 10, 14, 28366 }, // U+FBFE
    { 11, 13, 136, 0, 8, 18, 28380 }, // U+FBFF
    { 10, 12, 157, 0, 10, 15, 28398 }, // U+FE80
    { 9, 19, 90, -2, 19, 22, 28413 }, // U+FE81
    { 10, 21, 106, -1, 20, 27, 28435 }, // U+FE82
    { 5, 21, 90, 0, 21, 14, 28462 }, // U+FE83
    { 9, 23, 106, 0, 22, 26, 28476 }, // U+FE84
    { 10, 20, 166, 0, 15, 25, 28502 }, // U+FE85
    { 13, 21, 175, 0, 16, 35, 28527 }, // U+FE86
    { 5, 23, 91, 1, 16, 15, 28562 }, // U+FE87
    { 8, 23, 106, 1, 16, 23, 28577 }, // U+FE88
    { 17, 17, 274, 0, 12, 37, 28600 }, // U+FE89
    { 19, 17, 267, 0, 12, 41, 28637 }, // U+FE8A
    { 6, 18, 106, 0, 17, 14, 28678 }, // U+FE8B
    { 10, 16, 128, 0, 15, 20, 28692 }, // U+FE8C
    { 4, 16, 91, 1, 16, 8, 28712 }, // U+FE8D
    { 8, 17, 106, 1, 16, 17, 28720 }, // U+FE8E
    { 21, 15, 341, 0, 10, 40, 28737 }, // U+FE8F
    { 26, 14, 381, 0, 9, 46, 28777 }, // U+FE90
    { 6, 15, 106, 0, 10, 12, 28823 }, // U+FE91
    { 10, 13, 128, 0, 8, 17, 28835 }, // U+FE92
    { 10, 18, 157, 0, 17, 23, 28852 }, // U+FE93
    { 14, 19, 185, 0, 18, 34, 28875 }, // U+FE94
    { 21, 14, 341, 0, 13, 37, 28909 }, // U+FE95
    { 26, 14, 381, 0, 13, 46, 28946 }, // U+FE96
    { 8, 16, 106, -1, 15, 16, 28992 }, // U+FE97
    { 11, 14, 136, 0, 13, 20, 29008 }, // U+FE98
    { 21, 16, 341, 0, 15, 42, 29028 }, // U+FE99
    { 26, 16, 381, 0, 15, 52, 29070 }, // U+FE9A
    { 6, 18, 106, 0, 17, 14, 29122 }, // U+FE9B
    { 11, 16, 136, 0, 15, 22, 29136 }, // U+FE9C
    { 14, 20, 229, 0, 11, 35, 29158 }, // U+FE9D
    { 18, 20, 246, 0, 11, 45, 29193 }, // U+FE9E
    { 13, 15, 210, 0, 10, 25, 29238 }, // U+FE9F
    { 16, 15, 218, 0, 10, 30, 29263 }, // U+FEA0
    { 14, 20, 229, 0, 11, 35, 29293 }, // U+FEA1
    { 18, 20, 246, 0, 11, 45, 29328 }, // U+FEA2
    { 13, 11, 210, 0, 10, 18, 29373 }, // U+FEA3
    { 16, 11, 218, 0, 10, 22, 29391 }, // U+FEA4
    { 14, 25, 229, 0, 16, 44, 29413 }, // U+FEA5
    { 18, 25, 246, 0, 16, 57, 29457 }, // U+FEA6
    { 13, 16, 210, 0, 15, 26, 29514 }, // U+FEA7
    { 16, 16, 218, 0, 15, 32, 29540 }, // U+FEA8
    { 10, 12, 172, 0, 11, 15, 29572 }, // U+FEA9
    { 14, 12, 190, 0, 11, 21, 29587 }, // U+FEAA
    { 10, 17, 172, 0, 16, 22, 29608 }, // U+FEAB
    { 14, 17, 190, 0, 16, 30, 29630 }, // U+FEAC
    { 9, 13, 136, -1, 8, 15, 29660 }, // U+FEAD
    { 13, 13, 150, -1, 8, 22, 29675 }, // U+FEAE
    { 9, 19, 136, -1, 14, 22, 29697 }, // U+FEAF
    { 13, 19, 150, -1, 14, 31, 29719 }, // U+FEB0
    { 28, 15, 457, 0, 10, 53, 29750 }, // U+FEB1
    { 32, 14, 480, 0, 9, 56, 29803 }, // U+FEB2
    { 19, 11, 317, 0, 10, 27, 29859 }, // U+FEB3
    { 23, 10, 340, 0, 9, 29, 29886 }, // U+FEB4
    { 28, 21, 457, 0, 16, 74, 29915 }, // U+FEB5
    { 32, 21, 480, 0, 16, 84, 29989 }, // U+FEB6
    { 19, 17, 317, 0, 16, 41, 30073 }, // U+FEB7
    { 23, 17, 340, 0, 16, 49, 30114 }, // U+FEB8
    { 29, 15, 474, 0, 10, 55, 30163 }, // U+FEB9
    { 32, 15, 481, 0, 10, 60, 30218 }, // U+FEBA
    { 20, 11, 325, 0, 10, 28, 30278 }, // U+FEBB
    { 23, 11, 335, 0, 10, 32, 30306 }, // U+FEBC
    { 29, 20, 474, 0, 15, 73, 30338 }, // U+FEBD
    { 32, 20, 481, 0, 15, 80, 30411 }, // U+FEBE
    { 20, 16, 325, 0, 15, 40, 30491 }, // U+FEBF
    { 23, 16, 335, 0, 15, 46, 30531 }, // U+FEC0
    { 17, 17, 281, 0, 16, 37, 30577 }, // U+FEC1
    { 20, 17, 287, 0, 16, 43, 30614 }, // U+FEC2
    { 15, 17, 246, 0, 16, 32, 30657 }, // U+FEC3
    { 18, 17, 254, 0, 16, 39, 30689 }, // U+FEC4
    { 17, 17, 281, 0, 16, 37, 30728 }, // U+FEC5
    { 20, 17, 287, 0, 16, 43, 30765 }, // U+FEC6
    { 15, 17, 246, 0, 16, 32, 30808 }, // U+FEC7
    { 18, 17, 254, 0, 16, 39, 30840 }, // U+FEC8
    { 14, 21, 190, 0, 12, 37, 30879 }, // U+FEC9
    { 14, 19, 190, 0, 10, 34, 30916 }, // U+FECA
    { 11, 12, 186, 0, 11, 17, 30950 }, // U+FECB
    { 15, 11, 184, -1, 10, 21, 30967 }, // U+FECC
    { 14, 26, 190, 0, 17, 46, 30988 }, // U+FECD
    { 14, 24, 190, 0, 15, 42, 31034 }, // U+FECE
    { 11, 17, 186, 0, 16, 24, 31076 }, // U+FECF
    { 15, 16, 184, -1, 15, 30, 31100 }, // U+FED0
    { 21, 19, 341, 0, 18, 50, 31130 }, // U+FED1
    { 25, 17, 372, 0, 16, 54, 31180 }, // U+FED2
    { 10, 19, 168, 0, 18, 24, 31234 }, // U+FED3
    { 13, 17, 176, 0, 16, 28, 31258 }, // U+FED4
    { 17, 19, 277, 0, 15, 41, 31286 }, // U+FED5
    { 20, 20, 285, 0, 14, 50, 31327 }, // U+FED6
    { 10, 19, 168, 0, 18, 24, 31377 }, // U+FED7
    { 13, 17, 176, 0, 16, 28, 31401 }, // U+FED8
    { 19, 17, 310, 0, 16, 41, 31429 }, // U+FED9
    { 22, 17, 325, 0, 16, 47, 31470 }, // U+FEDA
    { 10, 16, 151, 0, 15, 20, 31517 }, // U+FEDB
    { 13, 16, 169, 0, 15, 26, 31537 }, // U+FEDC
    { 15, 21, 247, 0, 16, 40, 31563 }, // U+FEDD
    { 19, 21, 264, 0, 16, 50, 31603 }, // U+FEDE
    { 6, 17, 99, 0, 16, 13, 31653 }, // U+FEDF
    { 9, 17, 115, 0, 16, 20, 31666 }, // U+FEE0
    { 11, 19, 183, 0, 10, 27, 31686 }, // U+FEE1
    { 16, 18, 220, 0, 9, 36, 31713 }, // U+FEE2
    { 12, 10, 194, 0, 9, 15, 31749 }, // U+FEE3
    { 15, 10, 208, 0, 9, 19, 31764 }, // U+FEE4
    { 15, 17, 247, 0, 12, 32, 31783 }, // U+FEE5
    { 19, 17, 268, 0, 12, 41, 31815 }, // U+FEE6
    { 6, 16, 106, 0, 15, 12, 31856 }, // U+FEE7
    { 10, 14, 128, 0, 13, 18, 31868 }, // U+FEE8
    { 10, 13, 157, 0, 12, 17, 31886 }, // U+FEE9
    { 14, 14, 185, 0, 13, 25, 31903 }, // U+FEEA
    { 13, 13, 214, 0, 12, 22, 31928 }, // U+FEEB
    { 14, 15, 190, 0, 10, 27, 31950 }, // U+FEEC
    { 10, 14, 166, 0, 9, 18, 31977 }, // U+FEED
    { 13, 14, 175, 0, 9, 23, 31995 }, // U+FEEE
    { 17, 15, 274, 0, 10, 32, 32018 }, // U+FEEF
    { 19, 11, 267, 0, 6, 27, 32050 }, // U+FEF0
    { 17, 20, 274, 0, 10, 43, 32077 }, // U+FEF1
    { 19, 16, 267, 0, 6, 38, 32120 }, // U+FEF2
    { 7, 15, 120, 0, 10, 14, 32158 }, // U+FEF3
    { 11, 13, 136, 0, 8, 18, 32172 }, // U+FEF4
    { 15, 17, 211, -2, 17, 32, 32190 }, // U+FEF5
    { 16, 19, 227, 0, 18, 38, 32222 }, // U+FEF6
    { 13, 19, 211, 0, 19, 31, 32260 }, // U+FEF7
    { 16, 21, 227, 0, 20, 42, 32291 }, // U+FEF8
    { 13, 23, 211, 0, 16, 38, 32333 }, // U+FEF9
    { 16, 23, 227, 0, 16, 46, 32371 }, // U+FEFA
    { 13, 16, 211, 0, 16, 26, 32417 }, // U+FEFB
    { 16, 17, 227, 0, 16, 34, 32443 }, // U+FEFC
};

static const EpdUnicodeInterval inter_10_boldIntervals[] = {
    { 0x0, 0x148, 0x0 },
    { 0x14A, 0x17F, 0x149 },
    { 0x1A0, 0x1A1, 0x17F },
    { 0x1AF, 0x1B0, 0x181 },
    { 0x1C5, 0x21F, 0x183 },
    { 0x300, 0x304, 0x1DE },
    { 0x306, 0x30C, 0x1E3 },
    { 0x30F, 0x30F, 0x1EA },
    { 0x312, 0x313, 0x1EB },
    { 0x315, 0x315, 0x1ED },
    { 0x31B, 0x31B, 0x1EE },
    { 0x323, 0x323, 0x1EF },
    { 0x326, 0x328, 0x1F0 },
    { 0x32C, 0x32C, 0x1F3 },
    { 0x337, 0x338, 0x1F4 },
    { 0x342, 0x343, 0x1F6 },
    { 0x346, 0x36F, 0x1F8 },
    { 0x400, 0x479, 0x222 },
    { 0x480, 0x49D, 0x29C },
    { 0x4A0, 0x4FF, 0x2BA },
    { 0x5D0, 0x5EA, 0x31A },
    { 0x60C, 0x60C, 0x335 },
    { 0x61B, 0x61B, 0x336 },
    { 0x61F, 0x61F, 0x337 },
    { 0x621, 0x621, 0x338 },
    { 0x640, 0x640, 0x339 },
    { 0x660, 0x669, 0x33A },
    { 0x6BA, 0x6BA, 0x344 },
    { 0x6D4, 0x6D4, 0x345 },
    { 0x6F0, 0x6F9, 0x346 },
    { 0x1EA0, 0x1EF9, 0x350 },
    { 0x2000, 0x2027, 0x3AA },
    { 0x202A, 0x2055, 0x3D2 },
    { 0x2057, 0x2057, 0x3FE },
    { 0x205F, 0x2064, 0x3FF },
    { 0x2066, 0x2071, 0x405 },
    { 0x2074, 0x208E, 0x411 },
    { 0x2090, 0x209C, 0x42C },
    { 0x20A0, 0x20AF, 0x439 },
    { 0x20B1, 0x20B5, 0x449 },
    { 0x20B8, 0x20BA, 0x44E },
    { 0x20BC, 0x20BF, 0x451 },
    { 0x2190, 0x2199, 0x455 },
    { 0x21A9, 0x21AA, 0x45F },
    { 0x21B0, 0x21B7, 0x461 },
    { 0x21BA, 0x21BB, 0x469 },
    { 0x21C4, 0x21C4, 0x46B },
    { 0x21C6, 0x21C6, 0x46C },
    { 0x21D0, 0x21D0, 0x46D },
    { 0x21D2, 0x21D2, 0x46E },
    { 0x21D4, 0x21D4, 0x46F },
    { 0x21DE, 0x21DF, 0x470 },
    { 0x21E4, 0x21E5, 0x472 },
    { 0x21E7, 0x21E7, 0x474 },
    { 0x21EA, 0x21EA, 0x475 },
    { 0x2202, 0x2202, 0x476 },
    { 0x2205, 0x2206, 0x477 },
    { 0x220F, 0x220F, 0x479 },
    { 0x2211, 0x2212, 0x47A },
    { 0x2215, 0x2215, 0x47C },
    { 0x221A, 0x221A, 0x47D },
    { 0x221E, 0x221E, 0x47E },
    { 0x222B, 0x222B, 0x47F },
    { 0x2236, 0x2236, 0x480 },
    { 0x2248, 0x2248, 0x481 },
    { 0x2260, 0x2260, 0x482 },
    { 0x2264, 0x2265, 0x483 },
    { 0x2295, 0x2298, 0x485 },
    { 0xFB01, 0xFB02, 0x489 },
    { 0xFB56, 0xFB59, 0x48B },
    { 0xFB66, 0xFB69, 0x48F },
    { 0xFB7A, 0xFB7D, 0x493 },
    { 0xFB88, 0xFB95, 0x497 },
    { 0xFB9E, 0xFB9F, 0x4A5 },
    { 0xFBA6, 0xFBB1, 0x4A7 },
    { 0xFBFC, 0xFBFF, 0x4B3 },
    { 0xFE80, 0xFEFC, 0x4B7 },
};

static const uint16_t inter_10_boldKernLeftCodepoints[] = {
    0x0022, 0x0024, 0x0025, 0x0026, 0x0027, 0x0028, 0x0029, 0x002A, 0x002B, 0x002C, 0x002D, 0x002E,
    0x002F, 0x0030, 0x0031, 0x0032, 0x0033, 0x0034, 0x0035, 0x0036, 0x0037, 0x0038, 0x0039, 0x003A,
    0x003B, 0x003D, 0x003E, 0x003F, 0x0040, 0x0041, 0x0042, 0x0043, 0x0044, 0x0045, 0x0046, 0x0047,
    0x0048, 0x0049, 0x004A, 0x004B, 0x004C, 0x004D, 0x004E, 0x004F, 0x0050, 0x0051, 0x0052, 0x0053,
    0x0054, 0x0055, 0x0056, 0x0057, 0x0058, 0x0059, 0x005A, 0x005B, 0x005C, 0x005D, 0x005E, 0x005F,
    0x0061, 0x0062, 0x0063, 0x0064, 0x0065, 0x0066, 0x0067, 0x0068, 0x0069, 0x006A, 0x006B, 0x006C,
    0x006D, 0x006E, 0x006F, 0x0070, 0x0071, 0x0072, 0x0073, 0x0074, 0x0075, 0x0076, 0x0077, 0x0078,
    0x0079, 0x007A, 0x007B, 0x007C, 0x007D, 0x007E, 0x00A1, 0x00A2, 0x00A5, 0x00A9, 0x00AA, 0x00AB,
    0x00AC, 0x00AD, 0x00AE, 0x00B0, 0x00B1, 0x00B2, 0x00B3, 0x00B5, 0x00B6, 0x00B7, 0x00B9, 0x00BA,
    0x00BB, 0x00BF, 0x00C0, 0x00C1, 0x00C2, 0x00C3, 0x00C4, 0x00C5, 0x00C6, 0x00C7, 0x00C8, 0x00C9,
    0x00CA, 0x00CB, 0x00CC, 0x00CD, 0x00CE, 0x00CF, 0x00D0, 0x00D1, 0x00D2, 0x00D3, 0x00D4, 0x00D5,
    0x00D6, 0x00D7, 0x00D8, 0x00D9, 0x00DA, 0x00DB, 0x00DC, 0x00DD, 0x00DE, 0x00DF, 0x00E0, 0x00E1,
    0x00E2, 0x00E3, 0x00E4, 0x00E5, 0x00E6, 0x00E7, 0x00E8, 0x00E9, 0x00EA, 0x00EB, 0x00EC, 0x00ED,
    0x00EE, 0x00EF, 0x00F0, 0x00F1, 0x00F2, 0x00F3, 0x00F4, 0x00F5, 0x00F6, 0x00F7, 0x00F8, 0x00F9,
    0x00FA, 0x00FB, 0x00FC, 0x00FD, 0x00FE, 0x00FF, 0x0100, 0x0101, 0x0102, 0x0103, 0x0104, 0x0105,
    0x0106, 0x0107, 0x0108, 0x0109, 0x010A, 0x010B, 0x010C, 0x010D, 0x010E, 0x010F, 0x0111, 0x0112,
    0x0113, 0x0114, 0x0115, 0x0116, 0x0117, 0x0118, 0x0119, 0x011A, 0x011B, 0x011C, 0x011D, 0x011E,
    0x011F, 0x0120, 0x0121, 0x0122, 0x0123, 0x0124, 0x0125, 0x0126, 0x0127, 0x0128, 0x0129, 0x012A,
    0x012B, 0x012C, 0x012D, 0x012E, 0x012F, 0x0130, 0x0131, 0x0133, 0x0134, 0x0135, 0x0136, 0x0137,
    0x0138, 0x0139, 0x013A, 0x013B, 0x013C, 0x013D, 0x013E, 0x013F, 0x0140, 0x0141, 0x0142, 0x0143,
    0x0144, 0x0145, 0x0146, 0x0147, 0x0148, 0x014A, 0x014C, 0x014D, 0x014E, 0x014F, 0x0150, 0x0151,
    0x0152, 0x0153, 0x0154, 0x0155, 0x0156, 0x0157, 0x0158, 0x0159, 0x015A, 0x015B, 0x015C, 0x015D,
    0x015E, 0x015F, 0x0160, 0x0161, 0x0162, 0x0163, 0x0164, 0x0165, 0x0166, 0x0167, 0x0168, 0x0169,
    0x016A, 0x016B, 0x016C, 0x016D, 0x016E, 0x016F, 0x0170, 0x0171, 0x0172, 0x0173, 0x0174, 0x0175,
    0x0176, 0x0177, 0x0178, 0x0179, 0x017A, 0x017B, 0x017C, 0x017D, 0x017E, 0x017F, 0x01A0, 0x01A1,
    0x01AF, 0x01B0, 0x01C5, 0x01C6, 0x01C8, 0x01C9, 0x01CB, 0x01CC, 0x01CD, 0x01CE, 0x01CF, 0x01D0,
    0x01D1, 0x01D2, 0x01D3, 0x01D4, 0x01D5, 0x01D6, 0x01D7, 0x01D8, 0x01D9, 0x01DA, 0x01DB, 0x01DC,
    0x01DD, 0x01DE, 0x01DF, 0x01E0, 0x01E1, 0x01E2, 0x01E3, 0x01E4, 0x01E5, 0x01E6, 0x01E7, 0x01E8,
    0x01E9, 0x01EA, 0x01EB, 0x01EC, 0x01ED, 0x01F0, 0x01F1, 0x01F2, 0x01F3, 0x01F4, 0x01F5, 0x01F6,
    0x01F8, 0x01F9, 0x01FA, 0x01FB, 0x01FC, 0x01FD, 0x01FE, 0x01FF, 0x0200, 0x0201, 0x0202, 0x0203,
    0x0204, 0x0205, 0x0206, 0x0207, 0x0208, 0x0209, 0x020A, 0x020B, 0x020C, 0x020D, 0x020E, 0x020F,
    0x0210, 0x0211, 0x0212, 0x0213, 0x0214, 0x0215, 0x0216, 0x0217, 0x0218, 0x0219, 0x021A, 0x021B,
    0x021E, 0x021F, 0x0400, 0x0401, 0x0402, 0x0403, 0x0404, 0x0405, 0x0406, 0x0407, 0x0408, 0x0409,
    0x040A, 0x040B, 0x040C, 0x040D, 0x040F, 0x0410, 0x0411, 0x0412, 0x0413, 0x0414, 0x0415, 0x0416,
    0x0417, 0x0418, 0x0419, 0x041A, 0x041B, 0x041C, 0x041D, 0x041E, 0x041F, 0x0420, 0x0421, 0x0422,
    0x0423, 0x0424, 0x0425, 0x0426, 0x0427, 0x0428, 0x0429, 0x042A, 0x042B, 0x042C, 0x042D, 0x042E,
    0x0430, 0x0432, 0x0433, 0x0434, 0x0435, 0x0436, 0x0437, 0x0438, 0x0439, 0x043A, 0x043B, 0x043C,
    0x043D, 0x043E, 0x043F, 0x0440, 0x0441, 0x0442, 0x0443, 0x0444, 0x0445, 0x0446, 0x0447, 0x0448,
    0x0449, 0x044A, 0x044B, 0x044C, 0x044D, 0x044E, 0x044F, 0x0450, 0x0451, 0x0452, 0x0453, 0x0454,
    0x0455, 0x0456, 0x0457, 0x0458, 0x0459, 0x045A, 0x045B, 0x045C, 0x045D, 0x045E, 0x045F, 0x0460,
    0x0462, 0x0463, 0x0464, 0x0465, 0x0466, 0x0467, 0x0468, 0x046E, 0x0472, 0x0473, 0x0474, 0x0475,
    0x0476, 0x0477, 0x0479, 0x0481, 0x048A, 0x048B, 0x048C, 0x048D, 0x048E, 0x048F, 0x0490, 0x0491,
    0x0492, 0x0493, 0x0497, 0x0498, 0x049A, 0x049B, 0x049C, 0x049D, 0x04A0, 0x04A1, 0x04A2, 0x04A3,
    0x04A4, 0x04A5, 0x04A6, 0x04A7, 0x04A9, 0x04AA, 0x04AB, 0x04AC, 0x04AD, 0x04AE, 0x04AF, 0x04B0,
    0x04B1, 0x04B3, 0x04B5, 0x04B7, 0x04B9, 0x04BA, 0x04BB, 0x04BD, 0x04BF, 0x04C0, 0x04C1, 0x04C3,
    0x04C4, 0x04C6, 0x04C7, 0x04C8, 0x04C9, 0x04CA, 0x04CC, 0x04CD, 0x04CE, 0x04CF, 0x04D0, 0x04D1,
    0x04D2, 0x04D3, 0x04D4, 0x04D5, 0x04D6, 0x04D7, 0x04D9, 0x04DA, 0x04DB, 0x04DC, 0x04E0, 0x04E2,
    0x04E3, 0x04E4, 0x04E5, 0x04E6, 0x04E7, 0x04E8, 0x04E9, 0x04EA, 0x04EB, 0x04ED, 0x04EF, 0x04F1,
    0x04F3, 0x04F5, 0x04F6, 0x04F7, 0x04F9, 0x04FA, 0x04FB, 0x04FC, 0x04FD, 0x04FE, 0x04FF, 0x05D0,
    0x05D1, 0x05D2, 0x05D3, 0x05D4, 0x05D5, 0x05D6, 0x05D7, 0x05D9, 0x05DA, 0x05DB, 0x05DC, 0x05DD,
    0x05DE, 0x05DF, 0x05E0, 0x05E1, 0x05E2, 0x05E6, 0x05E7, 0x05E8, 0x05EA, 0x1EA0, 0x1EA1, 0x1EA2,
    0x1EA3, 0x1EA4, 0x1EA5, 0x1EA6, 0x1EA7, 0x1EA8, 0x1EA9, 0x1EAA, 0x1EAB, 0x1EAC, 0x1EAD, 0x1EAE,
    0x1EAF, 0x1EB0, 0x1EB1, 0x1EB2, 0x1EB3, 0x1EB4, 0x1EB5, 0x1EB6, 0x1EB7, 0x1EB8, 0x1EB9, 0x1EBA,
    0x1EBB, 0x1EBC, 0x1EBD, 0x1EBE, 0x1EBF, 0x1EC0, 0x1EC1, 0x1EC2, 0x1EC3, 0x1EC4, 0x1EC5, 0x1EC6,
    0x1EC7, 0x1EC8, 0x1EC9, 0x1ECA, 0x1ECB, 0x1ECC, 0x1ECD, 0x1ECE, 0x1ECF, 0x1ED0, 0x1ED1, 0x1ED2,
    0x1ED3, 0x1ED4, 0x1ED5, 0x1ED6, 0x1ED7, 0x1ED8, 0x1ED9, 0x1EDA, 0x1EDB, 0x1EDC, 0x1EDD, 0x1EDE,
    0x1EDF, 0x1EE0, 0x1EE1, 0x1EE2, 0x1EE3, 0x1EE4, 0x1EE5, 0x1EE6, 0x1EE7, 0x1EE8, 0x1EE9, 0x1EEA,
    0x1EEB, 0x1EEC, 0x1EED, 0x1EEE, 0x1EEF, 0x1EF0, 0x1EF1, 0x1EF2, 0x1EF3, 0x1EF4, 0x1EF5, 0x1EF6,
    0x1EF7, 0x1EF8, 0x1EF9, 0x2018, 0x2019, 0x201A, 0x201C, 0x201D, 0x201E, 0x2020, 0x2021, 0x2022,
    0x2023, 0x2026, 0x2034, 0x2039, 0x203A, 0x203D, 0x2043, 0x204B, 0x204C, 0x204D, 0x204F, 0x2070,
    0x2071, 0x2074, 0x2075, 0x2076, 0x2077, 0x2078, 0x2079, 0x207A, 0x207B, 0x207D, 0x2080, 0x2081,
    0x2082, 0x2083, 0x2084, 0x2085, 0x2086, 0x2087, 0x2088, 0x2089, 0x208A, 0x208B, 0x208C, 0x208D,
    0x208E, 0x2090, 0x2091, 0x2092, 0x2093, 0x2095, 0x2096, 0x2097, 0x2098, 0x2099, 0x209A, 0x209B,
    0x209C, 0x20A1, 0x20A7, 0x20A8, 0x20A9, 0x20AC, 0x20AF, 0x20B2, 0x20B5, 0x20BD, 0x20BF, 0x2190,
    0x21D0, 0x2206, 0x2212, 0x221E, 0x2248, 0x2260, 0x2264, 0x2265, 0xFB02, 0xFB8C, 0xFEAD, 0xFEAE,
    0xFEAF,
};

static const uint8_t inter_10_boldKernLeftClassIds[] = {
      1,   2,   3,   4,   1,   5,   6,   7,   8,   9,   8,   9,  10,  11,  12,  13,
     14,  15,  16,  17,  18,  14,  11,  19,  19,  20,  21,  22,  23,  24,  25,  26,
     23,  27,  28,  29,  12,  12,  30,  31,  32,  12,  12,  23,  33,  23,  34,   2,
     35,  30,  36,  37,  38,  39,  40,  41,  42,   6,   7,  43,  44,  45,  45,  12,
     45,  46,  47,  44,  48,  48,  49,  12,  44,  44,  45,  45,  47,  50,  51,  52,
     53,  54,  55,  56,  54,  57,   5,  12,   6,  58,  59,  45,  60,  23,  61,  62,
     63,  64,  65,   7,  20,  66,  67,  68,  12,  69,  70,  61,  71,  72,  24,  24,
     24,  24,  24,  24,  27,  26,  27,  27,  27,  27,  12,  12,  73,  73,  23,  12,
     23,  23,  23,  23,  23,  74,  23,  30,  30,  30,  30,  39,  75,  76,  44,  44,
     44,  44,  44,  44,  77,  45,  45,  45,  45,  45,  48,  48,  78,  79,  45,  80,
     45,  45,  45,  81,  81,   8,  45,  53,  53,  53,  53,  54,  45,  54,  24,  82,
     24,  44,  24,  44,  26,  45,  26,  45,  26,  45,  26,  45,  23,  83,  84,  27,
     45,  27,  45,  27,  45,  27,  45,  27,  45,  29,  47,  29,  47,  29,  47,  29,
     47,  12,  44,  12,  44,  73,  85,  73,  86,  73,  87,  12,  48,  12,  48,  48,
     30,  88,  31,  49,  49,  89,  90,  32,  12,  91,  12,  92,  93,  94,  95,  12,
     44,  12,  44,  12,  44,  12,  23,  45,  23,  45,  23,  45,  27,  45,  34,  50,
     34,  50,  34,  50,   2,  51,   2,  51,   2,  51,   2,  51,  96,  52,  97,  52,
     98,  52,  30,  53,  30,  53,  30,  53,  30,  53,  30,  53,  30,  53,  37,  55,
     39,  54,  39,  40,  57,  40,  57,  40,  57,  99, 100, 101, 102, 103, 104,  57,
     48,  48,  48,  48,  24,  44,  90, 105,  23,  45,  30,  53,  30,  53,  30,  53,
     30,  53,  30,  53, 106,  24,  44,  24,  44,  27,  77,  29,  47,  29,  47,  31,
     49,  23,  45,  23,  45,  48, 107,  57,  57,  29,  47, 108,  12,  44,  24,  44,
     27,  77,  23,  45,  24,  44,  24,  44,  27,  45,  27,  45, 109, 110,  73, 111,
     23,  45,  23,  45,  34,  50,  34,  50,  30,  53,  30,  53,   2,  51,  35,  52,
     12,  44,  27,  27,  45,  35, 112,   2,  12,  73,  30,  45,  45,  44,  31,  12,
     12,  24,  25,  25,  35, 113,  27, 114,  14,  12,  12,  31,  12,  12,  12,  23,
     12,  33,  26,  35,  39, 115,  38, 113,  12,  12, 113,  45,  12,  45,  23, 116,
     44,  51,  50, 117,  45,  56,  44,  44,  44,  49,  44,  44,  44,  45,  44,  45,
     45, 118,  54,  45,  56, 117,  44,  44, 117, 119,  48, 119,  45,  45,  44,  45,
     45,  44,  50,  45,  51,  48,  79,  48, 119, 119,  44,  49,  44,  54,  53,  12,
     45,  45,  26,  45,  24,  24,  24,  25,  23,  45,  36,  54,  36,  54,  46,  45,
     12,  52,  45,  45,  33,  45,  35,  50,  35,  50,  56,  14,  31,  49,  31,  49,
     31,  49,  52,  52,  35,  50,  45, 119,  77,  26,  45,  35,  50,  39,  54, 120,
     54,  56, 117,  52,  44,  44,  44,  45,  77,  12,  38,  25,  44,  52,  12,  44,
     52,  52,  44,  12,  52,  12,  24,  44,  24,  44,  27,  77,  27,  45,  45,  23,
     45,  38,  14,  12,  44,  12,  44,  23,  45,  23,  45,  23,  45,  45,  54,  54,
     54,  44,  35,  50,  44,  35,  50,  38,  56,  38,  56, 121, 122, 122, 123, 124,
    125, 126, 124, 127, 123, 122, 128, 124, 125, 125, 122, 129, 130, 131, 124, 123,
    132,  24,  44,  24,  44,  24,  44,  24,  44,  24,  44,  24,  44,  24,  44,  24,
     44,  24,  44,  24,  44,  24,  44,  24,  44,  27,  45,  27,  45,  27,  45,  27,
     45,  27,  45,  27,  45,  27,  45,  27,  45,  12, 110,  12, 133,  23,  45,  23,
     45,  23,  45,  23,  45,  23, 134,  23,  45,  23,  45,  23,  45,  23,  45,  23,
     45,  23,  45,  23,  45,  30,  53,  30,  53, 135,  53, 135,  53, 135, 103, 135,
     53, 135,  53,  39,  54, 136,  54, 136,  54, 136,  54, 137, 138, 139, 137, 138,
    139,  61,  61, 140, 140, 141, 138,  62,  71,  22, 140,  33,  44, 140,  19,  67,
    142, 143,  67,  67, 144,  67,  67, 145, 145, 146, 147, 147, 147, 147, 147, 148,
    147, 149, 147, 147, 147, 147, 147, 147, 147, 147, 147, 147, 147, 147, 147, 147,
    147, 147, 147, 147, 147,  26,  52,  51, 150, 151,  45,  29,  26, 152,  25,   8,
     20,  24,   8,  92,  20,  20,  20,  20, 153, 154, 154, 154, 154,
};

static const uint16_t inter_10_boldKernRightCodepoints[] = {
    0x0020, 0x0021, 0x0022, 0x0023, 0x0024, 0x0025, 0x0026, 0x0027, 0x0028, 0x0029, 0x002A, 0x002B,
    0x002C, 0x002D, 0x002E, 0x002F, 0x0030, 0x0031, 0x0032, 0x0033, 0x0034, 0x0035, 0x0036, 0x0037,
    0x0038, 0x0039, 0x003A, 0x003B, 0x003C, 0x003D, 0x003F, 0x0040, 0x0041, 0x0042, 0x0043, 0x0044,
    0x0045, 0x0046, 0x0047, 0x0048, 0x0049, 0x004A, 0x004B, 0x004C, 0x004D, 0x004E, 0x004F, 0x0050,
    0x0051, 0x0052, 0x0053, 0x0054, 0x0055, 0x0056, 0x0057, 0x0058, 0x0059, 0x005A, 0x005B, 0x005C,
    0x005D, 0x005E, 0x005F, 0x0061, 0x0062, 0x0063, 0x0064, 0x0065, 0x0066, 0x0067, 0x0068, 0x0069,
    0x006A, 0x006B, 0x006C, 0x006D, 0x006E, 0x006F, 0x0070, 0x0071, 0x0072, 0x0073, 0x0074, 0x0075,
    0x0076, 0x0077, 0x0078, 0x0079, 0x007A, 0x007B, 0x007C, 0x007D, 0x007E, 0x00A2, 0x00A5, 0x00A9,
    0x00AA, 0x00AB, 0x00AC, 0x00AD, 0x00AE, 0x00B0, 0x00B1, 0x00B2, 0x00B5, 0x00B6, 0x00B7, 0x00B9,
    0x00BA, 0x00BB, 0x00BF, 0x00C0, 0x00C1, 0x00C2, 0x00C3, 0x00C4, 0x00C5, 0x00C6, 0x00C7, 0x00C8,
    0x00C9, 0x00CA, 0x00CB, 0x00CC, 0x00CD, 0x00CE, 0x00CF, 0x00D0, 0x00D1, 0x00D2, 0x00D3, 0x00D4,
    0x00D5, 0x00D6, 0x00D7, 0x00D8, 0x00D9, 0x00DA, 0x00DB, 0x00DC, 0x00DD, 0x00DE, 0x00DF, 0x00E0,
    0x00E1, 0x00E2, 0x00E3, 0x00E4, 0x00E5, 0x00E6, 0x00E7, 0x00E8, 0x00E9, 0x00EA, 0x00EB, 0x00EC,
    0x00ED, 0x00EE, 0x00EF, 0x00F0, 0x00F1, 0x00F2, 0x00F3, 0x00F4, 0x00F5, 0x00F6, 0x00F7, 0x00F8,
    0x00F9, 0x00FA, 0x00FB, 0x00FC, 0x00FD, 0x00FE, 0x00FF, 0x0100, 0x0101, 0x0102, 0x0103, 0x0104,
    0x0105, 0x0106, 0x0107, 0x0108, 0x0109, 0x010A, 0x010B, 0x010C, 0x010D, 0x010E, 0x010F, 0x0110,
    0x0111, 0x0112, 0x0113, 0x0114, 0x0115, 0x0116, 0x0117, 0x0118, 0x0119, 0x011A, 0x011B, 0x011C,
    0x011D, 0x011E, 0x011F, 0x0120, 0x0121, 0x0122, 0x0123, 0x0124, 0x0125, 0x0126, 0x0127, 0x0128,
    0x0129, 0x012A, 0x012B, 0x012C, 0x012D, 0x012E, 0x012F, 0x0130, 0x0131, 0x0133, 0x0134, 0x0135,
    0x0136, 0x0137, 0x0138, 0x0139, 0x013A, 0x013B, 0x013C, 0x013D, 0x013E, 0x0140, 0x0141, 0x0142,
    0x0143, 0x0144, 0x0145, 0x0146, 0x0147, 0x0148, 0x014A, 0x014B, 0x014C, 0x014D, 0x014E, 0x014F,
    0x0150, 0x0151, 0x0152, 0x0153, 0x0154, 0x0155, 0x0156, 0x0157, 0x0158, 0x0159, 0x015A, 0x015B,
    0x015C, 0x015D, 0x015E, 0x015F, 0x0160, 0x0161, 0x0162, 0x0163, 0x0164, 0x0165, 0x0166, 0x0167,
    0x0168, 0x0169, 0x016A, 0x016B, 0x016C, 0x016D, 0x016E, 0x016F, 0x0170, 0x0171, 0x0172, 0x0173,
    0x0174, 0x0175, 0x0176, 0x0177, 0x0178, 0x0179, 0x017A, 0x017B, 0x017C, 0x017D, 0x017E, 0x017F,
    0x01A0, 0x01A1, 0x01AF, 0x01B0, 0x01C5, 0x01C6, 0x01C8, 0x01C9, 0x01CB, 0x01CC, 0x01CD, 0x01CE,
    0x01CF, 0x01D0, 0x01D1, 0x01D2, 0x01D3, 0x01D4, 0x01D5, 0x01D6, 0x01D7, 0x01D8, 0x01D9, 0x01DA,
    0x01DB, 0x01DC, 0x01DD, 0x01DE, 0x01DF, 0x01E0, 0x01E1, 0x01E2, 0x01E3, 0x01E4, 0x01E5, 0x01E6,
    0x01E7, 0x01E8, 0x01E9, 0x01EA, 0x01EB, 0x01EC, 0x01ED, 0x01EF, 0x01F0, 0x01F2, 0x01F3, 0x01F4,
    0x01F5, 0x01F6, 0x01F8, 0x01F9, 0x01FA, 0x01FB, 0x01FC, 0x01FD, 0x01FE, 0x01FF, 0x0200, 0x0201,
    0x0202, 0x0203, 0x0204, 0x0205, 0x0206, 0x0207, 0x0208, 0x0209, 0x020A, 0x020B, 0x020C, 0x020D,
    0x020E, 0x020F, 0x0210, 0x0211, 0x0212, 0x0213, 0x0214, 0x0215, 0x0216, 0x0217, 0x0218, 0x0219,
    0x021A, 0x021B, 0x021E, 0x021F, 0x0400, 0x0401, 0x0402, 0x0403, 0x0404, 0x0405, 0x0406, 0x0407,
    0x0408, 0x0409, 0x040A, 0x040B, 0x040C, 0x040D, 0x040F, 0x0410, 0x0411, 0x0412, 0x0413, 0x0414,
    0x0415, 0x0416, 0x0417, 0x0418, 0x0419, 0x041A, 0x041B, 0x041C, 0x041D, 0x041E, 0x041F, 0x0420,
    0x0421, 0x0422, 0x0423, 0x0424, 0x0425, 0x0426, 0x0427, 0x0428, 0x0429, 0x042A, 0x042B, 0x042C,
    0x042D, 0x042E, 0x0430, 0x0431, 0x0432, 0x0433, 0x0434, 0x0435, 0x0436, 0x0437, 0x0438, 0x0439,
    0x043A, 0x043B, 0x043C, 0x043D, 0x043E, 0x043F, 0x0440, 0x0441, 0x0442, 0x0443, 0x0444, 0x0445,
    0x0446, 0x0447, 0x0448, 0x0449, 0x044A, 0x044B, 0x044C, 0x044D, 0x044E, 0x044F, 0x0450, 0x0451,
    0x0452, 0x0453, 0x0454, 0x0455, 0x0456, 0x0457, 0x0458, 0x0459, 0x045A, 0x045B, 0x045C, 0x045D,
    0x045E, 0x045F, 0x0460, 0x0463, 0x0464, 0x0465, 0x0466, 0x0467, 0x0468, 0x046C, 0x046E, 0x0472,
    0x0473, 0x0474, 0x0475, 0x0476, 0x0477, 0x0478, 0x0479, 0x0481, 0x048A, 0x048B, 0x048D, 0x048E,
    0x048F, 0x0490, 0x0491, 0x0493, 0x0494, 0x0495, 0x0497, 0x049A, 0x049B, 0x049C, 0x049D, 0x04A0,
    0x04A1, 0x04A2, 0x04A3, 0x04A4, 0x04A5, 0x04A6, 0x04A7, 0x04A9, 0x04AA, 0x04AB, 0x04AC, 0x04AD,
    0x04AE, 0x04AF, 0x04B0, 0x04B1, 0x04B2, 0x04B3, 0x04B4, 0x04B5, 0x04B7, 0x04B9, 0x04BA, 0x04BB,
    0x04BD, 0x04C0, 0x04C1, 0x04C3, 0x04C4, 0x04C6, 0x04C7, 0x04C8, 0x04C9, 0x04CA, 0x04CD, 0x04CE,
    0x04CF, 0x04D0, 0x04D1, 0x04D2, 0x04D3, 0x04D4, 0x04D5, 0x04D6, 0x04D7, 0x04D9, 0x04DA, 0x04DB,
    0x04DC, 0x04E1, 0x04E2, 0x04E3, 0x04E4, 0x04E5, 0x04E6, 0x04E7, 0x04E8, 0x04E9, 0x04EA, 0x04EB,
    0x04ED, 0x04EF, 0x04F1, 0x04F3, 0x04F7, 0x04F9, 0x04FB, 0x04FC, 0x04FD, 0x04FE, 0x04FF, 0x05D0,
    0x05D1, 0x05D2, 0x05D3, 0x05D4, 0x05D6, 0x05D7, 0x05D8, 0x05D9, 0x05DA, 0x05DB, 0x05DC, 0x05DD,
    0x05DE, 0x05E0, 0x05E1, 0x05E2, 0x05E3, 0x05E4, 0x05E5, 0x05E7, 0x05E8, 0x05E9, 0x05EA, 0x1EA0,
    0x1EA1, 0x1EA2, 0x1EA3, 0x1EA4, 0x1EA5, 0x1EA6, 0x1EA7, 0x1EA8, 0x1EA9, 0x1EAA, 0x1EAB, 0x1EAC,
    0x1EAD, 0x1EAE, 0x1EAF, 0x1EB0, 0x1EB1, 0x1EB2, 0x1EB3, 0x1EB4, 0x1EB5, 0x1EB6, 0x1EB7, 0x1EB8,
    0x1EB9, 0x1EBA, 0x1EBB, 0x1EBC, 0x1EBD, 0x1EBE, 0x1EBF, 0x1EC0, 0x1EC1, 0x1EC2, 0x1EC3, 0x1EC4,
    0x1EC5, 0x1EC6, 0x1EC7, 0x1EC8, 0x1EC9, 0x1ECA, 0x1ECB, 0x1ECC, 0x1ECD, 0x1ECE, 0x1ECF, 0x1ED0,
    0x1ED1, 0x1ED2, 0x1ED3, 0x1ED4, 0x1ED5, 0x1ED6, 0x1ED7, 0x1ED8, 0x1ED9, 0x1EDA, 0x1EDB, 0x1EDC,
    0x1EDD, 0x1EDE, 0x1EDF, 0x1EE0, 0x1EE1, 0x1EE2, 0x1EE3, 0x1EE4, 0x1EE5, 0x1EE6, 0x1EE7, 0x1EE8,
    0x1EE9, 0x1EEA, 0x1EEB, 0x1EEC, 0x1EED, 0x1EEE, 0x1EEF, 0x1EF0, 0x1EF1, 0x1EF2, 0x1EF3, 0x1EF4,
    0x1EF5, 0x1EF6, 0x1EF7, 0x1EF8, 0x1EF9, 0x2018, 0x2019, 0x201A, 0x201B, 0x201C, 0x201D, 0x201E,
    0x201F, 0x2020, 0x2021, 0x2022, 0x2023, 0x2026, 0x2034, 0x2039, 0x203A, 0x203D, 0x2043, 0x2044,
    0x204A, 0x204B, 0x204C, 0x204D, 0x204F, 0x2074, 0x2077, 0x2079, 0x207E, 0x207F, 0x2080, 0x2081,
    0x2082, 0x2083, 0x2084, 0x2086, 0x2087, 0x2088, 0x2089, 0x208A, 0x208B, 0x208C, 0x208D, 0x208E,
    0x2091, 0x2092, 0x2093, 0x2095, 0x2096, 0x2097, 0x2098, 0x2099, 0x209A, 0x209B, 0x209C, 0x20A1,
    0x20A7, 0x20A8, 0x20A9, 0x20AB, 0x20B2, 0x20B4, 0x20B5, 0x20B8, 0x20BF, 0x2192, 0x21D2, 0x2206,
    0x2212, 0x221E, 0x222B, 0x2236, 0x2248, 0x2260, 0x2264, 0x2265, 0xFB8E, 0xFBA6, 0xFBAA, 0xFE8D,
    0xFEA3, 0xFEA9, 0xFEB1, 0xFEB3, 0xFEB9, 0xFEBB, 0xFEC1, 0xFEC3, 0xFEC9, 0xFECB, 0xFECD, 0xFEDB,
    0xFEDF, 0xFEE1, 0xFEE3, 0xFEE9, 0xFEEB,
};

static const uint8_t inter_10_boldKernRightClassIds[] = {
      1,   2,   3,   4,   5,   6,   7,   3,   8,   9,  10,  11,  12,  13,  14,  15,
     16,  17,  18,  19,  20,  21,  16,  22,  23,  24,  25,  25,  26,  27,  28,  29,
     30,  31,  32,  31,  31,  31,  32,  31,  31,  33,  31,  31,  31,  31,  32,  31,
     32,  31,   5,  34,  35,  36,  37,  38,  39,  40,   8,  36,   9,  41,  42,  43,
     31,  44,  44,  44,  45,  44,  31,  46,  47,  31,  31,  48,  48,  44,  48,  44,
     48,  49,  50,  51,  52,  53,  54,  52,  55,   8,  31,   9,  56,  44,  57,  32,
     58,  59,  60,  61,  62,  63,  27,  64,  65,  66,  67,  68,  58,  69,  70,  30,
     30,  30,  30,  30,  30,  30,  32,  31,  31,  31,  31,  31,  31,  71,  71,  72,
     31,  32,  32,  32,  32,  32,  73,  32,  35,  35,  35,  35,  39,  31,  31,  43,
     43,  43,  74,  75,  43,  43,  44,  44,  44,  44,  76,  77,  78,  79,  80,  44,
     48,  44,  44,  44,  81,  76,  11,  44,  51,  51,  51,  82,  52,  31,  83,  30,
     84,  30,  43,  30,  43,  32,  44,  32,  44,  32,  44,  32,  44,  31,  44,  85,
     44,  31,  44,  31,  44,  31,  44,  31,  44,  31,  44,  32,  44,  32,  44,  32,
     44,  32,  44,  31,  31,  31,  86,  71,  87,  71,  88,  71,  80,  31,  46,  31,
     46,  46,  33,  89,  31,  31,  48,  31,  31,  31,  31,  31,  31,  31,  31,  31,
     31,  48,  31,  48,  31,  48,  31,  48,  32,  90,  32,  44,  32,  44,  32,  44,
     31,  48,  31,  48,  31,  48,   5,  49,   5,  49,   5,  49,   5,  49,  91,  50,
     92,  50,  93,  50,  35,  94,  35,  51,  35,  51,  35,  51,  35,  51,  35,  51,
     37,  53,  39,  52,  39,  40,  55,  40,  55,  40,  55,  31,  32,  44,  35,  51,
     95,  44,  31,  31,  31,  48,  30,  43,  31,  96,  32,  44,  35,  51,  35,  51,
     35,  51,  35,  51,  35,  51,  90,  30,  43,  30,  43,  30,  43,  32,  44,  32,
     44,  31,  31,  32,  44,  32,  44,  50,  47,  31,  90,  32,  44,  95,  31,  48,
     30,  43,  30,  43,  32,  44,  30,  43,  30,  43,  31,  44,  31,  44,  71,  97,
     71,  98,  32,  44,  32,  44,  31,  48,  31,  48,  35,  51,  35,  51,   5,  49,
     34,  50,  31,  31,  31,  31,  34,  31,  32,   5,  31,  71,  33,  99,  31,  34,
     31,  31,  31,  30,  31,  31,  31, 100,  31, 101, 102,  95,  31,  31,  99,  31,
     31,  32,  31,  31,  32,  34,  36, 103,  38,  31, 104,  31,  31, 105,  31,  31,
     32,  31,  43,  16,  48,  48, 106,  44,  54,  44,  48,  48,  48, 107,  48,  48,
     44,  48,  48,  44, 108,  52,  44,  54,  48, 109,  48,  48, 110,  46,  48,  44,
     48, 111,  44,  44,  31,  48,  44,  49,  46,  80,  47, 107,  48,  31,  48,  48,
     52,  51,  31,  50,  31,  48,  30,  30,  31,  31,  31,  32,  44,  36,  52,  36,
     52,  32,  44,  44,  95,  48,  50,  31,  48,  31,  48,  50,  31,  48,  54,  31,
     48,  31,  48,  34,  50,  31,  48,  31,  48,  31,  48,  44,  32,  44,  34,  50,
     39,  52, 112,  52,  38,  54,  34,  50,  43,  43,  31,  31,  50,  31,  38,  31,
     48, 107,  95,  48,  31,  48,  31,  48,  31,  30,  43,  30,  43,  30,  43,  31,
     44,  44,  32,  44,  38,  50,  31,  48,  31,  48,  32,  44,  32,  44,  32,  44,
     44,  52,  52,  52,  48,  48,  50,  38,  54,  38,  54, 113, 114, 115, 116, 117,
    118, 117, 119, 120, 117, 119, 121, 117, 117, 122, 119, 123, 117, 119, 124, 121,
    117, 123, 117,  30,  43,  30,  43,  30,  43,  30,  43,  30,  43,  30,  43,  30,
     43,  30,  43,  30,  43,  30,  43,  30,  43,  30,  43,  31,  44,  31,  44,  31,
     44,  31,  44,  31,  44,  31,  44,  31,  44,  31,  44,  31,  46,  31,  46,  32,
     44,  32,  44,  32,  44,  32,  44,  32,  44,  32,  44,  32,  44,  32,  44,  32,
     44,  32,  44,  32,  44,  32,  44,  35,  51,  35,  51,  35,  51,  35,  51,  35,
     51,  35,  51,  35,  51,  39,  52, 125,  52, 125,  52, 125,  52, 126, 127, 128,
    129, 126, 127, 128, 130,  58,  58, 131, 131, 132, 133,  59,  69,  28, 131, 134,
     50,  31, 131,  48,  25, 135, 136, 137, 138, 139, 140, 140, 140, 140, 141, 140,
    142, 140, 140, 140, 140, 140, 140, 140, 140, 140, 140, 140, 140, 140, 140, 140,
    140, 140, 140,  32,  31,  31,  57,  44,  32, 143,  32, 144,  31,  11,  27,  30,
     11, 145,  47,  25,  27,  27,  27,  27, 146, 146, 146, 147, 146, 148, 148, 148,
    148, 148, 148, 148, 149, 147, 149, 146, 147, 146, 146, 146, 146,
};

static const uint16_t inter_10_boldKernRowOffsets[] = {
        0,    15,    29,    32,    49,    60,    62,    76,    99,   128,   136,   153,   167,   168,   178,   191,
      202,   207,   249,   256,   274,   293,   294,   318,   380,   390,   400,   405,   431,   448,   456,   494,
      535,   556,   577,   640,   688,   728,   766,   820,   836,   847,   909,   952,   971,  1003,  1053,  1060,
     1067,  1086,  1143,  1164,  1210,  1232,  1283,  1307,  1331,  1340,  1363,  1373,  1379,  1386,  1395,  1400,
     1403,  1425,  1426,  1427,  1449,  1472,  1473,  1500,  1510,  1515,  1528,  1542,  1552,  1557,  1564,  1594,
     1613,  1645,  1664,  1697,  1717,  1747,  1777,  1807,  1814,  1855,  1869,  1910,  1913,  1927,  1968,  1982,
     2045,  2108,  2171,  2195,  2199,  2204,  2209,  2218,  2227,  2234,  2266,  2267,  2289,  2294,  2301,  2331,
     2334,  2342,  2380,  2404,  2409,  2440,  2497,  2518,  2572,  2574,  2577,  2585,  2587,  2591,  2592,  2595,
     2600,  2601,  2602,  2605,  2608,  2615,  2647,  2651,  2705,  2725,  2776,  2802,  2815,  2844,  2845,  2847,
     2851,  2853,  2854,  2875,  2876,  2877,  2878,  2879,  2884,  2885,  2889,
};

static const uint8_t inter_10_boldKernSparseCols[] = {
      6,  11,  13,  19,  29,  32,  43,  48,  75,  80,  89,  98,  99, 110, 131,  21,
     29,  33,  37,  79,  86,  87,  90,  91,  92,  97, 100, 104, 140, 125, 126, 132,
      2,  33,  35,  36,  38,  51,  52,  57,  61,  82,  90,  91,  92, 104, 111, 124,
    125,  30,  43,  46,  47,  75,  80,  85,  88,  89,  94,  96,  96, 125,   6,  11,
     13,  19,  28,  29,  31,  32,  41,  71,  98,  99, 102, 131,  17,  18,  21,  29,
     32,  33,  35,  36,  37,  38,  51,  53,  65,  82,  90,  91,  92, 100, 101, 104,
    111, 124, 125,   0,   1,   2,  15,  16,  18,  20,  21,  22,  23,  27,  28,  31,
     33,  38,  65,  90,  91,  92, 101, 102, 104, 108, 111, 124, 126, 128, 129, 132,
     11,  13,  29,  32,  35,  36,  96, 131,  11,  13,  21,  29,  35,  37,  38,  41,
     49, 100, 107, 109, 111, 124, 125, 127, 131,   8,  41,  49,  51,  71,  79,  82,
     84,  86,  87,  96,  97, 107, 109,  19,   9,  11,  13,  37,  40,  58,  62, 100,
    127, 131,   9,  11,  13,  16,  21,  40,  49,  61,  62,  65, 107, 109, 131,   9,
     11,  13,  16,  40,  49,  61,  62, 107, 109, 131,  11,  13,  41, 127, 131,   3,
      5,   6,   9,  11,  13,  15,  18,  19,  20,  21,  22,  23,  24,  25,  29,  32,
     40,  41,  42,  43,  47,  48,  58,  62,  73,  74,  75,  79,  80,  83,  86,  87,
     89,  97,  98,  99, 101, 110, 127, 131, 140,  33,  35,  90,  91,  92, 104, 125,
     29,  33,  35,  36,  37,  38,  51,  53,  82,  90,  91,  92, 100, 104, 111, 124,
    125, 143,  21,  29,  33,  35,  36,  37,  38,  39,  90,  91,  92,  98,  99, 100,
    104, 111, 124, 125, 143,  29,  11,  13,  14,  29,  33,  35,  36,  37,  38,  41,
     61,  90,  91,  92,  96, 100, 104, 111, 124, 125, 127, 131, 139, 140,   2,   4,
      9,  10,  12,  14,  15,  16,  25,  26,  27,  28,  29,  31,  33,  34,  35,  36,
     38,  40,  43,  44,  45,  48,  49,  51,  52,  55,  57,  58,  59,  61,  62,  65,
     66,  68,  72,  75,  76,  77,  78,  80,  82,  89,  90,  91,  92,  95, 102, 104,
    107, 108, 109, 110, 111, 124, 125, 126, 130, 132, 133, 143,  33,  79,  86,  87,
     90,  91,  92,  97, 104, 125,  29,  37,  41,  51,  79,  82,  86,  87,  97, 100,
     79,  86,  87,  96,  97,  11,  13,  14,  29,  32,  41,  42,  43,  47,  50,  51,
     54,  64,  73,  74,  75,  80,  81,  82,  83,  89,  93,  96, 127, 131, 140,  29,
     33,  35,  37,  38,  79,  86,  87,  90,  91,  92,  96,  97, 100, 104, 111, 124,
     11,  13,  14,  29,  41,  96, 127, 131,   4,  10,  12,  25,  26,  28,  31,  43,
     45,  50,  51,  52,  55,  58,  59,  61,  64,  66,  72,  75,  76,  77,  78,  79,
     80,  81,  82,  86,  87,  89,  93,  95,  96,  97, 102, 108, 130, 144,   2,   9,
     10,  12,  16,  27,  28,  31,  33,  35,  36,  38,  40,  49,  51,  55,  57,  58,
     59,  61,  62,  65,  66,  72,  82,  90,  91,  92, 102, 104, 107, 108, 109, 111,
    124, 125, 126, 128, 129, 130, 132,   6,  10,  11,  12,  13,  29,  32,  42,  43,
     55,  59,  66,  73,  74,  75,  80,  83,  89, 127, 131, 140,  33,  35,  38,  42,
     43,  73,  74,  75,  79,  80,  83,  86,  87,  89,  90,  91,  92,  97, 104, 111,
    124,   4,   6,  10,  11,  12,  13,  14,  15,  19,  21,  24,  25,  26,  28,  29,
     31,  32,  38,  41,  42,  43,  47,  48,  49,  50,  51,  52,  53,  54,  55,  58,
     59,  64,  66,  68,  72,  73,  74,  75,  79,  80,  81,  82,  83,  86,  87,  89,
     93,  96,  97,  98,  99, 102, 107, 108, 109, 110, 111, 124, 127, 130, 131, 140,
      6,  10,  11,  12,  13,  14,  15,  19,  24,  25,  26,  28,  29,  31,  32,  35,
     41,  42,  43,  47,  48,  55,  58,  59,  66,  69,  72,  73,  74,  75,  79,  80,
     83,  86,  87,  89,  96,  97,  98,  99, 102, 108, 110, 127, 130, 131, 139, 140,
      4,   6,  10,  11,  12,  13,  14,  19,  24,  25,  26,  28,  29,  31,  32,  35,
     36,  42,  43,  47,  48,  55,  58,  59,  66,  69,  73,  74,  75,  80,  83,  89,
     96, 102, 108, 110, 127, 131, 139, 140,   4,  10,  12,  15,  18,  19,  22,  25,
     26,  28,  31,  33,  42,  43,  55,  58,  59,  61,  66,  72,  73,  74,  75,  80,
     83,  89,  90,  91,  92,  96, 101, 102, 103, 104, 107, 108, 130, 142,   6,  10,
     11,  12,  13,  19,  24,  25,  26,  28,  29,  31,  32,  33,  42,  43,  45,  47,
     48,  50,  55,  58,  59,  61,  64,  66,  68,  72,  73,  74,  75,  76,  77,  78,
     80,  81,  83,  89,  90,  91,  92,  93,  95,  96, 102, 104, 108, 110, 127, 130,
    131, 139, 140, 144,  10,  12,  25,  28,  31,  55,  58,  59,  66,  79,  86,  87,
     96,  97, 102, 108,  30,  43,  46,  47,  75,  80,  85,  88,  89,  94,  96,   2,
      4,   9,  10,  12,  14,  15,  16,  25,  26,  27,  28,  29,  31,  33,  34,  35,
     36,  38,  40,  43,  44,  45,  48,  49,  51,  52,  55,  57,  58,  59,  61,  62,
     65,  66,  68,  72,  75,  76,  77,  78,  80,  82,  89,  90,  91,  92,  95, 102,
    104, 107, 108, 109, 110, 111, 124, 125, 126, 130, 132, 133, 143,   9,  15,  16,
     18,  19,  20,  22,  23,  28,  30,  31,  33,  34,  35,  40,  45,  46,  47,  51,
     62,  65,  76,  77,  78,  82,  85,  88,  90,  91,  92,  94,  95,  98,  99, 101,
    102, 103, 104, 105, 106, 108, 125, 143,   2,  16,  33,  35,  36,  38,  51,  61,
     82,  90,  91,  92,  96, 104, 111, 124, 125, 126, 132,   2,   8,  16,  29,  33,
     35,  36,  37,  38,  42,  51,  52,  53,  54,  57,  61,  73,  74,  82,  83,  90,
     91,  92,  96, 100, 104, 108, 111, 124, 125, 126, 132,  10,  11,  12,  13,  14,
     19,  29,  32,  38,  41,  42,  43,  44,  45,  46,  48,  49,  52,  55,  58,  59,
     66,  72,  73,  74,  75,  76,  77,  78,  79,  80,  83,  86,  87,  88,  89,  95,
     96,  97,  98,  99, 107, 109, 110, 111, 124, 127, 130, 131, 140,  33,  46,  88,
     90,  91,  92, 104,   8,  56,  79,  86,  87,  96,  97,  10,  12,  19,  25,  33,
     43,  51,  55,  58,  59,  66,  75,  80,  82,  89,  90,  91,  92, 104,  10,  11,
     12,  13,  14,  25,  29,  30,  32,  33,  39,  42,  43,  44,  45,  46,  47,  49,
     51,  52,  53,  55,  59,  66,  73,  74,  75,  76,  77,  78,  79,  80,  82,  83,
     85,  86,  87,  88,  89,  90,  91,  92,  94,  95,  96,  97, 104, 105, 106, 107,
    109, 125, 126, 127, 131, 132, 140,   2,  33,  35,  36,  38,  49,  51,  61,  82,
     90,  91,  92,  96, 104, 107, 108, 109, 111, 124, 125, 127,  10,  12,  19,  25,
     30,  33,  35,  36,  38,  42,  43,  44,  46,  48,  49,  51,  52,  55,  59,  66,
     72,  73,  74,  75,  80,  82,  83,  85,  88,  89,  90,  91,  92,  94,  96, 104,
    107, 109, 110, 111, 124, 125, 126, 130, 132, 140,  10,  12,  14,  25,  33,  38,
     41,  55,  59,  66,  71,  84,  90,  91,  92, 104, 111, 124, 125, 126, 132, 140,
     10,  11,  12,  13,  14,  25,  26,  29,  30,  32,  33,  38,  41,  42,  43,  44,
     48,  49,  55,  58,  59,  66,  73,  74,  75,  79,  80,  83,  85,  86,  87,  89,
     90,  91,  92,  94,  96,  97, 104, 105, 106, 107, 109, 110, 111, 124, 126, 127,
    131, 132, 140,   6,  11,  13,  29,  32,  33,  39,  42,  43,  58,  73,  74,  75,
     80,  83,  89,  90,  91,  92, 104, 126, 127, 131, 132,  10,  12,  26,  33,  42,
     43,  44,  49,  55,  58,  59,  66,  73,  74,  75,  80,  83,  89,  90,  91,  92,
    104, 107, 109,  33,  43,  75,  80,  89,  90,  91,  92, 104,  17,  18,  21,  29,
     32,  33,  35,  36,  37,  38,  51,  53,  65,  82,  90,  91,  92, 100, 101, 104,
    111, 124, 125,  33,  35,  38,  90,  91,  92, 104, 111, 124, 125,  45,  76,  77,
     78,  95,  96,   6,  29,  32,  43,  75,  80,  89,  29,  33,  38,  90,  91,  92,
    104, 111, 124,  33,  90,  91,  92, 104, 112, 113, 115,   6,  19,  28,  29,  31,
     32,  37,  38,  42,  43,  48,  73,  74,  75,  80,  83,  89, 100, 102, 110, 111,
    124, 134, 135,  10,  12,  14,  25,  33,  38,  41,  55,  59,  66,  71,  84,  90,
     91,  92, 104, 111, 124, 125, 126, 132, 140,  17,  18,  21,  29,  32,  33,  35,
     36,  37,  38,  51,  53,  65,  82,  90,  91,  92, 100, 101, 104, 111, 124, 125,
    137,  16,  17,  18,  21,  22,  29,  33,  35,  36,  37,  38,  39,  51,  52,  53,
     82,  90,  91,  92,  98,  99, 100, 101, 104, 111, 124, 125,  33,  35,  36,  90,
     91,  92, 104, 125, 126, 132,  79,  86,  87,  96,  97,  29,  33,  35,  37,  38,
     90,  91,  92, 100, 104, 111, 124, 143,  11,  13,  29,  32,  33,  35,  39,  90,
     91,  92, 104, 125, 127, 131,  33,  79,  86,  87,  90,  91,  92,  97, 104, 125,
     33,  90,  91,  92, 104,   8,  56,  79,  86,  87,  96,  97,  16,  21,  30,  33,
     35,  39,  44,  45,  46,  47,  49,  70,  76,  77,  78,  79,  85,  86,  87,  88,
     90,  91,  92,  94,  95,  96,  97, 104, 107, 109,   2,  16,  33,  35,  36,  38,
     51,  61,  82,  90,  91,  92,  96, 104, 111, 124, 125, 126, 132,   2,   8,  16,
     29,  33,  35,  36,  37,  38,  42,  51,  52,  53,  54,  57,  61,  73,  74,  82,
     83,  90,  91,  92,  96, 100, 104, 108, 111, 124, 125, 126, 132,   2,  16,  33,
     35,  36,  38,  51,  61,  82,  90,  91,  92,  96, 104, 111, 124, 125, 126, 132,
      2,   7,   8,   9,  16,  21,  30,  33,  40,  45,  46,  47,  57,  61,  62,  76,
     77,  78,  79,  85,  86,  87,  88,  90,  91,  92,  94,  95,  96,  97, 104, 125,
    140,  30,  33,  45,  46,  76,  77,  78,  79,  85,  86,  87,  88,  90,  91,  92,
     94,  95,  96,  97, 104,  16,  21,  30,  33,  35,  39,  44,  45,  46,  47,  49,
     70,  76,  77,  78,  79,  85,  86,  87,  88,  90,  91,  92,  94,  95,  96,  97,
    104, 107, 109,  16,  21,  30,  33,  35,  39,  44,  45,  46,  47,  49,  70,  76,
     77,  78,  79,  85,  86,  87,  88,  90,  91,  92,  94,  95,  96,  97, 104, 107,
    109,  16,  21,  30,  33,  35,  39,  44,  45,  46,  47,  49,  70,  76,  77,  78,
     79,  85,  86,  87,  88,  90,  91,  92,  94,  95,  96,  97, 104, 107, 109,   8,
     56,  79,  86,  87,  96,  97,   2,   9,  10,  12,  16,  27,  28,  31,  33,  35,
     36,  38,  40,  49,  51,  55,  57,  58,  59,  61,  62,  65,  66,  72,  82,  90,
     91,  92, 102, 104, 107, 108, 109, 111, 124, 125, 126, 128, 129, 130, 132,   8,
     41,  49,  51,  71,  79,  82,  84,  86,  87,  96,  97, 107, 109,   2,   9,  10,
     12,  16,  27,  28,  31,  33,  35,  36,  38,  40,  49,  51,  55,  57,  58,  59,
     61,  62,  65,  66,  72,  82,  90,  91,  92, 102, 104, 107, 108, 109, 111, 124,
    125, 126, 128, 129, 130, 132,  38, 111, 124,   8,  41,  49,  51,  71,  79,  82,
     84,  86,  87,  96,  97, 107, 109,   2,   9,  10,  12,  16,  27,  28,  31,  33,
     35,  36,  38,  40,  49,  51,  55,  57,  58,  59,  61,  62,  65,  66,  72,  82,
     90,  91,  92, 102, 104, 107, 108, 109, 111, 124, 125, 126, 128, 129, 130, 132,
      8,  41,  49,  51,  71,  79,  82,  84,  86,  87,  96,  97, 107, 109,   4,   6,
     10,  11,  12,  13,  14,  15,  19,  21,  24,  25,  26,  28,  29,  31,  32,  38,
     41,  42,  43,  47,  48,  49,  50,  51,  52,  53,  54,  55,  58,  59,  64,  66,
     68,  72,  73,  74,  75,  79,  80,  81,  82,  83,  86,  87,  89,  93,  96,  97,
     98,  99, 102, 107, 108, 109, 110, 111, 124, 127, 130, 131, 140,   4,   6,  10,
     11,  12,  13,  14,  15,  19,  21,  24,  25,  26,  28,  29,  31,  32,  38,  41,
     42,  43,  47,  48,  49,  50,  51,  52,  53,  54,  55,  58,  59,  64,  66,  68,
     72,  73,  74,  75,  79,  80,  81,  82,  83,  86,  87,  89,  93,  96,  97,  98,
     99, 102, 107, 108, 109, 110, 111, 124, 127, 130, 131, 140,   4,   6,  10,  11,
     12,  13,  14,  15,  19,  21,  24,  25,  26,  28,  29,  31,  32,  38,  41,  42,
     43,  47,  48,  49,  50,  51,  52,  53,  54,  55,  58,  59,  64,  66,  68,  72,
     73,  74,  75,  79,  80,  81,  82,  83,  86,  87,  89,  93,  96,  97,  98,  99,
    102, 107, 108, 109, 110, 111, 124, 127, 130, 131, 140,  42,  43,  44,  47,  48,
     49,  50,  51,  52,  53,  54,  64,  73,  74,  75,  80,  81,  82,  83,  89,  93,
    107, 109, 110,  11,  13,  29, 131,   7,   8,  11,  13, 131,  33,  90,  91,  92,
    104,  43,  49,  51,  75,  80,  82,  89, 107, 109,  33,  43,  75,  80,  89,  90,
     91,  92, 104,   8,  56,  79,  86,  87,  96,  97,   2,   8,  16,  29,  33,  35,
     36,  37,  38,  42,  51,  52,  53,  54,  57,  61,  73,  74,  82,  83,  90,  91,
     92,  96, 100, 104, 108, 111, 124, 125, 126, 132,  96,  10,  12,  14,  25,  33,
     38,  41,  55,  59,  66,  71,  84,  90,  91,  92, 104, 111, 124, 125, 126, 132,
    140,  79,  86,  87,  96,  97,   8,  56,  79,  86,  87,  96,  97,  16,  21,  30,
     33,  35,  39,  44,  45,  46,  47,  49,  70,  76,  77,  78,  79,  85,  86,  87,
     88,  90,  91,  92,  94,  95,  96,  97, 104, 107, 109,  11,  13, 131,  33,  41,
     90,  91,  92,  98,  99, 104,   4,  10,  12,  15,  18,  19,  22,  25,  26,  28,
     31,  33,  42,  43,  55,  58,  59,  61,  66,  72,  73,  74,  75,  80,  83,  89,
     90,  91,  92,  96, 101, 102, 103, 104, 107, 108, 130, 142,  11,  13,  14,  29,
     33,  35,  36,  37,  38,  41,  61,  90,  91,  92,  96, 100, 104, 111, 124, 125,
    127, 131, 139, 140,  11,  13,  41, 127, 131,   2,   9,  10,  11,  12,  13,  15,
     19,  22,  23,  40,  43,  44,  49,  51,  52,  55,  59,  62,  65,  66,  75,  80,
     82,  89, 107, 108, 109, 126, 131, 132,  10,  11,  12,  13,  14,  25,  29,  30,
     32,  33,  39,  42,  43,  44,  45,  46,  47,  49,  51,  52,  53,  55,  59,  66,
     73,  74,  75,  76,  77,  78,  79,  80,  82,  83,  85,  86,  87,  88,  89,  90,
     91,  92,  94,  95,  96,  97, 104, 105, 106, 107, 109, 125, 126, 127, 131, 132,
    140,   8,  33,  35,  37,  38,  49,  51,  52,  53,  57,  82,  90,  91,  92, 100,
    104, 107, 109, 111, 124, 125,   6,  10,  11,  12,  13,  19,  24,  25,  26,  28,
     29,  31,  32,  33,  42,  43,  45,  47,  48,  50,  55,  58,  59,  61,  64,  66,
     68,  72,  73,  74,  75,  76,  77,  78,  80,  81,  83,  89,  90,  91,  92,  93,
     95,  96, 102, 104, 108, 110, 127, 130, 131, 139, 140, 144,  60, 117,  60, 120,
    122,  60, 112, 113, 114, 115, 116, 118, 120, 115, 118, 117, 118, 120, 123, 118,
    113, 114, 120,  60, 114, 116, 118, 120, 119, 118, 114, 117, 118,  60, 118, 121,
      8,  56,  79,  86,  87,  96,  97,   2,   8,  16,  29,  33,  35,  36,  37,  38,
     42,  51,  52,  53,  54,  57,  61,  73,  74,  82,  83,  90,  91,  92,  96, 100,
    104, 108, 111, 124, 125, 126, 132,  11,  13,  96, 131,   6,  10,  11,  12,  13,
     19,  24,  25,  26,  28,  29,  31,  32,  33,  42,  43,  45,  47,  48,  50,  55,
     58,  59,  61,  64,  66,  68,  72,  73,  74,  75,  76,  77,  78,  80,  81,  83,
     89,  90,  91,  92,  93,  95,  96, 102, 104, 108, 110, 127, 130, 131, 139, 140,
    144,   6,  11,  13,  14,  19,  29,  32,  43,  48,  69,  75,  80,  89,  98,  99,
    105, 106, 110, 127, 131,   3,   6,  10,  11,  12,  13,  14,  15,  19,  21,  22,
     24,  25,  26,  28,  29,  31,  32,  41,  42,  43,  47,  48,  49,  50,  51,  55,
     58,  59,  64,  65,  66,  69,  73,  74,  75,  80,  81,  82,  83,  89,  93,  98,
     99, 102, 105, 106, 107, 109, 110, 131,  16,  33,  35,  36,  38,  42,  51,  73,
     74,  82,  83,  90,  91,  92,  98,  99, 103, 104, 105, 106, 107, 111, 124, 125,
    126, 132,  29,  33,  35,  37,  38,  90,  91,  92, 100, 104, 111, 124, 143,   0,
      1,   2,  15,  16,  18,  20,  21,  22,  23,  27,  28,  31,  33,  38,  65,  90,
     91,  92, 101, 102, 104, 108, 111, 124, 126, 128, 129, 132, 137,  67, 135, 134,
    135, 136, 138,  63, 135, 138,  16,  28,  31,  33,  35,  36,  38,  46,  51,  82,
     88,  90,  91,  92, 102, 103, 104, 111, 124, 140, 141, 139, 140,  96,  15,  11,
     13,  14,  41, 131,  60, 145, 146, 147, 148,
};

static const int8_t inter_10_boldKernSparseValues[] = {
     -11,  -30,  -30,  -21,  -26,  -55,   -8,   -4,   -8,   -8,   -8,  -15,  -15,   -4,  -30,   -1,
      -5,   -3,   -5,   15,   15,   15,   -3,   -3,   -3,   15,   -5,   -3,  -21,  -21,  -23,  -23,
     -11,  -19,  -21,  -13,  -25,  -11,  -11,  -13,   -7,  -11,  -19,  -19,  -19,  -19,  -25,  -25,
     -30,    5,   -2,    4,    5,   -2,   -2,    5,    4,   -2,    5,   37,    7,  -11,  -11,  -45,
     -45,  -15,   -5,  -32,   -5,  -32,  -23,    6,  -11,  -11,   -5,  -45,   -7,   -2,   -9,  -11,
     -15,  -26,  -15,   -9,  -14,  -21,   -1,   -7,   -3,   -1,  -45,  -45,  -26,  -36,  -10,  -50,
     -21,  -21,  -10,  -10,   -4,  -33,  -10,  -31,   -7,   -2,   -9,   -8,   -4,  -34,  -15,  -15,
     -11,  -21,  -20,  -11,  -11,  -11,   -7,  -15,  -11,  -14,  -21,  -33,  -32,  -45,  -45,  -32,
     -13,  -13,  -11,  -21,    3,    3,   17,  -13,  -10,  -10,   -7,   -2,  -10,  -13,  -11,  -15,
       6,  -13,    6,    6,  -11,  -11,  -15,  -17,  -10,    5,    5,    4,    3,   11,   22,    3,
      12,   22,   22,   13,   22,    4,    4,   -5,   -3,   -7,   -7,   -7,   -3,  -11,   -3,   -7,
     -17,   -7,  -13,  -11,  -11,  -14,   -4,  -13,   -2,   -2,  -13,  -15,   -2,   -2,  -11,   -3,
      -7,   -7,   -1,   -3,   -1,   -2,   -3,   -1,   -1,   -7,  -10,  -10,  -15,  -15,  -10,  -19,
       1,  -15,    1,  -42,  -42,   -5,   -6,  -19,   -3,    7,   -5,   -3,  -11,  -30,  -36,  -32,
       1,  -53,  -15,  -17,  -17,  -15,  -21,    1,  -15,  -15,  -17,   30,  -17,  -15,   30,   30,
     -17,   30,  -36,  -36,   -6,  -15,  -47,  -42,  -14,  -11,  -21,  -11,  -11,  -11,  -28,  -15,
     -17,  -15,  -23,  -21,  -17,  -32,  -13,  -11,  -13,  -15,  -15,  -15,  -17,  -15,  -32,  -32,
     -19,  -13,  -25,  -13,  -26,  -25,  -25,  -19,  -30,  -21,  -26,  -26,  -26,  -11,  -11,  -17,
     -25,  -30,  -30,  -32,  -25,  -21,  -15,  -15,  -13,  -14,  -11,  -14,   -9,  -18,  -15,  -13,
      -2,  -11,  -11,  -11,    8,  -35,  -22,  -15,  -15,  -11,  -13,  -15,  -13,  -34,  -26,   -5,
     -32,  -11,  -11,    4,   -2,  -20,  -13,  -17,  -21,  -14,    5,  -14,  -30,   -8,  -28,  -25,
     -28,  -32,   -8,   -4,    1,   -4,  -10,  -23,  -23,  -11,  -25,  -11,  -11,  -24,  -32,  -18,
     -11,  -11,  -11,   -8,    1,    1,    1,   -8,  -23,   -8,  -30,  -30,  -49,    1,  -14,  -30,
     -10,  -22,  -10,   -4,  -28,  -28,  -43,  -34,  -11,  -34,   -5,  -17,  -17,   11,   11,   11,
     -17,  -17,  -17,   11,  -17,  -19,   -9,   -5,  -13,    2,   11,    2,   11,   11,   11,   -5,
      25,   25,   25,   15,   25,  -13,  -24,   -2,  -30,  -23,  -11,   -6,   -8,   -6,  -11,  -11,
     -11,  -11,   -6,   -6,   -8,   -8,  -11,  -11,   -6,   -8,  -11,   31,  -40,  -42,   -9,  -10,
     -10,   -7,   -5,   -9,   11,   11,   11,  -10,  -10,  -10,   12,   11,   -5,  -10,   -9,   -9,
     -11,  -11,  -19,   -8,  -17,   13,  -26,  -11,   -5,  -26,  -26,  -23,  -11,  -14,  -14,  -13,
       2,  -11,  -13,  -21,  -26,  -17,  -43,   -5,  -11,  -41,  -11,  -13,    2,    2,    2,   28,
     -13,  -11,  -13,   28,   28,  -13,  -11,    2,   28,   28,  -14,  -37,  -11,  -11,  -30,  -57,
     -22,  -39,  -15,   -3,   -9,   -9,  -30,  -26,  -12,  -32,  -43,   -7,  -23,  -35,  -32,  -21,
     -66,  -27,  -59,  -26,  -43,  -11,  -23,  -30,  -30,  -30,   -9,  -30,   -7,  -42,   -7,  -32,
     -47,  -28,  -29,  -15,  -15,  -11,  -52,  -11,   -7,  -13,   -7,  -24,  -28,  -32,   -5,   -4,
      -7,   -7,   -7,   -5,   -5,   -4,   -4,   -5,   -4,  -47,  -45,  -12,   -2,   -7,  -10,   -2,
      -5,   -2,   -2,   -5,   15,   -5,   -2,   15,   15,   -5,   -2,   -2,   -2,   15,   -2,  -10,
     -10,   -2,  -11,  -19,  -11,  -19,  -11,  -43,  -11,  -23,  -26,  -11,  -26,  -11,  -11,  -30,
     -11,  -30,    2,  -19,  -27,  -29,  -20,  -26,  -31,  -27,  -22,  -22,  -12,  -17,  -19,  -43,
     -19,  -61,  -46,  -17,  -11,  -40,  -40,  -46,   30,  -46,  -48,  -34,  -27,   30,   30,  -29,
     -40,   47,   30,  -45,  -45,  -11,  -31,  -19,  -31,  -26,    2,    2,  -40,  -11,  -40,  -19,
     -17,  -19,  -32,  -19,  -32,  -18,  -10,  -11,  -21,  -25,  -21,  -25,  -28,  -14,  -32,    5,
     -26,  -21,  -22,   -5,  -15,  -19,  -19,  -40,  -32,  -10,  -13,  -21,  -34,  -22,   28,  -37,
     -21,   28,   28,  -22,   13,   28,  -40,  -40,  -14,   -6,  -15,  -38,  -13,  -32,  -47,  -51,
      -2,  -17,  -14,  -32,  -14,  -32,  -10,  -11,  -17,  -25,  -21,   -9,  -25,   -9,  -21,    2,
       7,  -19,  -17,  -11,  -11,  -14,  -19,  -14,  -25,  -10,  -19,  -19,  -17,  -17,  -19,  -17,
      28,   -9,  -11,  -11,  -36,  -32,  -34,  -37,   -5,  -14,  -14,  -13,   -7,  -13,   -7,  -19,
     -17,  -18,  -18,  -10,  -19,   -9,  -25,  -13,  -31,   -2,  -29,  -15,  -19,  -19,   -9,   -9,
     -19,   -9,  -10,  -10,  -10,   28,   -7,  -35,  -11,  -10,  -21,  -29,  -15,  -11,  -21,  -21,
     -21,  -21,  -21,  -23,  -21,  -34,  -32,  -15,  -28,  -15,  -11,    2,  -35,  -37,   -7,  -16,
     -23,  -13,  -21,  -30,  -38,   -3,  -13,  -38,  -21,  -28,  -57,  -52,  -37,   -7,  -19,   -7,
     -37,  -13,  -66,  -56,    2,    2,    2,  -13,   -7,   28,  -15,    2,  -19,  -23,  -36,  -13,
     -54,  -58,  -63,  -11,  -12,  -12,  -21,  -11,  -11,  -12,  -11,  -12,  -23,   28,   28,   28,
      11,   28,  -11,   -9,    5,   -2,    4,    5,   -2,   -2,    5,    4,   -2,    5,   29,  -26,
      -5,  -32,  -11,  -11,    4,   -2,  -20,  -13,  -17,  -21,  -14,    5,  -14,  -43,   -8,  -47,
     -44,  -28,  -32,   -8,   -4,    1,   -4,  -10,  -40,  -23,  -11,  -25,  -11,  -11,  -24,  -32,
     -18,  -11,  -11,  -11,   -8,    1,    1,    1,   -8,  -40,   -8,  -43,  -43,  -43,    1,  -14,
     -43,  -10,  -22,  -10,   -4,  -28,  -28,  -58,  -53,  -11,  -53,   -5,  -17,  -23,  -15,  -36,
     -15,  -19,  -15,  -15,  -15,  -13,    9,  -13,  -19,  -13,  -26,  -23,    4,   32,   10,  -26,
     -23,  -15,    4,    4,    4,  -26,    9,   32,  -19,  -19,  -19,    9,    4,   19,   19,  -15,
     -13,  -36,  -17,   13,   13,   -3,  -13,  -17,   -8,  -13,  -26,  -17,  -17,  -32,   -6,   -3,
      -6,  -26,  -26,  -26,    2,  -26,  -32,  -32,  -15,   -9,   -9,   -8,   -4,  -11,  -11,  -29,
     -22,  -17,   -9,  -38,    3,   -6,   -5,   -7,   -7,  -11,   -3,    3,    3,   -6,    3,  -29,
     -29,  -29,   14,   -9,  -29,   -4,  -75,  -38,  -21,   -7,   -7,   -7,  -19,   -7,  -19,   -4,
     -21,  -11,  -21,    1,   -5,   -7,   -6,  -15,    2,    1,   -6,  -13,    7,   -7,  -13,   -7,
      -7,   -6,   -7,   -7,   -6,    2,    2,    2,   34,   -6,   -7,   34,   47,    1,   -6,    2,
      15,   45,  -27,  -27,  -13,  -13,   -6,    1,    1,  -30,   -6,  -19,   -6,  -17,    3,    3,
     -17,  -17,  -17,  -17,    1,    1,   22,   33,   22,   29,   33,  -19,  -19,  -15,  -28,  -19,
      -7,    3,  -19,  -17,  -42,  -19,   -7,   -7,    3,   -7,  -19,  -19,  -19,  -19,  -11,  -21,
     -11,  -21,  -10,  -12,  -13,    4,  -19,  -19,  -11,   -4,   -7,    7,    2,    4,    2,    7,
       5,    3,    5,  -11,  -21,  -11,   -4,   -4,   -7,    2,    2,    2,    4,   -7,    5,   -4,
       4,    4,    4,    4,   -7,  -19,  -19,  -19,    4,    2,   12,    4,  -19,   -8,   -8,    7,
       7,  -13,    5,  -26,  -21,    5,   -8,   -4,  -25,  -15,  -11,  -25,    1,   -1,   -3,   -1,
     -25,  -25,  -25,    1,  -25,    1,   -1,    1,  -25,  -25,  -17,   -2,   -6,   -6,   -2,   -9,
       1,  -11,   -1,   -1,   -2,    2,   -3,  -11,    2,   -2,   -6,    7,    7,   -6,   -6,   -6,
      -2,    2,    2,   -3,   -3,    7,    2,    1,    2,   -3,  -11,  -11,  -11,    1,   15,  -11,
      -6,   -6,   -2,   -2,   -2,  -13,    5,   -2,    5,    5,  -12,  -12,  -11,  -13,  -17,  -19,
     -11,  -12,  -23,  -12,    1,    7,  -17,  -42,  -17,  -17,  -19,  -19,  -13,    5,    5,  -10,
     -12,  -15,  -12,  -15,  -19,  -11,  -13,  -23,    1,  -21,  -11,  -11,  -26,   -4,   -6,    5,
      -1,    6,  -12,  -13,  -12,  -12,   -4,   -4,   -6,    6,   -6,   -4,    1,    6,    6,   -6,
     -11,  -32,  -11,    1,    1,    6,  -11,  -15,  -15,    6,    6,   -1,  -11,  -11,    2,  -26,
     -40,    2,   -8,  -11,  -25,  -25,  -23,  -19,  -17,  -11,   -1,   -5,  -11,   -1,   -1,   -5,
      -5,   -1,   -5,  -17,  -17,  -17,  -17,    3,  -26,  -25,    3,   -7,   -7,  -11,  -11,   -1,
      -7,    5,    5,   -7,  -11,   -7,   -7,   -1,   -1,   -7,   -7,   -1,   -7,  -11,  -11,  -11,
     -11,    5,    5,  -11,   -7,   -7,   -7,   -7,  -11,  -11,  -11,  -11,   -7,   -2,   -9,  -11,
     -15,  -26,  -15,   -9,  -27,  -21,   -1,   -7,   -3,   -1,  -45,  -45,  -26,  -27,  -10,  -50,
     -21,  -21,  -10,  -23,  -11,  -23,  -23,  -23,  -23,  -23,  -23,  -23,  -11,   10,   10,   10,
      10,   10,   15,  -13,  -25,  -25,  -11,  -11,  -11,  -11,  -11,  -17,  -21,  -17,  -17,  -17,
     -40,  -21,  -21,  -17,  -17,  -17,  -17,  -17,   -5,   -7,   -7,  -11,  -16,   -2,  -24,   -2,
     -24,   -2,   -3,   -4,   -9,   -4,   -4,   -4,   -9,   -9,   -4,   -9,   -2,   -2,   -4,   -3,
      -3,   -3,   -1,  -12,  -12,  -11,  -13,  -17,  -19,  -11,  -12,  -23,  -12,    1,    7,  -17,
     -42,  -17,  -17,  -19,  -19,  -30,    5,    5,  -10,   -7,   -2,   -9,  -11,  -15,  -52,  -28,
      -9,  -29,  -38,   -1,   -7,   -3,   -1,  -52,  -52,  -52,  -29,  -10,  -52,  -38,  -38,  -10,
       4,  -13,  -17,  -15,  -17,  -11,  -11,  -43,  -21,  -19,  -13,  -30,  -11,  -11,  -11,  -11,
     -11,  -43,  -43,  -43,  -11,  -11,  -30,  -15,  -66,  -30,  -30,  -28,  -23,  -40,  -33,  -23,
     -23,  -23,  -23,  -21,  -11,  -11,   13,   13,   13,   13,   13,  -11,  -30,  -13,  -15,  -15,
     -30,  -30,  -30,  -15,  -30,  -15,  -15,  -11,  -34,  -34,  -13,  -13,  -19,  -17,  -13,  -19,
     -19,  -19,  -19,  -19,  -42,  -34,  -17,   11,   11,   11,  -17,  -17,  -17,   11,  -17,  -42,
     -26,  -26,  -26,  -26,  -26,    1,    1,   34,   35,   34,   25,   34,   15,   30,   22,   30,
      28,   30,   13,   22,   22,    4,   17,   13,   33,   22,   33,   55,   22,   55,   55,   33,
      30,   30,   30,   47,   33,   17,   55,   30,   17,   17,   -8,  -13,  -43,  -17,  -17,  -32,
      -6,   -3,   -6,  -43,  -43,  -43,    2,  -43,  -32,  -32,  -15,   -9,   -9,   -8,   -4,  -11,
     -11,  -46,  -22,  -17,   -9,  -38,    3,   -6,   -5,   -7,   -7,  -11,   -3,    3,    3,   -6,
       3,  -46,  -46,  -46,   14,   -9,  -46,   -4,  -75,  -38,  -21,   -7,   -7,   -8,  -13,  -50,
     -17,  -17,  -32,   -6,   -3,   -6,  -50,  -50,  -50,    2,  -50,  -32,  -32,  -15,   -9,   -9,
      11,    3,   41,   19,   15,   15,   10,   13,   19,   13,    9,    9,   14,    6,   19,   13,
      13,   26,   14,   10,   14,   14,    9,   13,   13,   13,   10,   27,   15,   14,   13,   11,
      -6,   11,   11,   11,   13,   11,   11,   13,   13,   13,   13,   13,   13,   11,   11,   11,
      11,   11,   13,   13,   11,   15,   30,   22,   30,   28,   30,   13,   36,   33,    4,   17,
      13,   36,   36,   36,   55,   22,   55,   55,   33,   30,   30,   30,   47,   36,   36,   55,
      30,   17,   17,   15,   30,   22,   30,   28,   30,   13,   36,   36,    4,   17,   13,   36,
      36,   36,   55,   22,   55,   55,   36,   30,   30,   30,   47,   36,   17,   55,   30,   17,
      17,   15,   30,   22,   30,   28,   30,   13,   36,   22,    4,   17,   13,   36,   36,   36,
      55,   22,   55,   55,   33,   30,   30,   30,   47,   36,   17,   55,   30,   17,   17,    1,
       1,   34,   35,   34,   25,   35,  -30,  -59,  -38,  -38,  -15,   -3,   -9,   -9,  -30,  -26,
     -12,  -32,  -59,   -7,  -23,  -37,  -32,  -21,  -38,  -27,  -59,  -26,  -38,  -11,  -23,  -30,
     -30,  -30,   -9,  -30,   -7,  -42,   -7,  -32,  -47,  -28,  -29,  -15,  -15,  -11,  -52,    5,
       5,    4,    3,   11,   22,    3,   12,   22,   22,   27,   22,    4,    4,  -30,  -57,  -34,
     -34,  -15,   -3,   -9,   -9,  -30,  -26,  -12,  -32,  -43,   -7,  -23,  -33,  -32,  -21,  -34,
     -27,  -59,  -26,  -34,  -11,  -23,  -30,  -30,  -30,   -9,  -30,   -7,  -42,   -7,  -32,  -47,
     -28,  -29,  -15,  -15,  -11,  -52,  -11,  -11,  -11,    5,    5,    4,    3,   23,   22,    3,
      11,   22,   22,   13,   22,    4,    4,  -30,  -55,  -22,  -39,  -15,   -3,   -9,   -9,  -30,
     -26,  -12,  -47,  -55,   -7,  -23,  -35,  -32,  -21,  -66,  -27,  -55,  -26,  -43,  -11,  -23,
     -30,  -30,  -30,   -9,  -30,   -7,  -42,   -7,  -47,  -47,  -28,  -40,  -15,  -15,  -11,  -40,
       5,    5,   11,    3,   23,   22,    3,   11,   22,   22,   13,   22,   11,   11,   -2,  -11,
     -32,  -11,  -32,  -11,  -43,  -11,  -23,  -26,  -11,  -26,  -11,  -11,  -30,  -11,  -30,    2,
     -19,  -27,  -29,  -20,  -26,  -31,  -47,  -22,  -22,  -29,  -30,  -32,  -43,  -32,  -47,  -32,
     -17,  -11,  -40,  -40,  -46,   30,  -46,  -47,  -34,  -27,   30,   30,  -29,  -47,   47,   30,
     -45,  -45,  -11,  -31,  -19,  -31,  -26,    2,    2,  -40,  -11,  -40,  -19,   -2,  -11,  -32,
     -11,  -32,  -11,  -43,  -11,  -23,  -26,  -11,  -26,  -11,  -11,  -30,  -11,  -30,    2,  -19,
     -27,  -29,  -20,  -26,  -31,  -27,  -22,  -22,  -12,  -17,  -32,  -43,  -32,  -61,  -32,  -17,
     -11,  -40,  -40,  -46,   30,  -46,  -48,  -34,  -27,   30,   30,  -29,  -40,   47,   30,  -45,
     -45,  -11,  -31,  -19,  -31,  -26,    2,    2,  -40,  -11,  -40,  -19,   -2,  -11,  -19,  -11,
     -19,  -11,  -43,  -11,  -23,  -26,  -11,  -26,  -11,  -11,  -51,  -11,  -70,    2,  -19,  -27,
     -29,  -20,  -26,  -31,  -27,  -22,  -22,  -12,  -17,  -19,  -43,  -19,  -61,  -46,  -17,  -11,
     -40,  -40,  -46,   30,  -46,  -48,  -34,  -27,   30,   30,  -29,  -40,   47,   30,  -45,  -45,
     -11,  -31,  -19,  -31,  -26,    2,    2,  -40,  -11,  -40,  -30,  -20,  -21,  -14,  -20,  -20,
     -13,  -20,  -19,  -19,  -19,  -20,  -20,  -20,  -20,  -21,  -21,  -20,  -19,  -20,  -21,  -20,
     -13,  -13,  -20,  -15,  -15,  -12,  -15,    3,    8,  -15,  -15,  -15,   17,   17,   17,   17,
      17,  -19,   10,    6,  -19,  -19,    6,  -19,   10,   10,  -24,   -7,   -7,   -7,   -7,  -24,
     -24,  -24,  -24,    1,    1,   34,   34,   34,   35,   34,   -8,   -4,  -11,  -11,  -55,  -22,
     -17,   -9,  -38,    3,   -6,   -5,   -7,   -7,  -11,   -3,    3,    3,   -6,    3,  -55,  -55,
     -55,   14,   -9,  -55,   -4,  -75,  -38,  -21,   -7,   -7,   11,  -12,  -12,  -11,  -13,  -32,
     -19,  -11,  -12,  -23,  -12,    1,    7,  -32,  -32,  -32,  -32,  -19,  -19,  -13,    5,    5,
     -10,   13,   13,   13,   24,   13,    1,    1,   34,   34,   34,   29,   34,   15,   30,   22,
      30,   28,   30,   13,   33,   36,    4,   17,   13,   33,   33,   33,   55,   22,   55,   55,
      36,   30,   30,   30,   47,   33,   32,   68,   30,   17,   17,  -15,  -15,  -15,  -19,   21,
     -19,  -19,  -19,    7,    7,  -19,   -5,  -39,  -39,  -13,   -7,  -13,   -7,  -17,  -17,  -18,
     -18,  -10,  -19,   -9,  -39,  -30,  -39,   -2,  -39,  -15,  -19,  -19,   -9,   -9,  -19,   -9,
     -10,  -10,  -10,   28,   -7,  -35,  -11,  -10,  -21,  -29,  -15,  -11,  -15,  -15,  -13,  -14,
     -11,  -14,   -9,  -18,  -15,  -13,   -2,  -11,  -11,  -11,    8,  -35,  -22,  -15,  -15,  -11,
     -30,  -15,  -13,  -34,  -15,  -15,  -13,  -11,  -15,  -11,  -11,  -11,    6,  -11,    6,   -6,
      -4,   -3,   -1,  -11,   -6,  -10,  -10,   -9,  -10,  -11,  -11,  -11,  -10,  -11,   -6,   -6,
      -9,   -6,  -10,  -14,  -10,  -11,    6,  -11,  -11,  -42,  -11,  -42,  -10,  -12,  -13,    4,
     -19,  -19,  -11,   -4,   -7,    7,    2,    4,    2,    7,    5,    3,    5,  -11,  -21,  -11,
      -4,   -4,   -7,    2,    2,    2,    4,   -7,    5,   -4,    4,    4,    4,    4,   -7,  -19,
     -19,  -19,    4,    2,   12,    4,  -19,   -8,   -8,    7,    7,  -13,    5,  -51,  -42,    5,
      -8,   -9,  -36,  -36,   -9,  -57,  -11,  -12,   -9,   -6,  -16,  -12,  -36,  -36,  -36,   -9,
     -36,  -11,  -39,  -57,  -57,  -24,  -21,  -21,  -21,  -21,  -21,  -23,  -21,  -34,  -32,  -15,
     -28,  -15,  -11,    2,  -35,  -73,   -7,  -16,  -23,  -13,  -21,  -30,  -38,   -3,  -13,  -38,
     -21,  -28,  -57,  -52,  -73,   -7,  -19,   -7,  -73,  -13,  -66,  -73,    2,    2,    2,  -13,
      -7,   28,  -15,    2,  -19,  -23,  -36,  -13,  -54,  -58,  -63,  -11,   -7,   -7,   -7,    3,
      -3,  -15,   -2,   -7,  -13,    3,   -7,   -7,    5,   -3,   -3,   -7,   -3,   -3,   -3,    3,
     -10,   -7,    3,  -15,   -7,   -7,  -10,    7,    7,   -3,   -3,   -3,   -3,   -7,   -3,   -2,
       1,    1,   22,   33,   22,   25,   33,   -8,   -4,  -11,  -11,  -29,  -22,  -17,   -9,  -38,
       3,   -6,   -5,   -7,   -7,  -11,   -3,    3,    3,   -6,    3,  -29,  -29,  -29,   27,   -9,
     -29,   -4,  -75,  -38,  -21,   -7,   -7,  -11,  -11,   13,  -11,  -21,  -21,  -33,  -21,  -33,
     -23,  -21,  -34,  -32,  -15,  -28,  -15,  -11,    2,  -35,  -37,   -7,  -16,  -23,  -13,  -21,
     -30,  -38,   -3,  -13,  -38,  -21,  -28,  -57,  -52,  -37,   -7,  -19,   -7,  -37,  -13,  -66,
     -56,    2,    2,    2,  -13,   -7,   28,  -15,    2,  -19,  -23,  -36,  -13,  -33,  -58,  -63,
     -11,  -21,  -35,  -35,  -32,  -21,  -32,  -49,  -14,   -7,  -21,  -14,  -14,  -14,  -21,  -38,
     -47,  -28,   -7,  -32,  -35,  -42,  -23,  -18,  -43,  -18,  -43,  -47,  -15,  -32,  -21,  -13,
     -19,  -32,  -19,  -19,  -46,  -19,  -42,  -13,  -19,  -21,  -10,  -23,    3,  -13,    3,  -33,
     -28,  -18,  -28,   -4,  -18,  -23,  -19,  -19,  -21,  -21,  -13,    3,  -19,  -21,  -13,  -17,
     -30,  -19,  -40,  -21,    3,    3,  -34,  -43,  -23,  -32,  -30,  -21,  -36,  -11,  -17,  -11,
     -11,  -17,  -11,  -32,  -32,  -32,   17,   17,  -21,  -49,   21,   21,  -17,  -36,  -36,  -42,
     -32,  -32,  -11,  -11,  -13,  -15,  -15,  -11,  -11,  -11,  -15,  -36,  -15,  -15,  -11,  -10,
      -4,  -33,  -10,  -31,   -7,   -2,   -9,   -8,   -4,  -34,  -15,  -15,  -11,  -21,  -20,  -11,
     -11,  -11,   -7,  -15,  -11,  -14,  -21,  -33,  -32,  -45,  -61,  -32,    7,   -2,   -5,  -17,
       4,   -2,  -11,   -5,   -6,    3,  -14,  -13,  -13,  -19,  -47,  -34,  -58,    2,   -8,   -8,
       2,  -19,  -19,  -30,  -13,   -6,  -24,  -58,  -58,   -9,   -5,   -5,  -14,   13,   -3,  -23,
     -23,  -13,  -17,  -23,   -3,  -13,   -8,  -10,   17,
};

static constexpr EpdFontData inter_10_bold = {
    nullptr,  // packed: inter_10_boldBitmapsPacked
    inter_10_boldGlyphs,
    inter_10_boldIntervals,
    77,
    25,
    21,
    -6,
    false,
    nullptr,
    0,
    nullptr,
    nullptr,  // kernLeftClasses: built-in fonts use split arrays
    nullptr,  // kernRightClasses
    inter_10_boldKernLeftCodepoints,
    inter_10_boldKernLeftClassIds,
    inter_10_boldKernRightCodepoints,
    inter_10_boldKernRightClassIds,
    nullptr,  // kernMatrix: built-in fonts use sparse rows
    inter_10_boldKernRowOffsets,
    inter_10_boldKernSparseCols,
    inter_10_boldKernSparseValues,
    781,
    797,
    154,
    149,
    nullptr,
    0,
};
