/**
 * generated by fontconvert.py
 * name: inter_12_bold
 * size: 12
 * mode: 1-bit  packed bitmaps: true
 * Command used: fontconvert.py inter_12_bold 12 ../builtinFonts/source/Inter/Inter-Bold.ttf ../builtinFonts/source/IBMPlexSansHebrew/IBMPlexSansHebrew-Bold.ttf ../builtinFonts/source/NotoSansArabic/NotoSansArabic-Bold.ttf --additional-intervals 0x05D0,0x05EA --additional-intervals 0x060C,0x060C --additional-intervals 0x061B,0x061B --additional-intervals 0x061F,0x061F --additional-intervals 0x0621,0x0621 --additional-intervals 0x0640,0x0640 --additional-intervals 0x0660,0x0669 --additional-intervals 0x06BA,0x06BA --additional-intervals 0x06D4,0x06D4 --additional-intervals 0x06F0,0x06F9 --additional-intervals 0xFB56,0xFB59 --additional-intervals 0xFB66,0xFB69 --additional-intervals 0xFB7A,0xFB7D --additional-intervals 0xFB88,0xFB95 --additional-intervals 0xFB9E,0xFB9F --additional-intervals 0xFBA6,0xFBB1 --additional-intervals 0xFBFC,0xFBFF --additional-intervals 0xFE80,0xFEFC --pack-bitmaps --zopfli
 */
#pragma once
#include "EpdFontData.h"

// Bitmaps: 45320 bytes raw, 18767 packed (raw DEFLATE).
// EpdFontData::bitmap stays nullptr until the app inflates them (PackedAsset).
static constexpr uint32_t inter_12_boldBitmapsSize = 45320;
static const uint8_t inter_12_boldBitmapsPacked[18767] = {
    0xC5, 0xFD, 0x8B, 0x8B, 0x24, 0x49, 0x9A, 0x20, 0x86, 0x7F, 0xDE, 0x36, 0xBF, 0xB2, 0x86, 0x5F,
    0x29, 0x6D, 0x0F, 0x01, 0xAA, 0xE1, 0xA2, 0xDD, 0x66, 0x39, 0xF1, 0x16, 0xA8, 0x86, 0x85, 0xBB,
    0xEC, 0x6D, 0x2F, 0xB7, 0x81, 0x03, 0xEE, 0xBF, 0x10, 0xB5, 0x0C, 0xCC, 0xF0, 0x38, 0x74, 0xD1,
    0x34, 0x6C, 0x7B, 0x92, 0x5E, 0x61, 0x96, 0x0A, 0xD8, 0x10, 0xB0, 0xD7, 0x71, 0x88, 0xD7, 0x88,
    0xEB, 0xCD, 0x38, 0x9E, 0xE2, 0xCD, 0xC1, 0x82, 0x34, 0xC7, 0x56, 0x67, 0x5A, 0x10, 0xB0, 0x21,
    0xC1, 0xA9, 0xE3, 0x78, 0x0F, 0x5C, 0x6F, 0x86, 0x85, 0xE2, 0x34, 0x21, 0xE0, 0x68, 0xB7, 0x20,
    0xC4, 0x86, 0xC5, 0x85, 0xA7, 0x7D, 0x72, 0x33, 0x8F, 0xAC, 0xAC, 0xEA, 0xEA, 0xCA, 0xCA, 0xEC,
    0xD9, 0x91, 0x3E, 0xF3, 0xF0, 0x47, 0xB8, 0xF9, 0x67, 0x0F, 0xB7, 0xC7, 0xF7, 0xB2, 0xCF, 0x4F,
    0x56, 0xE7, 0x87, 0xCD, 0xA4, 0xA7, 0xAB, 0x3F, 0xDF, 0x7C, 0x55, 0x9D, 0x5E, 0x6D, 0x9B, 0xDD,
    0xD7, 0x3F, 0x57, 0xB4, 0xC3, 0x62, 0x38, 0xCA, 0x24, 0x86, 0x20, 0x7C, 0x7A, 0x9C, 0x16, 0xD2,
    0x63, 0x0C, 0x59, 0x37, 0xB3, 0xC7, 0x4D, 0x20, 0x40, 0x81, 0x03, 0x0E, 0x70, 0x88, 0x17, 0xF8,
    0xE2, 0x6A, 0x7F, 0x86, 0x49, 0x13, 0xCE, 0x50, 0x4B, 0x85, 0xBB, 0xF9, 0xE6, 0x12, 0xF7, 0xB8,
    0xC1, 0x31, 0x82, 0x05, 0x93, 0xA8, 0x2C, 0x99, 0xD8, 0x54, 0xE8, 0xC5, 0xD7, 0xEC, 0xA8, 0xB0,
    0x9F, 0x4D, 0xC9, 0x97, 0x5D, 0xBE, 0x52, 0xBD, 0xE3, 0x64, 0xA9, 0x20, 0x2B, 0x92, 0x99, 0xE9,
    0xC8, 0xB3, 0xE5, 0x97, 0x47, 0x99, 0x59, 0xAC, 0x18, 0x2D, 0xAC, 0x98, 0x42, 0x0D, 0x89, 0x22,
    0x8A, 0x5A, 0x5A, 0x53, 0x4F, 0xA6, 0x4D, 0xBC, 0x8D, 0x16, 0x86, 0x1B, 0x6A, 0xD8, 0x66, 0x76,
    0xBD, 0xF2, 0x9B, 0xD9, 0x7A, 0xE9, 0x5C, 0x2D, 0x3D, 0xC7, 0xC1, 0xDE, 0x18, 0xC0, 0x06, 0x9E,
    0x1F, 0xA5, 0x69, 0x9E, 0x65, 0x65, 0x59, 0xDC, 0x40, 0x59, 0x66, 0x79, 0x9A, 0xB2, 0x6E, 0x51,
    0x34, 0x27, 0xCD, 0x59, 0xCA, 0x03, 0xA4, 0x6D, 0xB4, 0xA2, 0xFB, 0x28, 0xD1, 0xFF, 0x46, 0x6C,
    0xBD, 0x1C, 0x6E, 0xF0, 0x4F, 0xFF, 0xCF, 0xFF, 0xF5, 0x18, 0x80, 0x42, 0x41, 0x74, 0x0A, 0x56,
    0x62, 0x00, 0xD7, 0x5E, 0x00, 0x9C, 0x5E, 0xE1, 0xE9, 0x37, 0x06, 0x11, 0x0D, 0x9C, 0x54, 0xE7,
    0x4F, 0x01, 0x6C, 0x91, 0xD2, 0x33, 0x6D, 0x33, 0x46, 0xCF, 0x4C, 0x91, 0x32, 0xA2, 0xED, 0x71,
    0xDA, 0x9C, 0x36, 0x7F, 0x00, 0xD5, 0xC2, 0xE0, 0x12, 0xA7, 0xD3, 0x39, 0xBD, 0x60, 0x8E, 0x5B,
    0x61, 0x84, 0x96, 0x67, 0x48, 0x90, 0x7A, 0x96, 0xE7, 0xD2, 0x49, 0x2B, 0x55, 0x07, 0xE8, 0x70,
    0x56, 0x6D, 0xF7, 0x5F, 0xA5, 0x8C, 0xF6, 0xC7, 0xC6, 0x16, 0x59, 0x7B, 0xC2, 0x14, 0x0E, 0x90,
    0x7B, 0xB7, 0x1F, 0x57, 0x54, 0xA5, 0xE0, 0x1A, 0x5C, 0x89, 0x63, 0xBA, 0x47, 0x0C, 0x57, 0x18,
    0x40, 0x53, 0x25, 0x07, 0x38, 0xF2, 0x4E, 0x2E, 0x2C, 0xD5, 0x39, 0x75, 0x5C, 0x49, 0x25, 0x41,
    0x6A, 0x24, 0x9E, 0xCB, 0x6B, 0x5C, 0xF8, 0xC4, 0x80, 0x25, 0x96, 0x19, 0x1E, 0x13, 0xBD, 0x62,
    0x2F, 0xF3, 0xA2, 0x58, 0xAF, 0x57, 0x93, 0x19, 0xB6, 0x00, 0x05, 0xD8, 0xC4, 0xC8, 0x35, 0xAE,
    0x1A, 0x34, 0x05, 0x31, 0x0C, 0x84, 0xC3, 0x0D, 0x56, 0x43, 0xC5, 0x41, 0x8E, 0x91, 0xFA, 0x1C,
    0x77, 0x38, 0xF1, 0x89, 0xA6, 0x5A, 0x4E, 0x9A, 0x28, 0xA5, 0x34, 0x08, 0xCF, 0x1C, 0xEE, 0xB1,
    0x9A, 0x7A, 0xE6, 0x84, 0xC1, 0xFE, 0x9C, 0x4B, 0xD7, 0xA4, 0x04, 0x46, 0xEE, 0x5B, 0x94, 0x65,
    0x83, 0x46, 0x95, 0x89, 0x65, 0x2A, 0x4F, 0x42, 0xB6, 0x42, 0xC6, 0x39, 0x38, 0x62, 0x80, 0x2A,
    0xB1, 0xC0, 0x25, 0xCE, 0x06, 0x73, 0x76, 0xC1, 0xF3, 0x4C, 0x38, 0x31, 0xC6, 0xD5, 0xAA, 0x1A,
    0x5C, 0xD1, 0x97, 0xAC, 0xCC, 0xB1, 0x46, 0x8B, 0x3A, 0x83, 0x9B, 0x62, 0x9F, 0x8E, 0x91, 0xD4,
    0xCC, 0xC9, 0xCD, 0x16, 0x67, 0xC8, 0x33, 0x08, 0xB9, 0x91, 0x3B, 0x1C, 0xFB, 0x44, 0xB7, 0xD5,
    0x9E, 0xAC, 0x2E, 0x0A, 0x7D, 0xB2, 0xBA, 0x8A, 0xA7, 0xE7, 0xA7, 0xB3, 0x6C, 0xA9, 0x00, 0xA0,
    0xCB, 0x34, 0x32, 0x87, 0x03, 0xC7, 0x41, 0x26, 0x18, 0x43, 0x0D, 0x16, 0x34, 0x46, 0xB0, 0x00,
    0x04, 0x23, 0x28, 0xA0, 0x90, 0x27, 0x9E, 0xD5, 0xCC, 0x71, 0xC3, 0x89, 0x93, 0xF3, 0x1D, 0x32,
    0x5D, 0x10, 0x00, 0xAA, 0x90, 0xD5, 0xB8, 0x1D, 0xBE, 0xCC, 0x92, 0xE6, 0x86, 0x15, 0x89, 0x65,
    0xE0, 0x88, 0x02, 0x08, 0xE5, 0x22, 0xE6, 0x47, 0xD0, 0x40, 0x82, 0x8A, 0xA2, 0xE1, 0x68, 0xC5,
    0x99, 0xCB, 0xA1, 0x2C, 0x4F, 0x2E, 0x4E, 0xF0, 0x7C, 0x8D, 0xE7, 0x1B, 0xFC, 0x62, 0x33, 0x19,
    0x6E, 0xFA, 0xC3, 0x6D, 0xD8, 0x9A, 0x93, 0x2F, 0x36, 0xD3, 0xAB, 0x0D, 0xFA, 0x1D, 0xD6, 0x45,
    0xE9, 0x4A, 0x00, 0x01, 0x8A, 0xA3, 0x66, 0xA8, 0x09, 0x6A, 0xC8, 0x20, 0x31, 0x50, 0x83, 0x50,
    0xDC, 0x50, 0x97, 0x20, 0xA0, 0xCE, 0x2D, 0xCB, 0xE9, 0xEC, 0x6C, 0x6D, 0xCA, 0x52, 0x20, 0xC3,
    0x09, 0xEE, 0x6C, 0x5E, 0xD2, 0xAB, 0x04, 0x55, 0x29, 0xCF, 0x70, 0x89, 0x2B, 0xAC, 0x06, 0xA1,
    0x29, 0x95, 0xE1, 0xC5, 0x2C, 0x71, 0x3B, 0xAD, 0xFA, 0xA1, 0x29, 0xD5, 0x12, 0xAF, 0x71, 0x8F,
    0x9A, 0x18, 0x5A, 0x53, 0x1C, 0xE0, 0x74, 0xB9, 0x35, 0xA7, 0x46, 0x58, 0xB0, 0x50, 0x40, 0x06,
    0x29, 0x30, 0xF5, 0xB9, 0x7E, 0x61, 0x4B, 0xEF, 0x85, 0x67, 0x9E, 0x78, 0x38, 0x06, 0x09, 0x68,
    0xD1, 0x61, 0xED, 0xBC, 0xCB, 0x1D, 0x6F, 0x02, 0x6B, 0x43, 0x3C, 0xCF, 0xD1, 0x63, 0x8D, 0x0E,
    0x8D, 0xC4, 0x08, 0xA1, 0xDC, 0x1C, 0x30, 0x42, 0x15, 0x2F, 0x7C, 0x38, 0xF5, 0x6F, 0xDE, 0x5E,
    0xE1, 0xE5, 0xF5, 0xE1, 0x36, 0xB8, 0xF0, 0xE6, 0x6F, 0xB3, 0xB3, 0x79, 0x95, 0x1D, 0x51, 0x73,
    0xCF, 0x70, 0x80, 0x4D, 0x76, 0x32, 0xDF, 0x7B, 0x95, 0x9D, 0x2E, 0x73, 0x6F, 0x04, 0x3C, 0xC0,
    0x9B, 0xFF, 0x7E, 0x8E, 0xAF, 0xC0, 0x1F, 0x3A, 0x27, 0x55, 0x59, 0x62, 0x58, 0x7B, 0xB1, 0x1D,
    0xD4, 0x62, 0x51, 0x8D, 0xE4, 0x0E, 0x07, 0xEE, 0xA8, 0x41, 0x59, 0xF2, 0x0B, 0x36, 0x62, 0xC3,
    0xE1, 0x60, 0x36, 0xA9, 0xC6, 0xA8, 0x51, 0x4B, 0x23, 0x1C, 0xF7, 0x6C, 0x4E, 0xA7, 0x93, 0xC5,
    0xDA, 0x3A, 0x97, 0x37, 0x31, 0xA8, 0xEE, 0x52, 0x9D, 0x27, 0x96, 0xDD, 0x66, 0x3C, 0x5C, 0xDC,
    0x16, 0xB2, 0x4C, 0xB6, 0x96, 0xA3, 0x42, 0x4F, 0xD1, 0x4A, 0xEC, 0xA3, 0x17, 0xB8, 0x46, 0x1C,
    0xA2, 0x47, 0xBF, 0xBD, 0xDC, 0x7E, 0x85, 0x5F, 0x55, 0xB5, 0x97, 0xAB, 0x0D, 0x8A, 0x91, 0x73,
    0x38, 0x9D, 0xFA, 0x3C, 0x2F, 0x68, 0x8F, 0x22, 0xC1, 0x31, 0x1A, 0x74, 0xD2, 0x0B, 0xE4, 0x38,
    0xBB, 0xDE, 0xFA, 0x3D, 0x0A, 0x1C, 0xE2, 0x14, 0x17, 0x68, 0xA5, 0x13, 0x35, 0xF3, 0xD4, 0x10,
    0x43, 0x7C, 0x12, 0x62, 0xF5, 0x84, 0x20, 0x95, 0xDA, 0x9B, 0xD4, 0xD2, 0x97, 0x49, 0x05, 0xA7,
    0x3A, 0x75, 0xF4, 0x82, 0xAC, 0xC6, 0xBB, 0xEB, 0x5A, 0x78, 0x8A, 0x80, 0x8A, 0xC2, 0x1B, 0x0D,
    0xA0, 0xE6, 0xEE, 0xD9, 0x7A, 0x8F, 0x5B, 0x9C, 0x79, 0x0E, 0x39, 0x94, 0xE0, 0x12, 0x4B, 0x0C,
    0xDC, 0x81, 0x70, 0xB7, 0xBA, 0x90, 0xAB, 0xD9, 0x01, 0xA1, 0x42, 0x4B, 0x33, 0xA0, 0xEA, 0x35,
    0x9C, 0x3E, 0xE0, 0x7C, 0x81, 0xFB, 0xE6, 0x72, 0x88, 0x3C, 0xCF, 0xF3, 0xB2, 0x74, 0x2F, 0xEC,
    0xA9, 0x71, 0x54, 0xC7, 0x6E, 0x1B, 0xD3, 0x85, 0x1E, 0x48, 0x2D, 0x8D, 0xB4, 0xDC, 0x50, 0x4F,
    0x6B, 0xE6, 0x63, 0xB7, 0x95, 0x3A, 0x03, 0x89, 0x2D, 0x10, 0x73, 0x57, 0xE8, 0x1E, 0x39, 0xFE,
    0xEE, 0xD0, 0xEB, 0x49, 0x2F, 0x6A, 0xE6, 0x88, 0xEE, 0x12, 0x9F, 0x6C, 0xF5, 0x0B, 0x9B, 0x96,
    0x6C, 0xD8, 0x5F, 0x1A, 0xEB, 0x4A, 0xCE, 0xE9, 0xF4, 0x6C, 0x63, 0x32, 0xC7, 0x42, 0x79, 0xA4,
    0xE6, 0x86, 0x38, 0xF0, 0x20, 0xA0, 0x9B, 0x36, 0xD5, 0x71, 0xB6, 0xEA, 0xDB, 0x9D, 0xAD, 0xF3,
    0x52, 0xB0, 0x11, 0x9F, 0x4C, 0xA6, 0x3B, 0xBB, 0xF6, 0x65, 0x2E, 0x47, 0xEC, 0xAB, 0xD5, 0x59,
    0xF5, 0xCC, 0x9C, 0xCE, 0x1C, 0xDF, 0xD4, 0xC4, 0x21, 0x78, 0xAE, 0xC5, 0xC0, 0xB2, 0x85, 0x4B,
    0x6C, 0x0F, 0x4A, 0xA6, 0x0A, 0x3A, 0x22, 0xCB, 0x85, 0xAD, 0x4B, 0x9E, 0x93, 0x0A, 0x30, 0xA0,
    0xB5, 0xA1, 0x4B, 0x02, 0x37, 0xB4, 0x26, 0x98, 0x6C, 0x4C, 0x59, 0xE6, 0x9C, 0x93, 0x4A, 0x97,
    0x05, 0xBD, 0x24, 0x5B, 0xED, 0x5C, 0x73, 0x4D, 0x67, 0x4D, 0x56, 0x84, 0xA5, 0x2E, 0x09, 0x39,
    0x60, 0x3A, 0x31, 0x50, 0x40, 0x0A, 0x54, 0x1D, 0x4E, 0xF0, 0x1A, 0x03, 0x98, 0x30, 0xF2, 0x95,
    0xE1, 0xC5, 0x30, 0x95, 0x87, 0x93, 0x70, 0x9D, 0x7B, 0x0C, 0xE0, 0xAE, 0xF7, 0xDB, 0x2A, 0xCD,
    0x8A, 0xF5, 0x72, 0x3A, 0x3C, 0x1C, 0xE6, 0x97, 0x3D, 0xC8, 0x58, 0xA2, 0x8B, 0x94, 0x2A, 0x9B,
    0x31, 0x12, 0x4F, 0xCC, 0xE1, 0xE4, 0xCC, 0x64, 0xCD, 0x13, 0xB7, 0x91, 0xC3, 0xA1, 0x6A, 0x9E,
    0x60, 0xE0, 0xF8, 0x99, 0x13, 0x93, 0x2F, 0x4F, 0x56, 0x47, 0x00, 0xD8, 0x80, 0x3D, 0x59, 0x4E,
    0xD9, 0x18, 0x87, 0x7E, 0xB7, 0x1D, 0xA8, 0x52, 0x56, 0x28, 0xE5, 0xC4, 0xE7, 0xB8, 0xC5, 0x51,
    0x7D, 0x0C, 0xDD, 0x36, 0x2F, 0x8E, 0x54, 0x0C, 0x85, 0xC7, 0xFD, 0x02, 0x07, 0x35, 0xB7, 0xA2,
    0x39, 0xA0, 0xC0, 0x3D, 0xCE, 0x7A, 0xF0, 0xBC, 0x1D, 0xEB, 0xB1, 0x7C, 0x61, 0x56, 0x2A, 0x85,
    0x22, 0x31, 0xDB, 0xE9, 0xCC, 0x0B, 0x27, 0xF4, 0x31, 0x40, 0xA7, 0x9D, 0x31, 0xC8, 0x78, 0x1B,
    0xC6, 0x68, 0x59, 0xBB, 0x9D, 0xD9, 0x8C, 0x57, 0xFD, 0x19, 0x3D, 0x0F, 0xD3, 0x59, 0x1D, 0x26,
    0xB4, 0x63, 0x68, 0x11, 0x5C, 0x14, 0xCF, 0xCC, 0x16, 0xE7, 0x28, 0xAF, 0x0D, 0x9D, 0xCC, 0xB0,
    0x45, 0xC0, 0xA6, 0x6B, 0xF7, 0x9F, 0x72, 0x51, 0xED, 0x3D, 0x0E, 0xFB, 0xC6, 0xE5, 0xEC, 0xB0,
    0x63, 0x2F, 0xE3, 0xC4, 0xB3, 0x9A, 0x06, 0x4C, 0x59, 0x5A, 0x64, 0xEE, 0x64, 0xB7, 0xC6, 0x25,
    0x8E, 0xB7, 0x8A, 0x75, 0xD2, 0x06, 0xB1, 0x95, 0x3A, 0x87, 0xEE, 0xA1, 0xB3, 0x9F, 0x6C, 0x70,
    0x8E, 0x88, 0x53, 0xCF, 0x2D, 0x86, 0x2E, 0x8F, 0xCC, 0x35, 0x45, 0x4C, 0xB7, 0xDE, 0x9C, 0x62,
    0x0B, 0x3E, 0x2B, 0x9D, 0xA1, 0xC3, 0x51, 0x5E, 0xEE, 0x36, 0xAB, 0x59, 0x3C, 0xCC, 0x2F, 0xCB,
    0xDB, 0xD2, 0x2F, 0xAB, 0xD1, 0x45, 0xB9, 0x5F, 0x62, 0x3B, 0x87, 0x21, 0xF3, 0xB9, 0xDB, 0x6D,
    0x96, 0xD5, 0x50, 0xBD, 0x3E, 0xC2, 0x6C, 0xA6, 0xD3, 0x4B, 0x29, 0xC2, 0xBB, 0xAC, 0x86, 0xC3,
    0xBA, 0x90, 0xCB, 0x09, 0xA6, 0xDC, 0x59, 0x9C, 0x0E, 0x7C, 0x26, 0xD6, 0x0B, 0x1C, 0xB2, 0xBA,
    0x28, 0x37, 0xAB, 0xCB, 0x4B, 0x44, 0x1C, 0xBE, 0xCA, 0x46, 0xCC, 0x53, 0xD6, 0x4E, 0xFC, 0x87,
    0x02, 0xBD, 0xE4, 0x45, 0x6E, 0x4F, 0xD6, 0x6B, 0x9C, 0xE0, 0x99, 0x07, 0x03, 0x9B, 0x09, 0xCE,
    0xF0, 0x32, 0xCC, 0xDB, 0x48, 0x6B, 0x16, 0x0E, 0x33, 0xF4, 0xB8, 0xC1, 0xE1, 0xAF, 0x72, 0x70,
    0x21, 0x8B, 0x00, 0x6F, 0x55, 0x48, 0xF3, 0xFC, 0x06, 0x97, 0x01, 0xC3, 0x0C, 0x52, 0xC8, 0xC2,
    0x7B, 0x00, 0xD8, 0x60, 0x03, 0x83, 0xC9, 0xC2, 0x86, 0x46, 0xC9, 0x06, 0x9A, 0x8D, 0x71, 0x54,
    0x37, 0xAF, 0x5D, 0x24, 0x38, 0xF0, 0xCC, 0x0D, 0xAE, 0x52, 0xDC, 0x20, 0xB3, 0x4D, 0xFC, 0x94,
    0xF1, 0x50, 0xA4, 0x1B, 0xDA, 0xC2, 0x4B, 0x7E, 0x06, 0x56, 0x4E, 0xDE, 0xA8, 0x41, 0x8C, 0x8D,
    0xE4, 0xE5, 0x53, 0x70, 0xC2, 0x9E, 0x98, 0xCD, 0x72, 0x35, 0x1D, 0x0C, 0xD9, 0x05, 0x2B, 0x52,
    0x2B, 0xB4, 0x50, 0x12, 0x6A, 0x70, 0x60, 0x0B, 0x39, 0x9D, 0x5E, 0xE5, 0x79, 0x43, 0x45, 0x8C,
    0x66, 0xB9, 0x77, 0xDB, 0xED, 0xE0, 0xAF, 0x5E, 0x8A, 0xB9, 0xF1, 0x9E, 0x2E, 0xAD, 0xE0, 0xCA,
    0xD5, 0x74, 0xAA, 0x8B, 0x17, 0xEB, 0xE5, 0x6C, 0xF8, 0x92, 0x1B, 0xA9, 0xEA, 0x40, 0x7E, 0xC8,
    0x3E, 0xB2, 0xBC, 0x3C, 0x5D, 0xD8, 0x77, 0x23, 0x4E, 0x2C, 0x69, 0x4E, 0x7D, 0xE2, 0x40, 0x03,
    0x06, 0xF0, 0xC4, 0x94, 0xEC, 0xCC, 0xF2, 0x70, 0x08, 0xD7, 0xC9, 0x99, 0xAD, 0x65, 0x1A, 0x29,
    0x2C, 0x3A, 0x5C, 0xDA, 0x5A, 0xF4, 0x4D, 0x11, 0x2F, 0xF9, 0xC4, 0xD6, 0x8C, 0xE2, 0x5B, 0x60,
    0x74, 0x29, 0x78, 0x7F, 0x1C, 0xAA, 0x86, 0xD1, 0x26, 0xE9, 0xBA, 0x88, 0x75, 0x34, 0x9B, 0x2E,
    0x17, 0x1A, 0xA0, 0xFC, 0xD8, 0x7F, 0x86, 0xAB, 0xCB, 0x2B, 0x01, 0x9D, 0x48, 0xC5, 0xD1, 0x1B,
    0xF2, 0x77, 0xA5, 0x12, 0x38, 0x82, 0x63, 0xE2, 0xB8, 0xC3, 0x15, 0xCE, 0xAB, 0xD3, 0xB3, 0x6F,
    0xE9, 0xAF, 0xD3, 0xFF, 0x28, 0xBF, 0xC2, 0x0D, 0x0E, 0x6A, 0x66, 0x9A, 0x7B, 0x40, 0xB4, 0x08,
    0xFD, 0x2B, 0x7B, 0x61, 0xB7, 0x9A, 0x03, 0x4E, 0x90, 0xD5, 0xC2, 0x66, 0x60, 0xC9, 0xC4, 0x33,
    0x0C, 0xA0, 0x7E, 0xF2, 0xC1, 0x27, 0xFB, 0x4B, 0xAC, 0x70, 0x39, 0x5E, 0xEA, 0x13, 0xDD, 0x31,
    0x47, 0x5D, 0x7A, 0x4C, 0xBE, 0x4C, 0xBE, 0x4E, 0x96, 0x67, 0xCB, 0xFD, 0x1E, 0x3D, 0x7E, 0x9B,
    0x68, 0xE8, 0x8A, 0xC5, 0x76, 0x30, 0x4A, 0x33, 0xB7, 0x19, 0x23, 0x75, 0x7C, 0x11, 0xA9, 0x30,
    0x7A, 0xD6, 0x1E, 0x42, 0xD7, 0x8B, 0x83, 0xEA, 0xF6, 0xD0, 0xAB, 0x19, 0xA9, 0xE5, 0xCA, 0xEF,
    0x56, 0xFF, 0x7D, 0x49, 0xAD, 0x98, 0xE1, 0xD2, 0x33, 0x27, 0x2B, 0xB9, 0xF0, 0xD4, 0xA4, 0x16,
    0xBD, 0x5C, 0xD6, 0x5C, 0x6D, 0xBE, 0xC2, 0x17, 0x5F, 0x80, 0x03, 0x69, 0x18, 0x9E, 0x61, 0x9D,
    0xD3, 0xC9, 0xFC, 0xFC, 0xB4, 0x29, 0x65, 0xF5, 0xF9, 0x17, 0xDB, 0x2E, 0xFB, 0x1C, 0xB6, 0x45,
    0x75, 0xDA, 0xCC, 0x59, 0x57, 0xD9, 0x7E, 0x69, 0x4B, 0x8E, 0x1A, 0x2D, 0xF1, 0x40, 0x81, 0xD3,
    0x1D, 0x1E, 0xDB, 0x9E, 0x9C, 0xE3, 0x70, 0x53, 0x5D, 0xA3, 0x02, 0x00, 0xDE, 0xBC, 0xC2, 0xED,
    0x74, 0xCE, 0xCB, 0xDC, 0xBE, 0x68, 0x83, 0x91, 0xE6, 0x54, 0x63, 0x04, 0xB0, 0x2C, 0xCC, 0xBB,
    0x42, 0x37, 0xC5, 0x9B, 0xED, 0xFE, 0x66, 0xF7, 0x97, 0x7F, 0xB9, 0x5A, 0xCD, 0x66, 0xF3, 0x7F,
    0xF9, 0x57, 0x9F, 0x9D, 0x2D, 0xAB, 0xBE, 0x27, 0x36, 0xE4, 0x1B, 0x3A, 0x6C, 0xBA, 0xF7, 0xCB,
    0x5F, 0x57, 0x3B, 0x2F, 0x28, 0x40, 0x9C, 0xA0, 0x63, 0xE5, 0x2C, 0xC2, 0x6C, 0x0D, 0x09, 0x46,
    0x30, 0x20, 0x2E, 0xD1, 0x1F, 0x07, 0x2A, 0x5D, 0x22, 0x5A, 0xE0, 0xB3, 0xBD, 0x27, 0x83, 0x85,
    0x63, 0x1B, 0x5C, 0xB9, 0x6E, 0xF6, 0xE9, 0x52, 0xD9, 0x13, 0xBB, 0x59, 0x34, 0x14, 0xEB, 0x60,
    0xC4, 0xF2, 0xB4, 0xCC, 0x5C, 0x73, 0xB9, 0x5C, 0x61, 0x03, 0x5B, 0xFF, 0x6A, 0xD6, 0x03, 0x20,
    0x4E, 0x86, 0x31, 0x41, 0x3E, 0xAB, 0xB7, 0x9B, 0xF9, 0xAC, 0x39, 0x6C, 0x36, 0xD3, 0x19, 0x0D,
    0xAF, 0x44, 0x33, 0x88, 0x87, 0xF0, 0x92, 0xFF, 0x64, 0x30, 0x94, 0x26, 0x64, 0x2E, 0xDB, 0xCC,
    0xB2, 0xB5, 0x8E, 0x35, 0x7A, 0xDE, 0x45, 0x66, 0xB7, 0x2C, 0xD6, 0x1F, 0x00, 0xBC, 0x30, 0xC2,
    0xA6, 0x8E, 0x97, 0xEC, 0x82, 0x5E, 0xB1, 0x0B, 0x5E, 0x72, 0x17, 0x6A, 0xE0, 0xC4, 0x40, 0x72,
    0x66, 0x3A, 0x3C, 0x59, 0xB8, 0xA3, 0xFF, 0x9F, 0x36, 0x47, 0x0C, 0xBA, 0x5D, 0x32, 0x80, 0x4E,
    0xA1, 0x57, 0x43, 0x7A, 0xEC, 0xC8, 0x54, 0x67, 0xBD, 0x64, 0x62, 0x3B, 0x9F, 0x9C, 0x2D, 0xFD,
    0x11, 0xB7, 0x46, 0x0E, 0xE1, 0xF8, 0x9D, 0x4F, 0x8C, 0x06, 0x1F, 0x7B, 0xF2, 0x75, 0x37, 0x23,
    0x67, 0x3A, 0xEB, 0x90, 0xB1, 0xC9, 0x8E, 0x88, 0x36, 0x62, 0x96, 0xF8, 0xC7, 0xF0, 0xBC, 0x26,
    0x03, 0x97, 0x76, 0x8C, 0xA5, 0x7D, 0x55, 0xA6, 0x89, 0xB3, 0xB0, 0x54, 0x9F, 0x7D, 0xF9, 0x53,
    0xBF, 0x5E, 0x6E, 0x86, 0xAA, 0x93, 0xC3, 0xDA, 0x91, 0x81, 0xE9, 0x7C, 0xA2, 0xD6, 0x48, 0x06,
    0x75, 0x87, 0x5B, 0x4B, 0x14, 0x85, 0x48, 0xB6, 0x74, 0x01, 0xD2, 0xC4, 0xB2, 0x24, 0x4C, 0x06,
    0x4C, 0x15, 0xA7, 0x93, 0x79, 0x8E, 0x1B, 0xA4, 0x96, 0x2A, 0xB0, 0xD0, 0x81, 0xE6, 0x00, 0x50,
    0x80, 0x00, 0x66, 0xE2, 0xA4, 0x25, 0xB5, 0xB0, 0xEC, 0x25, 0x09, 0xD3, 0x58, 0x59, 0x70, 0x1E,
    0x28, 0x4D, 0x8B, 0xBE, 0x64, 0xA3, 0x64, 0xAB, 0xA4, 0xE1, 0x50, 0x40, 0x07, 0x18, 0x90, 0x87,
    0x3D, 0x95, 0x58, 0xA8, 0x41, 0xAA, 0xCC, 0x3E, 0xE8, 0xA9, 0xA6, 0x5B, 0x20, 0x48, 0xF5, 0x63,
    0xFD, 0xA0, 0xA7, 0x68, 0x46, 0x2A, 0xD8, 0xEB, 0x8E, 0x79, 0x78, 0x0E, 0xFF, 0x48, 0x3D, 0x0E,
    0xB4, 0x43, 0x09, 0x29, 0x30, 0x4D, 0xE2, 0x53, 0x8A, 0x5B, 0x56, 0x37, 0x08, 0x9B, 0xA7, 0x1C,
    0x4F, 0xE9, 0x34, 0x3C, 0x55, 0x0B, 0x1C, 0x91, 0x95, 0x7E, 0x61, 0xB8, 0xA3, 0x1A, 0x10, 0x41,
    0xA2, 0x96, 0x68, 0x04, 0xDA, 0xDC, 0x02, 0x2F, 0x80, 0x67, 0xC0, 0xCE, 0x81, 0x0E, 0x91, 0x4E,
    0xB1, 0x3F, 0xC1, 0xC9, 0x22, 0x10, 0x76, 0x09, 0x3A, 0xC0, 0x1A, 0x0A, 0xDE, 0xA4, 0x89, 0x17,
    0x14, 0x3D, 0x41, 0xF3, 0x00, 0xA2, 0x3C, 0x90, 0x10, 0x54, 0x13, 0x0D, 0x00, 0x29, 0x74, 0x89,
    0x3E, 0x02, 0x10, 0x18, 0xA1, 0x25, 0x4A, 0x65, 0x3C, 0xDF, 0xC6, 0x0B, 0x8C, 0x17, 0x89, 0x49,
    0xC1, 0xB0, 0xF7, 0x46, 0x63, 0xCA, 0x53, 0x77, 0x62, 0xDE, 0x17, 0x2D, 0x5B, 0x54, 0xC3, 0xF2,
    0x63, 0xFD, 0xBE, 0x68, 0xCE, 0x5A, 0x43, 0x5E, 0x9F, 0x5C, 0xC3, 0x21, 0x3B, 0x59, 0xAA, 0xA3,
    0xC3, 0xF9, 0xAB, 0x03, 0xA7, 0xEB, 0xEA, 0xD8, 0x40, 0x87, 0x6A, 0xC7, 0xDB, 0x01, 0x3D, 0x7F,
    0xF3, 0xF4, 0xB3, 0xD9, 0xC9, 0xDD, 0x11, 0xB8, 0x66, 0x48, 0xD0, 0x60, 0x9D, 0x8B, 0x40, 0x09,
    0x96, 0x8E, 0xE3, 0x04, 0x1D, 0xFA, 0x67, 0xC8, 0xF2, 0x48, 0x86, 0x35, 0xE7, 0x02, 0x19, 0xF6,
    0x51, 0xD1, 0x5F, 0xD3, 0x9A, 0xD4, 0xC9, 0x9F, 0x03, 0x10, 0xFD, 0x89, 0x8D, 0x94, 0x3E, 0x52,
    0x9C, 0xE0, 0x3A, 0xC4, 0x97, 0xD5, 0xE5, 0x76, 0xBE, 0xC3, 0x5A, 0x1E, 0x62, 0x8F, 0xD1, 0x48,
    0x2B, 0x22, 0xC5, 0x96, 0x01, 0x85, 0x06, 0x1C, 0xA0, 0x92, 0x4E, 0x78, 0x3E, 0x9C, 0xE9, 0xBD,
    0xC9, 0xDD, 0x0D, 0xE1, 0x6C, 0xE9, 0x45, 0x52, 0xA9, 0x9D, 0xED, 0x49, 0x19, 0x86, 0x55, 0x2D,
    0x4C, 0xA2, 0x01, 0x5C, 0x7C, 0x85, 0x0F, 0x7F, 0x90, 0x98, 0xA4, 0x86, 0xAD, 0x3A, 0x36, 0x0F,
    0x7D, 0x90, 0xFE, 0x9A, 0x78, 0x40, 0xF5, 0xB1, 0x7E, 0xE8, 0x83, 0xEC, 0x98, 0x5C, 0xFD, 0xA0,
    0x14, 0x7F, 0xF2, 0x0F, 0xFA, 0x17, 0x62, 0xBF, 0xF2, 0xDC, 0xF4, 0x88, 0x13, 0x4B, 0xBC, 0x90,
    0x8B, 0xBF, 0xA5, 0x00, 0x64, 0x19, 0x58, 0x1B, 0x1B, 0x79, 0x0C, 0x56, 0x0D, 0xF6, 0xCB, 0x2B,
    0xBB, 0x7A, 0x79, 0x52, 0x65, 0xA7, 0x5F, 0xA7, 0x38, 0xB8, 0x9C, 0xAC, 0x16, 0x91, 0xC7, 0xE0,
    0x48, 0x51, 0x0D, 0x80, 0x85, 0x16, 0xAD, 0x88, 0x06, 0xB8, 0x2F, 0xE9, 0x1F, 0xE8, 0xCB, 0x26,
    0x3C, 0xE0, 0x09, 0xA2, 0xA9, 0x61, 0x36, 0x2D, 0xEE, 0xFF, 0xC4, 0x51, 0x97, 0x17, 0x69, 0x71,
    0xD4, 0x7D, 0x40, 0xAE, 0x0A, 0xC8, 0x0E, 0x23, 0x62, 0x9A, 0x54, 0xFA, 0xDA, 0xE6, 0x81, 0x98,
    0x18, 0x87, 0x01, 0x83, 0xD5, 0x71, 0x08, 0x61, 0x9A, 0xD8, 0x37, 0xB9, 0x00, 0xAA, 0x0E, 0xF4,
    0x66, 0x10, 0x7A, 0xE0, 0x85, 0x70, 0xD2, 0x60, 0xDF, 0xF3, 0x20, 0x3D, 0xF1, 0xC2, 0xB4, 0x84,
    0x1E, 0x53, 0x72, 0x1C, 0x6E, 0x0F, 0x47, 0xEC, 0x22, 0x2D, 0xCB, 0xFD, 0x7A, 0xBB, 0xAC, 0xB6,
    0xF3, 0x03, 0x57, 0x2F, 0xF6, 0xD7, 0xDB, 0x4D, 0xA5, 0x03, 0x11, 0xAE, 0x19, 0x00, 0x35, 0x38,
    0xC5, 0x72, 0x3F, 0xD1, 0xB9, 0xD8, 0xE2, 0xE5, 0xE5, 0x02, 0xB9, 0xDC, 0xE3, 0xCC, 0x77, 0x20,
    0x0C, 0x02, 0x96, 0xDE, 0x11, 0x81, 0xAA, 0x5E, 0xE8, 0xFE, 0xEF, 0x8E, 0x70, 0xD4, 0xC5, 0x81,
    0xFB, 0x23, 0xF5, 0xEE, 0x08, 0x9D, 0x75, 0x23, 0x10, 0xF9, 0x58, 0xDF, 0x99, 0x04, 0x71, 0x1F,
    0xEB, 0x40, 0x8E, 0x24, 0x4E, 0xAC, 0x71, 0x9E, 0x5B, 0xCB, 0x86, 0xD7, 0x58, 0x55, 0x4E, 0x4E,
    0xE7, 0x3E, 0x50, 0x4F, 0xC0, 0xA6, 0x1A, 0x71, 0x82, 0x38, 0x12, 0x17, 0x45, 0x51, 0x26, 0x66,
    0x8D, 0x38, 0x47, 0x94, 0x78, 0xBD, 0x30, 0x6C, 0x38, 0x9D, 0xA3, 0x97, 0xE8, 0x50, 0x68, 0x73,
    0x0C, 0x77, 0xF0, 0x20, 0x36, 0x31, 0x4C, 0x65, 0x00, 0x3C, 0x12, 0xC1, 0x06, 0x80, 0x27, 0xC8,
    0x7C, 0x6F, 0x67, 0xB6, 0xFD, 0xC0, 0x6C, 0xE0, 0x56, 0x71, 0x26, 0x6A, 0x34, 0x08, 0x26, 0x31,
    0x54, 0x65, 0x77, 0x47, 0xA1, 0x5A, 0x9C, 0x55, 0x2C, 0xBB, 0x2B, 0x4A, 0xC7, 0x9E, 0x8E, 0x2B,
    0xDA, 0xB9, 0x2B, 0x8A, 0xB5, 0x8B, 0x37, 0xB8, 0x0D, 0x17, 0x06, 0xC3, 0xF4, 0xB5, 0xC1, 0xD0,
    0x84, 0x81, 0xF0, 0xC4, 0x40, 0xF6, 0xF6, 0x38, 0x07, 0x9F, 0xF9, 0xED, 0x57, 0x7F, 0x0D, 0xF4,
    0xCC, 0x96, 0x9C, 0x8E, 0x5F, 0xDB, 0x01, 0x74, 0xC7, 0x48, 0x1C, 0x33, 0x72, 0x3C, 0x24, 0x9E,
    0x3B, 0xDC, 0x4E, 0xAF, 0x58, 0x60, 0xAA, 0xFA, 0x57, 0xAC, 0x2C, 0x71, 0x89, 0xD4, 0x11, 0x95,
    0xFE, 0x09, 0x32, 0xF7, 0x99, 0x82, 0x93, 0xCD, 0xFC, 0xFB, 0x58, 0x22, 0x06, 0x69, 0x13, 0x3A,
    0x00, 0xE0, 0x68, 0xCD, 0xEB, 0x03, 0xC3, 0xB6, 0xED, 0x57, 0xF4, 0x8A, 0xE5, 0xB9, 0x70, 0xD2,
    0x0A, 0xDD, 0x81, 0x40, 0x7C, 0xB3, 0xF7, 0xC6, 0xA2, 0x9A, 0xEB, 0x53, 0xBD, 0x54, 0x77, 0xC7,
    0x62, 0x5D, 0x61, 0xA4, 0x5E, 0xBD, 0x07, 0x57, 0xDA, 0x7D, 0x66, 0xDE, 0x8F, 0xEB, 0x03, 0x28,
    0x5A, 0xDA, 0x86, 0x60, 0x84, 0xB1, 0x8E, 0xF2, 0x99, 0x90, 0x51, 0xF6, 0x2B, 0xB9, 0xC6, 0x29,
    0xCE, 0x46, 0xE7, 0x22, 0xC3, 0xD3, 0x0B, 0xFF, 0xC2, 0x6D, 0x96, 0x4B, 0x1C, 0x22, 0xAF, 0xFF,
    0x5E, 0x90, 0x0A, 0xC5, 0xA9, 0xB3, 0x78, 0x83, 0x25, 0x6B, 0x2E, 0x46, 0xA1, 0xAD, 0x5E, 0x3D,
    0x01, 0x12, 0x27, 0xCD, 0x3B, 0x22, 0x30, 0xE5, 0x59, 0x71, 0x62, 0xDE, 0x1D, 0x21, 0x4E, 0x94,
    0x3F, 0xD5, 0xEF, 0x8E, 0x90, 0x98, 0x43, 0x95, 0x72, 0xEA, 0x59, 0x96, 0x96, 0xA5, 0xB3, 0xEB,
    0xC5, 0x76, 0x5C, 0x91, 0x2B, 0xEA, 0x68, 0x90, 0xC8, 0x2A, 0x0E, 0x39, 0x14, 0xD4, 0x72, 0x2D,
    0xE0, 0xC9, 0x7B, 0xD9, 0x72, 0x9F, 0x3F, 0x77, 0x6D, 0x14, 0x80, 0x8E, 0x7D, 0x11, 0xEB, 0xEE,
    0x9E, 0xA8, 0x0F, 0x14, 0x0E, 0xC0, 0x83, 0x28, 0x25, 0x66, 0x90, 0x3A, 0xB8, 0x6B, 0x48, 0xE9,
    0x24, 0x08, 0x42, 0xD1, 0x87, 0x91, 0x6D, 0x9D, 0x2E, 0x52, 0xC7, 0xD4, 0x5D, 0x43, 0x19, 0xF4,
    0x80, 0x19, 0x12, 0x08, 0x49, 0xE6, 0x08, 0xC2, 0x0B, 0xC3, 0x72, 0xB2, 0xD2, 0x65, 0xC1, 0x86,
    0x7D, 0xB4, 0xD2, 0x33, 0x5C, 0x9A, 0xB2, 0xA4, 0x33, 0xD8, 0x1B, 0x0E, 0xC4, 0x80, 0x83, 0xE6,
    0x60, 0x41, 0x40, 0xA2, 0x98, 0xC6, 0x09, 0x8E, 0xF2, 0xA2, 0x20, 0x0B, 0x1C, 0x79, 0x79, 0xDA,
    0xBC, 0xA3, 0xE6, 0xE0, 0xD0, 0x54, 0xEA, 0x38, 0x71, 0xD4, 0x30, 0xFD, 0x38, 0xD2, 0x5E, 0x05,
    0x1C, 0x03, 0x00, 0x07, 0x61, 0x44, 0x2D, 0xBC, 0xE0, 0x97, 0x64, 0x9E, 0x60, 0x9C, 0xA5, 0x12,
    0x03, 0x16, 0x4A, 0x72, 0x41, 0xAA, 0xFE, 0x6A, 0xBB, 0x46, 0x2B, 0x2D, 0xB7, 0x89, 0x86, 0x37,
    0xC7, 0x11, 0x79, 0xBD, 0xDE, 0xF6, 0xCF, 0xC3, 0xA0, 0x44, 0xFB, 0x73, 0x2E, 0x5C, 0x1C, 0x01,
    0x88, 0x21, 0x8E, 0x5C, 0x25, 0xD3, 0x87, 0x21, 0x8E, 0xA3, 0x0F, 0xED, 0xDC, 0x85, 0x38, 0xD1,
    0x89, 0x05, 0xF7, 0xD0, 0x1C, 0x13, 0xC5, 0xA1, 0xBC, 0x3B, 0xC7, 0xAC, 0x20, 0x2E, 0xA9, 0xA1,
    0x7C, 0x18, 0xE2, 0xC0, 0xB2, 0xF7, 0x12, 0x7B, 0x17, 0xE2, 0x13, 0x23, 0x34, 0x57, 0x0C, 0xE0,
    0x9E, 0x32, 0x66, 0x00, 0x20, 0x2F, 0x61, 0xAB, 0x52, 0x43, 0xBE, 0x81, 0xD3, 0x7E, 0x05, 0x68,
    0x44, 0xCD, 0xF0, 0x6C, 0x6D, 0xB3, 0x94, 0xF6, 0xB5, 0x0D, 0x2A, 0x95, 0xB1, 0x29, 0x4B, 0x86,
    0x0A, 0x2D, 0xF3, 0xD0, 0x85, 0x07, 0xD0, 0x84, 0xD0, 0x49, 0x90, 0x34, 0x01, 0x32, 0xF6, 0x92,
    0xD7, 0xA2, 0x96, 0x75, 0x59, 0x16, 0xD9, 0x4D, 0x28, 0x4B, 0xD9, 0xFC, 0xC7, 0x6B, 0x0A, 0x5C,
    0x23, 0x75, 0xF0, 0x7E, 0x3A, 0xDA, 0xC8, 0x33, 0x0F, 0x70, 0xD7, 0x5C, 0x70, 0xBC, 0x40, 0x6A,
    0xF9, 0x7B, 0x31, 0x75, 0xBA, 0x52, 0xFB, 0xC4, 0xDE, 0x39, 0x37, 0xA9, 0x32, 0x31, 0xEF, 0x67,
    0x01, 0x0E, 0xEF, 0xFA, 0x2E, 0x4C, 0x72, 0x8F, 0x55, 0x10, 0x38, 0x1D, 0xC8, 0x91, 0x78, 0x55,
    0xC7, 0x2B, 0x51, 0xC7, 0x2B, 0x95, 0x83, 0xA5, 0xBA, 0xB9, 0x84, 0xA7, 0xEF, 0x92, 0xDE, 0x19,
    0x01, 0xC7, 0x89, 0x8D, 0xBD, 0x28, 0xB3, 0x48, 0xEC, 0xFB, 0x99, 0x8E, 0xDC, 0x4A, 0x55, 0x27,
    0x77, 0x64, 0xEC, 0x1D, 0xDD, 0x66, 0x74, 0xD3, 0x08, 0x83, 0x00, 0xDD, 0xCA, 0xE6, 0x3F, 0x52,
    0x9D, 0xAD, 0x36, 0xAF, 0x77, 0x9B, 0x30, 0x13, 0x6D, 0x14, 0x24, 0xDF, 0x15, 0x43, 0x8E, 0x98,
    0xC8, 0x45, 0x2D, 0x5D, 0x6E, 0x93, 0x65, 0x7F, 0x86, 0x43, 0xCF, 0x1C, 0xD5, 0x47, 0xC7, 0xB4,
    0x0E, 0x2D, 0xFD, 0x61, 0x89, 0x74, 0xBA, 0x4D, 0x54, 0x95, 0xC3, 0x3D, 0x13, 0xB9, 0xE9, 0xA7,
    0x0F, 0x4B, 0x84, 0x28, 0xA6, 0x38, 0x74, 0xEE, 0x9B, 0xC8, 0x03, 0x14, 0x2A, 0x91, 0xC1, 0x04,
    0x0A, 0x54, 0x45, 0xD5, 0x29, 0x83, 0x4E, 0xD0, 0xB2, 0x00, 0xD0, 0x2B, 0x5E, 0xCB, 0x1D, 0x6E,
    0x96, 0x51, 0x6A, 0x1B, 0xE6, 0x8F, 0xAC, 0x76, 0xB8, 0x46, 0xB3, 0xD7, 0xF4, 0x0B, 0x26, 0x02,
    0x91, 0x15, 0x07, 0x56, 0x6A, 0x59, 0x37, 0x2D, 0xE0, 0x9E, 0x8A, 0x19, 0x0E, 0x42, 0x35, 0x6F,
    0x44, 0x03, 0x1C, 0x41, 0x7A, 0x13, 0x4A, 0xEE, 0x39, 0x36, 0x81, 0x73, 0xF6, 0xDD, 0x90, 0x91,
    0x89, 0xCE, 0xE2, 0x0E, 0x03, 0x48, 0x5C, 0xEA, 0x4C, 0xE0, 0x04, 0xEB, 0xB8, 0x8B, 0x37, 0x5E,
    0xDF, 0xE9, 0x0E, 0x60, 0x20, 0x89, 0x89, 0xA6, 0x23, 0x86, 0x1C, 0x85, 0x2F, 0x4B, 0xF7, 0x1D,
    0xC1, 0x50, 0x71, 0x8A, 0xE8, 0x0C, 0x98, 0x28, 0x0A, 0x8D, 0x32, 0xD1, 0xDB, 0x93, 0xE6, 0xD6,
    0x6F, 0x74, 0xF2, 0x9D, 0x5B, 0x4A, 0x4A, 0x09, 0xD0, 0xC9, 0xDF, 0x02, 0x89, 0x08, 0x90, 0xBD,
    0xF1, 0xD7, 0x12, 0xE7, 0x53, 0xFD, 0xFD, 0xB8, 0xC3, 0xAD, 0xB7, 0x71, 0x7F, 0xBC, 0x9D, 0xBF,
    0xB8, 0xDD, 0xAE, 0x36, 0x33, 0x7C, 0xFA, 0x5D, 0x91, 0xF4, 0x7E, 0x35, 0xE4, 0x97, 0x4F, 0x3E,
    0xF7, 0xE6, 0x13, 0xBC, 0x85, 0xED, 0xE1, 0x58, 0x77, 0x13, 0x04, 0x61, 0x68, 0x0D, 0xA8, 0xB8,
    0x25, 0x61, 0x62, 0x65, 0xEE, 0xD5, 0x5F, 0x17, 0x7C, 0x3B, 0xF1, 0x4E, 0xCE, 0x46, 0x3B, 0x44,
    0xBE, 0x5F, 0x78, 0x38, 0x82, 0x35, 0x8A, 0xD5, 0xAF, 0x6D, 0xB2, 0xF4, 0x72, 0xB6, 0x6B, 0x4E,
    0x6B, 0x1C, 0x6D, 0x0E, 0xA7, 0xCA, 0xA6, 0x6C, 0x6C, 0xB3, 0x38, 0x4F, 0xD7, 0x89, 0x27, 0xB3,
    0x70, 0xF6, 0xFD, 0xA1, 0x28, 0x5C, 0x13, 0x4A, 0x27, 0x9D, 0xB0, 0xDC, 0x50, 0x78, 0x17, 0xD5,
    0x1A, 0x4E, 0x4D, 0xCD, 0xFB, 0x06, 0xEE, 0xAF, 0x65, 0x03, 0xC8, 0x5E, 0x35, 0xCA, 0x7B, 0x08,
    0xE2, 0xA1, 0x95, 0xDB, 0xA9, 0x14, 0xAC, 0x6C, 0x22, 0xE5, 0xAF, 0x22, 0x4D, 0x90, 0x5D, 0x34,
    0x75, 0xB8, 0x5F, 0x9A, 0x2C, 0x0A, 0x3F, 0x00, 0x8E, 0xDF, 0xD4, 0xDB, 0xB5, 0x17, 0xB7, 0xC3,
    0xD0, 0xF7, 0x0A, 0x26, 0xDE, 0xA3, 0xF3, 0x83, 0x56, 0xB1, 0xA8, 0x53, 0x78, 0xF3, 0x45, 0xEA,
    0x93, 0x55, 0x66, 0x81, 0x7C, 0x91, 0x7F, 0xBA, 0x19, 0x7E, 0x59, 0x2E, 0xBF, 0x9B, 0x6E, 0xFB,
    0xFA, 0x2C, 0x84, 0x37, 0xBA, 0xDD, 0xBF, 0xD1, 0x4C, 0x72, 0x0E, 0xB7, 0x69, 0x56, 0xBC, 0xD8,
    0x4F, 0xAF, 0xBE, 0x93, 0x66, 0xF7, 0x95, 0x36, 0x64, 0x8F, 0x88, 0xD5, 0xEE, 0x70, 0xA9, 0x3A,
    0x07, 0x39, 0xE7, 0xFF, 0x41, 0xBF, 0x89, 0x26, 0x04, 0xDA, 0x93, 0x48, 0xE7, 0xFD, 0x17, 0x9A,
    0x29, 0xEE, 0x85, 0x97, 0x35, 0xBA, 0xD8, 0x8A, 0x45, 0x03, 0xDE, 0xFB, 0xBC, 0x85, 0x1B, 0x52,
    0xE7, 0x01, 0xD2, 0x90, 0x03, 0x5D, 0xFC, 0x2E, 0x66, 0xE2, 0xDE, 0x6A, 0x4D, 0x78, 0x7D, 0xF4,
    0x79, 0x87, 0x82, 0x04, 0xC0, 0x32, 0x28, 0x88, 0xEA, 0x00, 0x2B, 0xA8, 0x4B, 0x1C, 0x94, 0x0F,
    0xC8, 0x68, 0x3B, 0x01, 0xFD, 0xEE, 0x19, 0x4D, 0x2C, 0x04, 0x1A, 0x28, 0xCC, 0x0D, 0xC7, 0xEF,
    0xCA, 0x68, 0x62, 0x18, 0x71, 0x5C, 0xD7, 0x44, 0x51, 0x9B, 0xD4, 0x20, 0x01, 0xE0, 0xC1, 0x12,
    0x18, 0xC3, 0xB5, 0x50, 0xF0, 0x1E, 0x9E, 0xE8, 0xE8, 0x38, 0x74, 0x73, 0x60, 0xEA, 0xA1, 0xE8,
    0x0F, 0x33, 0xD5, 0x7B, 0xD0, 0x37, 0x28, 0x3C, 0x6C, 0xD5, 0x27, 0x0F, 0x97, 0x1F, 0x15, 0xDC,
    0x9C, 0xEA, 0xEA, 0x3D, 0xE8, 0x01, 0x3D, 0x43, 0xE4, 0x88, 0x02, 0x51, 0xE6, 0x50, 0xA6, 0xE0,
    0x52, 0xB0, 0xCD, 0xC6, 0xFD, 0xAB, 0xCD, 0x85, 0x3F, 0xC3, 0x2D, 0x89, 0x5E, 0xC4, 0xC8, 0xB4,
    0xD9, 0x26, 0x96, 0x6F, 0x6B, 0x81, 0x5E, 0xE2, 0x45, 0xD9, 0xE3, 0x45, 0xCE, 0x0A, 0x81, 0x71,
    0xF3, 0x45, 0x83, 0x47, 0x72, 0x11, 0x22, 0x7B, 0xB6, 0x75, 0x44, 0x45, 0x8E, 0x3E, 0xB2, 0x55,
    0xCC, 0x06, 0x5A, 0x0E, 0xAF, 0xED, 0xDE, 0xE0, 0x38, 0x0C, 0x1C, 0x97, 0xD8, 0x5C, 0xAE, 0x71,
    0xB9, 0x9A, 0x4E, 0xA3, 0x30, 0x85, 0x95, 0x9C, 0xD1, 0x41, 0x5F, 0xD1, 0x11, 0x22, 0xD6, 0xB7,
    0xDD, 0x10, 0xEE, 0xA3, 0xF2, 0x86, 0x83, 0x9A, 0x53, 0x31, 0x38, 0x99, 0x6F, 0xAF, 0xF1, 0x75,
    0xCE, 0x1C, 0x92, 0xA0, 0x78, 0x22, 0x3A, 0x0B, 0xCA, 0x2B, 0xC8, 0xEE, 0x97, 0x95, 0xD3, 0x99,
    0xF5, 0x4C, 0xC1, 0x26, 0x0E, 0xCA, 0x6F, 0xC8, 0x38, 0x21, 0x26, 0x73, 0xC3, 0x7C, 0x37, 0x98,
    0x02, 0x9E, 0xAD, 0x66, 0x9A, 0x39, 0x56, 0x33, 0x4F, 0x6A, 0x40, 0x8D, 0x67, 0x38, 0x9D, 0xE3,
    0x28, 0x90, 0x00, 0xEA, 0x46, 0xE0, 0x4B, 0x0D, 0xCE, 0x7C, 0xC3, 0x41, 0x8D, 0x14, 0x4E, 0x90,
    0xD6, 0xFF, 0xB8, 0x62, 0xD1, 0xEC, 0x81, 0x05, 0xE2, 0x48, 0xC9, 0xB3, 0x95, 0xBA, 0x27, 0xBE,
    0x83, 0x68, 0xE8, 0x2E, 0x7C, 0xF7, 0x51, 0xFF, 0x67, 0x50, 0x26, 0x8E, 0x18, 0x80, 0x77, 0xAA,
    0x20, 0x0B, 0x12, 0x46, 0x3F, 0x80, 0x43, 0xBD, 0xDD, 0xB7, 0xBC, 0xB1, 0xAB, 0xDF, 0x55, 0xDE,
    0xFB, 0x19, 0x1E, 0x24, 0x2A, 0x31, 0x89, 0x8D, 0xDA, 0xA2, 0xEF, 0x53, 0x86, 0x0E, 0x88, 0xB1,
    0xAE, 0x84, 0xB4, 0x60, 0x96, 0x1A, 0xA2, 0xE1, 0x9E, 0x58, 0x01, 0x8E, 0x29, 0x2C, 0xBF, 0x39,
    0x1D, 0xD2, 0x38, 0xDF, 0xA6, 0x44, 0x17, 0x2C, 0x31, 0x19, 0x55, 0x9E, 0x8F, 0xDD, 0x8F, 0xDE,
    0x42, 0xC2, 0xEB, 0x18, 0xDC, 0x9B, 0x48, 0x5E, 0x65, 0x07, 0x11, 0x57, 0x37, 0xBA, 0x59, 0x7A,
    0xCC, 0x1C, 0xB3, 0x8F, 0xCD, 0xFD, 0x25, 0x94, 0x07, 0x49, 0xD0, 0xBB, 0x45, 0x12, 0xD4, 0xB2,
    0x26, 0x00, 0xDC, 0x1F, 0xE5, 0x81, 0x29, 0x7A, 0x37, 0xCA, 0xC7, 0xC7, 0x01, 0x25, 0x79, 0x40,
    0x2E, 0x5B, 0xEE, 0xE8, 0x0E, 0x94, 0x41, 0x98, 0x7B, 0xD4, 0x3D, 0xEA, 0xD2, 0x07, 0x58, 0x8B,
    0x84, 0x36, 0xDC, 0xFD, 0xF8, 0xAC, 0xA6, 0xA6, 0x93, 0xBE, 0x81, 0xB4, 0xB9, 0x58, 0x05, 0xD9,
    0xE3, 0xF6, 0xCF, 0x80, 0xD6, 0xAC, 0x38, 0xB2, 0x47, 0x0F, 0xA9, 0x50, 0x8B, 0xAC, 0x90, 0x77,
    0x54, 0xE8, 0x3D, 0x11, 0x19, 0xA2, 0xA9, 0xA6, 0x86, 0x58, 0xD0, 0xB6, 0x91, 0x49, 0x0C, 0x2E,
    0x52, 0x77, 0x7B, 0x98, 0x05, 0x09, 0xC5, 0xB5, 0x99, 0xA9, 0x1B, 0xDE, 0x0A, 0x72, 0x00, 0xA6,
    0x81, 0x3A, 0x88, 0x84, 0x1A, 0x74, 0xE8, 0x59, 0xD5, 0x37, 0x27, 0xA6, 0xB5, 0x6D, 0x61, 0x93,
    0xD5, 0xD4, 0x06, 0xDB, 0x96, 0x4C, 0x8E, 0xD8, 0x68, 0x35, 0xA9, 0x4E, 0xCC, 0xE9, 0xAC, 0x48,
    0x37, 0x9E, 0xD6, 0x08, 0x5E, 0xB4, 0xB6, 0x2D, 0x35, 0x71, 0x3D, 0x28, 0xB9, 0xE2, 0x51, 0x3C,
    0xC2, 0x0C, 0x6C, 0x55, 0x90, 0x31, 0x40, 0x91, 0x89, 0xE5, 0xB2, 0xE2, 0xBC, 0x70, 0x9B, 0xD9,
    0x6A, 0x24, 0xCB, 0xD3, 0xFD, 0xE4, 0x6F, 0xAE, 0x78, 0x65, 0xA5, 0x24, 0x6B, 0xC7, 0x87, 0xBA,
    0xEC, 0x91, 0xA5, 0x49, 0xCC, 0x41, 0x89, 0xF7, 0x20, 0x41, 0x77, 0xE4, 0xC8, 0xC6, 0xAB, 0xFB,
    0xCA, 0xA4, 0xE8, 0x31, 0x99, 0xC1, 0x46, 0x77, 0xCC, 0x83, 0x12, 0xB9, 0x95, 0xA9, 0xE1, 0x65,
    0xA4, 0x91, 0xC1, 0xBD, 0x66, 0x59, 0xD3, 0xD2, 0x93, 0x86, 0x46, 0x8A, 0x00, 0x91, 0xE8, 0x82,
    0x2A, 0x0B, 0x0C, 0x03, 0x98, 0x38, 0xE0, 0x26, 0xB6, 0x39, 0x84, 0x4B, 0x4B, 0x03, 0xDB, 0x75,
    0x5F, 0x4C, 0x0C, 0x2C, 0x83, 0x77, 0x61, 0x3A, 0x8C, 0x66, 0xF7, 0xC3, 0x74, 0xB2, 0xAC, 0xF9,
    0x3B, 0xF3, 0x24, 0xA4, 0xFF, 0x4F, 0xEE, 0x4D, 0x00, 0xA2, 0xC1, 0x8A, 0xA8, 0x4C, 0x19, 0x06,
    0x9E, 0xCF, 0xE6, 0x8E, 0x5D, 0x1C, 0x66, 0xEA, 0x30, 0x65, 0xAB, 0x53, 0x93, 0x97, 0x7C, 0x34,
    0x9F, 0x04, 0xA2, 0x88, 0x39, 0xE8, 0x02, 0x1C, 0x05, 0x3E, 0x4F, 0x04, 0x83, 0x4E, 0x8E, 0x79,
    0x5E, 0x64, 0xF6, 0x85, 0xD9, 0x37, 0x73, 0xF5, 0x6C, 0x38, 0xF4, 0xBC, 0x66, 0x96, 0x42, 0xC0,
    0xB9, 0x05, 0x34, 0xD2, 0xF1, 0x0B, 0x1A, 0xC5, 0x74, 0x8E, 0xE7, 0x6F, 0x9D, 0xF0, 0xD1, 0x00,
    0x0D, 0x06, 0x9C, 0xB6, 0xC5, 0x29, 0xFA, 0x38, 0xC0, 0xA0, 0xA2, 0xC8, 0x6E, 0xF9, 0xAE, 0x11,
    0xF7, 0xA2, 0x16, 0xC5, 0x13, 0x90, 0x90, 0x9E, 0xA2, 0x16, 0x33, 0x54, 0x3D, 0x81, 0x60, 0x9D,
    0x07, 0x62, 0x1C, 0xE2, 0xD9, 0x06, 0x3D, 0x9D, 0xA1, 0x63, 0x62, 0x6F, 0x32, 0x52, 0x29, 0xCB,
    0x73, 0xA2, 0x9D, 0xE3, 0x74, 0x62, 0xCA, 0x34, 0x10, 0xB7, 0x02, 0x07, 0x1A, 0x6B, 0x81, 0x68,
    0x10, 0x3D, 0x41, 0x0D, 0x9D, 0x67, 0x26, 0x31, 0x08, 0x8C, 0x5A, 0x28, 0x78, 0xC8, 0x29, 0xBD,
    0x12, 0x2E, 0x0A, 0x7A, 0x87, 0x5E, 0xD6, 0x72, 0xB3, 0x34, 0x3C, 0x65, 0x60, 0x6D, 0xC1, 0x06,
    0x7D, 0xED, 0xB2, 0x94, 0x9D, 0x19, 0xEB, 0xD8, 0x70, 0xA0, 0x65, 0xE0, 0x69, 0x97, 0x38, 0x45,
    0xEE, 0x8F, 0x00, 0x82, 0xC4, 0x78, 0x0E, 0x70, 0x6A, 0x80, 0x95, 0x90, 0x54, 0x0A, 0x9E, 0x59,
    0xA0, 0x17, 0x00, 0x5B, 0x0D, 0xA9, 0x7B, 0xF3, 0x56, 0xF6, 0xCC, 0xD2, 0xC1, 0x05, 0xD8, 0x2D,
    0x8E, 0x72, 0xDC, 0xE3, 0x1C, 0xC5, 0x06, 0x97, 0x35, 0x40, 0x07, 0xBA, 0xC9, 0x1C, 0xA4, 0x61,
    0x35, 0x54, 0x2A, 0xB1, 0xCD, 0xD3, 0xA8, 0xB9, 0x23, 0x18, 0xFF, 0x4A, 0x50, 0x09, 0x4B, 0x3D,
    0x20, 0x8E, 0x70, 0x8F, 0x28, 0x31, 0x44, 0x81, 0x1C, 0xB8, 0x22, 0x36, 0x8A, 0x19, 0x3E, 0x8D,
    0x1C, 0xD8, 0xD9, 0xE6, 0x0E, 0x66, 0xAC, 0xA0, 0xC0, 0x1D, 0x07, 0x61, 0x73, 0x90, 0xB6, 0x04,
    0x34, 0x2E, 0xC1, 0x85, 0x25, 0xB8, 0x34, 0x14, 0xA7, 0x9A, 0xE1, 0x4C, 0xF1, 0xED, 0x1C, 0x44,
    0x75, 0x01, 0x72, 0x56, 0x03, 0x0E, 0xF7, 0x0B, 0x0C, 0x4C, 0x1F, 0xAF, 0x06, 0x35, 0x9F, 0x8D,
    0x9C, 0x18, 0xA1, 0x15, 0x7C, 0x6F, 0x7A, 0xDC, 0x84, 0x17, 0x54, 0xD0, 0xB4, 0x66, 0xE7, 0xCD,
    0xE6, 0xD9, 0x17, 0x9E, 0x29, 0x64, 0xE7, 0x38, 0x8C, 0xDB, 0xEC, 0x7C, 0x5F, 0x85, 0x6D, 0x87,
    0xE7, 0xAE, 0xDD, 0xE4, 0xB9, 0x13, 0x71, 0xE3, 0x61, 0x03, 0x48, 0xE3, 0xD6, 0x8B, 0x5B, 0x09,
    0x01, 0x2C, 0x70, 0x48, 0x2C, 0x1C, 0x01, 0xB0, 0x9C, 0x6D, 0xD7, 0xA1, 0x94, 0x3B, 0x1C, 0x8E,
    0xDC, 0x09, 0x0E, 0xDE, 0xDE, 0x1D, 0x22, 0x4B, 0xA0, 0x26, 0x3E, 0xCE, 0xB2, 0xC4, 0x83, 0x78,
    0xA8, 0xC1, 0x41, 0x9C, 0xE5, 0xEF, 0x52, 0x71, 0x9D, 0xCE, 0x6C, 0xCD, 0xD4, 0x1D, 0x7A, 0xE2,
    0x4D, 0x88, 0x00, 0xDF, 0xAB, 0x60, 0x61, 0x45, 0xCC, 0xD2, 0xC3, 0x09, 0xEB, 0xD4, 0x72, 0xC3,
    0xDF, 0x4B, 0x58, 0xDF, 0x10, 0x0D, 0xF7, 0x9F, 0x59, 0xDA, 0xD2, 0xDE, 0x31, 0x09, 0x02, 0xB4,
    0x53, 0xF5, 0x51, 0x37, 0x2D, 0x78, 0x71, 0x54, 0xDC, 0x1F, 0x35, 0x00, 0x52, 0x07, 0xC9, 0x17,
    0xA9, 0xDD, 0x4E, 0xBF, 0x04, 0xDA, 0x7F, 0x93, 0x33, 0xE2, 0xBB, 0xA6, 0x56, 0xEB, 0xEB, 0x85,
    0x8A, 0x4A, 0x56, 0x9D, 0xA8, 0x87, 0x27, 0x10, 0x78, 0x62, 0x73, 0xF4, 0xBE, 0x04, 0x1A, 0xC4,
    0x6D, 0xA5, 0x3C, 0x3C, 0x81, 0x67, 0xC6, 0x93, 0x7B, 0x24, 0xC0, 0x80, 0x2A, 0xA2, 0x7E, 0x48,
    0x09, 0xA2, 0x65, 0xC5, 0x3D, 0x12, 0xD0, 0x38, 0x0D, 0xDA, 0x84, 0x12, 0x0E, 0x72, 0xD0, 0xA8,
    0x82, 0xB4, 0x52, 0x3D, 0x05, 0x80, 0x83, 0x4A, 0x85, 0x3E, 0x69, 0xAD, 0x50, 0x1E, 0x66, 0xF1,
    0x72, 0x78, 0x47, 0x5F, 0xA7, 0xC5, 0x7E, 0x72, 0x0E, 0xD0, 0x63, 0xB5, 0xDC, 0xCE, 0x5E, 0x66,
    0x64, 0x89, 0x72, 0xBF, 0xF7, 0x7C, 0x1D, 0x32, 0x80, 0x0B, 0xFD, 0x2A, 0x15, 0x30, 0x50, 0x00,
    0x07, 0xAA, 0x7E, 0x40, 0x2A, 0x70, 0x1C, 0x0A, 0x6C, 0xEF, 0x48, 0x85, 0xDA, 0x48, 0x6C, 0xD4,
    0xD0, 0x02, 0x45, 0x47, 0xD0, 0x13, 0xC4, 0x04, 0xF1, 0x6C, 0xAB, 0x60, 0xAF, 0x61, 0x67, 0xA0,
    0xB4, 0x90, 0x49, 0x97, 0x8B, 0x3A, 0xE5, 0x9E, 0x33, 0x64, 0xA8, 0x18, 0x6A, 0x8A, 0x86, 0x68,
    0xDC, 0x18, 0x79, 0x6D, 0x05, 0x5A, 0x8E, 0xE0, 0x03, 0x26, 0x6E, 0x20, 0x82, 0xE0, 0x04, 0x91,
    0xA1, 0x2F, 0xFD, 0x6E, 0xB1, 0xB0, 0xB4, 0x3F, 0x8D, 0x9A, 0x5E, 0xC4, 0xED, 0x40, 0xE5, 0x82,
    0x4B, 0xDC, 0x21, 0x2E, 0x6B, 0x24, 0xEA, 0x75, 0x23, 0x68, 0x4E, 0x66, 0x6A, 0x6F, 0xC0, 0x42,
    0xC6, 0x2B, 0xBA, 0x1F, 0x7B, 0x27, 0x2F, 0xF8, 0x76, 0x7A, 0x5D, 0xDF, 0x1A, 0x41, 0xB3, 0x97,
    0xCC, 0x87, 0xF4, 0x07, 0xD3, 0xC9, 0x78, 0xB1, 0xF4, 0x6B, 0x2C, 0xB2, 0x3C, 0xE5, 0x23, 0x8A,
    0x7D, 0xD4, 0x2F, 0x0C, 0xD8, 0x6E, 0x21, 0x83, 0x3C, 0xBF, 0x06, 0x17, 0xE5, 0x0A, 0x0F, 0x17,
    0xFB, 0xC6, 0x3E, 0x7F, 0x7F, 0xB1, 0x6F, 0xDA, 0x0A, 0x2F, 0x0A, 0x00, 0xA2, 0x4E, 0xCD, 0xB5,
    0x2D, 0x5D, 0x59, 0x96, 0x79, 0x8F, 0xF7, 0x98, 0xA7, 0x9E, 0x60, 0x82, 0x1A, 0x6D, 0xCF, 0x05,
    0xF2, 0x66, 0x38, 0x98, 0x8E, 0x37, 0x4D, 0x8C, 0x7C, 0xA3, 0x85, 0x66, 0xAD, 0x91, 0x4F, 0x17,
    0x4A, 0xC8, 0x81, 0x03, 0x53, 0x74, 0x3A, 0x59, 0x2D, 0x36, 0x66, 0x6F, 0xA4, 0x11, 0x86, 0x5B,
    0xE6, 0xC2, 0xD3, 0x67, 0x5B, 0xBD, 0xB3, 0x0D, 0xBA, 0xFC, 0x21, 0x76, 0xE2, 0x2A, 0x10, 0x0D,
    0xD1, 0x2A, 0x19, 0x34, 0x7C, 0xBF, 0x19, 0xEA, 0x12, 0xCF, 0x3C, 0xD8, 0x40, 0x37, 0x33, 0xCD,
    0xD5, 0x63, 0xF8, 0x81, 0x82, 0x8D, 0xF8, 0xA2, 0x20, 0x52, 0x6A, 0x4F, 0xDF, 0x27, 0xE3, 0xA8,
    0xC3, 0x58, 0x99, 0x46, 0xB6, 0xDA, 0x11, 0x9B, 0xA8, 0x5B, 0xED, 0x53, 0x82, 0x3B, 0xAC, 0xD1,
    0x4B, 0x04, 0x7E, 0x1B, 0x34, 0x73, 0xC4, 0x03, 0x07, 0xAA, 0x63, 0x2A, 0x27, 0x26, 0xB3, 0x69,
    0xC9, 0x05, 0x1F, 0x62, 0x1F, 0x15, 0x2A, 0x0E, 0xD9, 0x41, 0xB7, 0x90, 0xE0, 0x2A, 0xF4, 0x4E,
    0x77, 0x10, 0xE3, 0x09, 0x85, 0xC4, 0x43, 0x09, 0x48, 0x6A, 0xEE, 0xAE, 0x71, 0x85, 0x03, 0x47,
    0x55, 0x3B, 0x35, 0xDC, 0x29, 0xC5, 0x94, 0x20, 0x50, 0x3A, 0x8E, 0x51, 0x88, 0x81, 0x03, 0xAC,
    0x86, 0x26, 0xD9, 0x8E, 0x6D, 0x30, 0xFF, 0x4E, 0xD6, 0x36, 0x4F, 0xAC, 0x63, 0xE0, 0x4A, 0xAA,
    0x5C, 0xA0, 0x60, 0x78, 0x62, 0xEA, 0x06, 0x49, 0xD9, 0x20, 0x29, 0x89, 0x71, 0x65, 0x82, 0x75,
    0xEE, 0x23, 0x1D, 0x53, 0x73, 0x44, 0xC7, 0xD0, 0x48, 0x00, 0x82, 0x1A, 0x18, 0x2A, 0x10, 0x08,
    0xF0, 0x3B, 0x10, 0x44, 0x00, 0x89, 0x01, 0x60, 0xB1, 0xE7, 0xFF, 0x0E, 0x04, 0xD1, 0x8D, 0x30,
    0xF0, 0x61, 0x7D, 0xE1, 0x60, 0x17, 0x70, 0xDF, 0xBE, 0xD0, 0x65, 0x90, 0x37, 0x0F, 0x28, 0x4B,
    0x4C, 0x06, 0x2E, 0x5E, 0x54, 0xCA, 0x4A, 0x93, 0xB5, 0x82, 0x9E, 0x31, 0xA2, 0x95, 0x58, 0x73,
    0xC7, 0xA8, 0x6F, 0x92, 0x54, 0x4E, 0x1A, 0x91, 0x3B, 0x8A, 0x17, 0x49, 0x20, 0x76, 0x0C, 0x24,
    0xFA, 0x54, 0x4B, 0x2B, 0x83, 0x8A, 0x2E, 0x2F, 0xC2, 0xA0, 0x7E, 0x1B, 0xF2, 0x26, 0x94, 0x45,
    0x7D, 0xEA, 0x9A, 0xFB, 0x5A, 0xAA, 0x1E, 0x14, 0x31, 0x00, 0xB0, 0xD8, 0xDA, 0x1F, 0x24, 0xE4,
    0x6C, 0xAD, 0x03, 0xDE, 0x29, 0x3B, 0x8C, 0xA6, 0x8F, 0x47, 0x40, 0x02, 0x29, 0xE7, 0xE1, 0x8F,
    0x14, 0x33, 0xC4, 0x3E, 0x60, 0xD4, 0x3D, 0x88, 0x67, 0x6A, 0x6A, 0x3F, 0x3B, 0xAB, 0x99, 0xCE,
    0x88, 0x95, 0x4B, 0xBC, 0x78, 0xB1, 0x30, 0x9C, 0xEF, 0x71, 0x3E, 0xB7, 0x38, 0xBC, 0x0C, 0xCD,
    0xF2, 0x28, 0xBE, 0x12, 0x28, 0xE2, 0x76, 0xFC, 0xBB, 0x8E, 0xBB, 0x69, 0x40, 0x46, 0x34, 0x1C,
    0x3D, 0x68, 0xDC, 0x7D, 0xC3, 0x84, 0x4D, 0xC7, 0x06, 0x10, 0x7A, 0xFD, 0x64, 0xBF, 0xF0, 0x6E,
    0xFB, 0xF2, 0xE3, 0x2A, 0x3D, 0x9D, 0xA5, 0x9B, 0xC1, 0xE5, 0xA2, 0xB2, 0x3B, 0x17, 0x7B, 0xFD,
    0x20, 0xD4, 0xE0, 0x1F, 0xBE, 0xD6, 0x2C, 0x60, 0x37, 0xC0, 0xD0, 0xD5, 0x77, 0xBB, 0xE5, 0x66,
    0xB6, 0xFD, 0xAB, 0x6A, 0x35, 0x1F, 0x06, 0xB2, 0x08, 0xD7, 0x38, 0xEE, 0x40, 0x6A, 0x49, 0x1D,
    0xB5, 0xBA, 0x0F, 0x9A, 0xB5, 0x4E, 0x27, 0x57, 0xAC, 0x2B, 0xEE, 0xB0, 0x33, 0x02, 0x88, 0xFC,
    0x69, 0xC7, 0x3E, 0x0A, 0xE7, 0x0F, 0x31, 0xE1, 0x84, 0x1E, 0x75, 0x1F, 0x2F, 0x06, 0x00, 0x82,
    0x7A, 0xB1, 0x5F, 0x5D, 0xA5, 0xC9, 0x1A, 0x2F, 0xAF, 0xAF, 0x91, 0xB9, 0x3D, 0xCE, 0xBD, 0xB4,
    0x06, 0xB0, 0xDF, 0x24, 0xFE, 0x89, 0x7A, 0x9F, 0x5E, 0xF3, 0x54, 0x6F, 0x93, 0x2B, 0xFA, 0xEB,
    0xBB, 0xF4, 0x9A, 0x31, 0xB1, 0x93, 0xC9, 0x9F, 0x41, 0x82, 0x11, 0x7C, 0x2B, 0xEA, 0xC7, 0x08,
    0x17, 0x11, 0xED, 0x3E, 0x9C, 0xBA, 0x04, 0x44, 0xE2, 0x69, 0xD6, 0xE9, 0x02, 0x94, 0xB4, 0x16,
    0xBB, 0xFD, 0xAA, 0xC9, 0x43, 0xC0, 0x85, 0x57, 0x50, 0x66, 0xB8, 0xC1, 0x7E, 0x4D, 0xD4, 0xF6,
    0x7C, 0xF9, 0x72, 0x0B, 0x89, 0x8E, 0xCA, 0x81, 0xB7, 0x76, 0xA7, 0xD3, 0x5F, 0x6F, 0x87, 0x5D,
    0x60, 0xC9, 0x5B, 0xA6, 0x93, 0xF0, 0xA1, 0x10, 0xDF, 0xF8, 0x63, 0xE8, 0x7E, 0x8F, 0xDA, 0x2A,
    0xBF, 0xB9, 0x69, 0xDF, 0xBC, 0xA9, 0x9F, 0x19, 0xFA, 0x12, 0x2A, 0x78, 0xF6, 0x60, 0x39, 0xF1,
    0x69, 0xE8, 0xBF, 0xEA, 0xF3, 0xF7, 0xC9, 0x89, 0x55, 0x2B, 0x5F, 0x30, 0x47, 0xA1, 0xD9, 0xE7,
    0x20, 0x4C, 0x54, 0x5F, 0xDE, 0x87, 0xB9, 0x4D, 0x80, 0x69, 0xA1, 0x37, 0x67, 0x53, 0x80, 0xC4,
    0x32, 0x27, 0x1C, 0xEE, 0xD6, 0x61, 0x38, 0x0A, 0x09, 0xBC, 0x4C, 0xCB, 0x52, 0x5A, 0x34, 0x52,
    0x1D, 0x37, 0x18, 0xB6, 0x6A, 0x0B, 0x78, 0x3F, 0xC9, 0x6C, 0x53, 0x75, 0x55, 0x6A, 0xE0, 0x24,
    0x72, 0x67, 0x6F, 0x54, 0x1F, 0x00, 0x70, 0x25, 0xD5, 0xEA, 0x6C, 0x00, 0xC0, 0x8D, 0x6C, 0x52,
    0xC3, 0xFD, 0x62, 0x1B, 0xF0, 0x50, 0xCF, 0xA5, 0xC7, 0x38, 0xBE, 0x36, 0x8C, 0xF5, 0x88, 0xE7,
    0xBC, 0x4C, 0x5D, 0xFE, 0xA1, 0xE0, 0x4D, 0x7D, 0x92, 0x19, 0x22, 0xFA, 0xDB, 0x1A, 0x85, 0x67,
    0xE6, 0x99, 0x49, 0xCD, 0x91, 0xBD, 0x3F, 0x81, 0x1A, 0x0C, 0xBC, 0xEC, 0x27, 0xEA, 0x2E, 0xF6,
    0x80, 0x1A, 0x66, 0x8F, 0x8A, 0xCE, 0xF1, 0xFD, 0x91, 0x7E, 0xD0, 0xB6, 0xC8, 0x2F, 0x80, 0x8C,
    0xDF, 0x44, 0xCA, 0xEA, 0xD0, 0xFC, 0x7B, 0x56, 0xDF, 0x53, 0xD2, 0x1B, 0xA6, 0xF0, 0x40, 0x39,
    0xBC, 0x5B, 0xD2, 0x6B, 0xA9, 0x2A, 0x88, 0xEE, 0xDC, 0x5B, 0x86, 0x4A, 0x74, 0x13, 0x14, 0x6D,
    0xC2, 0xF7, 0x2D, 0x53, 0x69, 0x8E, 0x63, 0x63, 0xA8, 0x96, 0x37, 0x79, 0x53, 0x0C, 0xD2, 0x20,
    0x5E, 0x89, 0x04, 0xFA, 0x6C, 0x75, 0x1E, 0x2E, 0x33, 0x70, 0xC4, 0x72, 0x8D, 0xAC, 0xE6, 0x46,
    0xC0, 0x4F, 0x80, 0x4F, 0xBD, 0xC4, 0xD1, 0xDA, 0xF2, 0xC4, 0xE4, 0x6C, 0x89, 0xF9, 0x66, 0x08,
    0x96, 0x13, 0xE3, 0xC5, 0xC4, 0x66, 0x1F, 0xDC, 0x72, 0x6C, 0xF7, 0xD4, 0x6E, 0x6F, 0xB4, 0x54,
    0x02, 0x52, 0xB8, 0xAF, 0x76, 0xFB, 0x64, 0x39, 0x0D, 0x4B, 0x17, 0x82, 0xF6, 0x34, 0xB3, 0x1F,
    0xCF, 0xB7, 0xBB, 0x2F, 0x25, 0x22, 0x44, 0x45, 0xF1, 0xE7, 0xDE, 0xC4, 0x55, 0x1A, 0xF8, 0xB5,
    0x39, 0xC6, 0x4B, 0x51, 0x7D, 0x01, 0x4F, 0x26, 0x57, 0xCF, 0x56, 0x2F, 0x3F, 0x1B, 0x1C, 0x9F,
    0xAE, 0x5C, 0x8F, 0xA9, 0x46, 0x9C, 0xB7, 0x3D, 0xB2, 0x59, 0xB3, 0xA0, 0x75, 0x05, 0xA4, 0x59,
    0x82, 0xFD, 0xCD, 0x61, 0x7F, 0xFA, 0x4D, 0xF5, 0xA9, 0x6A, 0x9E, 0xFE, 0x5C, 0xFE, 0xB6, 0x5D,
    0xC6, 0x70, 0xBC, 0x6B, 0xA8, 0xBA, 0xBF, 0x86, 0xF6, 0x29, 0x78, 0x7E, 0x04, 0xBA, 0x93, 0xA8,
    0x63, 0x02, 0xDD, 0x47, 0x60, 0x1E, 0x27, 0xFA, 0x09, 0x51, 0x4F, 0x29, 0x3C, 0x07, 0x78, 0x0C,
    0xC7, 0xF0, 0x3C, 0xD1, 0x34, 0x9E, 0x98, 0xDB, 0x13, 0xF5, 0xDA, 0x09, 0xC4, 0x4C, 0x9E, 0xFE,
    0x4D, 0x05, 0xD8, 0xC0, 0x60, 0xE1, 0xBA, 0x88, 0x68, 0x18, 0xA2, 0x5F, 0x35, 0x4B, 0xCC, 0xAE,
    0x35, 0x20, 0xCE, 0xB2, 0xE7, 0x1F, 0xD0, 0x6B, 0xBC, 0xFC, 0xAD, 0x7B, 0x02, 0x81, 0xCC, 0xF8,
    0x53, 0x89, 0x7E, 0x5F, 0x84, 0x33, 0xE0, 0x88, 0xE7, 0xCD, 0x55, 0xF1, 0xE3, 0x41, 0x07, 0x2B,
    0xEC, 0x2E, 0xBF, 0x84, 0xE9, 0xE5, 0xFF, 0x3D, 0x01, 0x95, 0xB1, 0x89, 0xE7, 0x93, 0x2D, 0xD6,
    0xEE, 0x29, 0xFC, 0xA3, 0x5F, 0x74, 0x39, 0x5F, 0xED, 0x67, 0x71, 0xC9, 0x4E, 0xF2, 0xEF, 0x37,
    0xD3, 0xF9, 0xBF, 0x00, 0xF8, 0x08, 0x67, 0xD3, 0xB1, 0x4A, 0x96, 0xBB, 0x2D, 0x3E, 0x05, 0xF8,
    0xA9, 0xF9, 0x74, 0x67, 0xF6, 0x53, 0x9C, 0xFF, 0x8F, 0xBF, 0xFA, 0x23, 0xA8, 0x3E, 0x93, 0xA1,
    0xAE, 0x60, 0x86, 0x1F, 0xFF, 0x07, 0x05, 0x6C, 0x8F, 0xBF, 0xF8, 0x67, 0x35, 0xAA, 0x9F, 0x4E,
    0xB1, 0xFE, 0xB9, 0xEA, 0xC2, 0x4A, 0xA5, 0x02, 0xC7, 0xE8, 0xA8, 0x07, 0x93, 0x20, 0x9C, 0x20,
    0x72, 0x54, 0x52, 0xB7, 0xC6, 0xE9, 0xED, 0x9E, 0xEB, 0x64, 0xDE, 0xAA, 0xD3, 0x95, 0xA8, 0x21,
    0xC0, 0xCF, 0x12, 0xD4, 0xE8, 0x05, 0xAD, 0xA0, 0xB9, 0xA7, 0x01, 0x0C, 0x90, 0x19, 0x06, 0x00,
    0x28, 0x80, 0xA8, 0x93, 0xFD, 0x5F, 0x56, 0xFF, 0xFE, 0x32, 0xFF, 0x78, 0x7F, 0x89, 0xD7, 0x97,
    0x1D, 0x5E, 0x21, 0x42, 0xA7, 0x27, 0x7F, 0xF9, 0xCB, 0xCF, 0x7B, 0xD9, 0xFF, 0x3E, 0xCA, 0x4B,
    0xC4, 0x8B, 0x8F, 0xF7, 0xFF, 0xF3, 0x7F, 0xF5, 0xD1, 0x65, 0xE7, 0x11, 0xA5, 0x42, 0x7E, 0xFE,
    0xCB, 0x5F, 0x4A, 0x99, 0x8F, 0xFB, 0x74, 0x36, 0xFF, 0xCB, 0xD5, 0x6C, 0xF4, 0xF4, 0xC5, 0xD4,
    0xCB, 0xDF, 0xFE, 0xF2, 0x17, 0x7F, 0xDA, 0x6C, 0xBF, 0x90, 0xF8, 0xF5, 0x67, 0x7F, 0xFE, 0x0F,
    0x2E, 0xB7, 0x1F, 0x7F, 0x7D, 0xA2, 0x7F, 0xF9, 0xA7, 0xBD, 0x3C, 0xCB, 0x3A, 0x4F, 0xAA, 0xDD,
    0x66, 0x3A, 0xFC, 0xAB, 0xD5, 0xDD, 0x56, 0xFD, 0x0F, 0xB5, 0xC3, 0x97, 0x48, 0xD1, 0x85, 0x8A,
    0xF0, 0x90, 0x43, 0x62, 0x81, 0x29, 0x28, 0x35, 0x41, 0xCD, 0x11, 0xB0, 0xA6, 0x68, 0xF2, 0x40,
    0xA5, 0xB2, 0xBE, 0x29, 0x39, 0x59, 0x58, 0x2E, 0xD5, 0xDE, 0x01, 0x57, 0x60, 0xE1, 0xD5, 0xA2,
    0x81, 0x3D, 0x06, 0x78, 0x87, 0x26, 0x1C, 0xDE, 0x5A, 0xB8, 0x10, 0xE9, 0x27, 0xC7, 0xDD, 0x5B,
    0x0B, 0x17, 0xEE, 0x39, 0x74, 0xBC, 0xBE, 0xB8, 0xEE, 0xBD, 0x86, 0xFF, 0xEF, 0x5D, 0xDF, 0x4B,
    0x51, 0x25, 0x68, 0x41, 0x78, 0xA0, 0xA8, 0xC1, 0x16, 0x90, 0x32, 0x20, 0x63, 0x03, 0x85, 0xB0,
    0x8C, 0xE2, 0x99, 0x41, 0x97, 0x71, 0x1C, 0xF6, 0xC7, 0x6B, 0x5B, 0xA4, 0x39, 0x23, 0xD3, 0x33,
    0xB3, 0xB3, 0x59, 0xE0, 0x92, 0xE6, 0x0A, 0x37, 0x86, 0xD7, 0xD0, 0x65, 0xC0, 0x13, 0x13, 0x88,
    0xD5, 0x32, 0x08, 0x84, 0x6D, 0x62, 0xD3, 0x40, 0xB3, 0x52, 0x44, 0x8B, 0x88, 0x1C, 0x71, 0x83,
    0x88, 0x25, 0x3D, 0xAB, 0x94, 0x7D, 0x66, 0x53, 0x7A, 0x41, 0xF4, 0x56, 0x17, 0x3D, 0xC7, 0x70,
    0x94, 0x34, 0x08, 0x84, 0x83, 0x50, 0xFF, 0xB5, 0xC0, 0x05, 0xE2, 0x6D, 0xFD, 0x1B, 0x82, 0x86,
    0xA3, 0xC2, 0x9A, 0x4E, 0x6C, 0xA8, 0xFF, 0x8C, 0x9D, 0x99, 0x92, 0x11, 0x53, 0x70, 0xA2, 0x5D,
    0x1A, 0xB9, 0x19, 0x0B, 0xDD, 0x96, 0x5D, 0x7C, 0x11, 0xD9, 0xC5, 0x3C, 0xCF, 0x79, 0xCE, 0x2E,
    0x28, 0x12, 0x4C, 0x50, 0xA1, 0x29, 0x03, 0xBB, 0xC8, 0xD9, 0x0D, 0xBB, 0xC8, 0x80, 0x68, 0x30,
    0x07, 0x0E, 0x33, 0xBE, 0x80, 0x56, 0x22, 0xCC, 0x71, 0x88, 0x33, 0x6C, 0x48, 0xDC, 0x51, 0x73,
    0x98, 0xE2, 0x12, 0x17, 0x91, 0x8A, 0xB7, 0xC2, 0xF2, 0x5B, 0x83, 0xA7, 0x40, 0x15, 0xE7, 0xC1,
    0x00, 0x83, 0x33, 0x36, 0xEC, 0xAF, 0xC6, 0x5B, 0x7D, 0x6A, 0x84, 0x61, 0x96, 0xDA, 0xC4, 0x81,
    0x83, 0x32, 0xF1, 0xE0, 0xA1, 0x07, 0xF9, 0x9D, 0xD3, 0x48, 0x08, 0x18, 0x81, 0xE8, 0x36, 0x3C,
    0x64, 0xD9, 0xFA, 0x1A, 0x37, 0xB8, 0xC2, 0x99, 0x6A, 0x97, 0x29, 0xE3, 0xA2, 0xB9, 0xDC, 0x4E,
    0xAA, 0x7E, 0xD0, 0xBE, 0x96, 0x39, 0x5E, 0x37, 0x97, 0xFA, 0x3E, 0x4B, 0xDB, 0xE5, 0x16, 0x03,
    0xBC, 0xDD, 0x4C, 0xE3, 0x05, 0x10, 0xD4, 0x02, 0x13, 0x74, 0x0C, 0x75, 0x91, 0x93, 0xB1, 0x4D,
    0x99, 0xB2, 0x25, 0xED, 0x9B, 0x8C, 0x13, 0xE3, 0x38, 0xD5, 0x36, 0xA7, 0xA1, 0x2F, 0x0C, 0x4C,
    0x89, 0x07, 0xB0, 0x80, 0x8A, 0xD6, 0x20, 0x4C, 0xF2, 0xBE, 0x55, 0xEE, 0x45, 0x4A, 0x47, 0xB4,
    0xBF, 0x5D, 0x18, 0xE7, 0x8A, 0x92, 0xA7, 0x9C, 0x4E, 0x87, 0x6A, 0xB7, 0x34, 0xE9, 0x89, 0xA5,
    0xE8, 0x00, 0x3D, 0x48, 0x54, 0x1C, 0x2D, 0x3B, 0xCF, 0x9A, 0x3B, 0x67, 0xEB, 0x85, 0x6D, 0xA2,
    0xE5, 0x29, 0x6B, 0x9E, 0xA9, 0xC6, 0xA6, 0xBC, 0x87, 0x93, 0x86, 0x2E, 0x2B, 0x99, 0xA7, 0x18,
    0xFA, 0xDA, 0x04, 0x97, 0xB8, 0xC6, 0x1D, 0x5E, 0x6F, 0xFD, 0xA6, 0x39, 0x38, 0xAC, 0xA3, 0x85,
    0xA2, 0x8F, 0xE2, 0x04, 0xD3, 0xBC, 0x58, 0x47, 0x6A, 0x28, 0x1F, 0xD0, 0x16, 0x02, 0xEE, 0x68,
    0x9F, 0x33, 0x98, 0x4E, 0x27, 0xA1, 0x01, 0x60, 0x10, 0x31, 0x58, 0x5E, 0x37, 0xF9, 0x9B, 0x4E,
    0x96, 0x8B, 0x57, 0xF6, 0x39, 0x41, 0x84, 0x62, 0xD0, 0x09, 0xFF, 0xA6, 0x17, 0x0A, 0x5B, 0x94,
    0x29, 0xA7, 0x83, 0xF1, 0xC2, 0x9C, 0xB8, 0xD4, 0xD3, 0xCB, 0xA4, 0x52, 0xC5, 0xC3, 0x57, 0xC4,
    0xDF, 0x6F, 0x9E, 0x7D, 0xD8, 0x72, 0xF8, 0x5B, 0x14, 0x77, 0x84, 0xFB, 0x2C, 0x9A, 0xBF, 0xFF,
    0x02, 0xAD, 0x7B, 0x92, 0x34, 0xC1, 0xFE, 0x64, 0x4E, 0x67, 0xFD, 0xE5, 0x62, 0xB1, 0xB6, 0xA5,
    0xCB, 0x1D, 0x2B, 0x69, 0x1D, 0xBB, 0x9A, 0x88, 0xC2, 0x1E, 0xA1, 0xB9, 0x66, 0x9A, 0xC6, 0x39,
    0x28, 0x87, 0x50, 0xF5, 0x49, 0xA8, 0x48, 0x8E, 0xDB, 0xD9, 0x68, 0xB7, 0xF1, 0xB9, 0x98, 0x4E,
    0x9D, 0x43, 0xCE, 0x37, 0x2B, 0x7C, 0xB1, 0x41, 0x2F, 0xC2, 0x9B, 0xE1, 0x16, 0x1C, 0x70, 0x68,
    0xE0, 0x01, 0x4B, 0xD6, 0xBB, 0x47, 0xB7, 0xAA, 0x9D, 0x77, 0x9D, 0x60, 0x84, 0xBA, 0x15, 0xB6,
    0x58, 0x28, 0xBB, 0xDC, 0x06, 0x0B, 0x7E, 0x3C, 0x43, 0x12, 0x46, 0x6F, 0x97, 0xE2, 0x35, 0xEE,
    0xD0, 0x5E, 0x9B, 0x28, 0x2F, 0x6A, 0xD7, 0x1E, 0x77, 0x8F, 0xC5, 0xC2, 0xE2, 0x60, 0xE2, 0x39,
    0x73, 0xE5, 0x7B, 0x4E, 0xF1, 0x00, 0xBA, 0x7B, 0x9C, 0xB9, 0xF2, 0x01, 0x1B, 0xDE, 0x00, 0x00,
    0x7B, 0xB5, 0x49, 0xC5, 0x6A, 0x40, 0xDD, 0xEC, 0xA8, 0x86, 0x32, 0xEC, 0xA4, 0xA5, 0xA8, 0x65,
    0x68, 0x8A, 0x65, 0xE8, 0xE7, 0x25, 0x0B, 0x56, 0x1A, 0x82, 0xA2, 0x91, 0x35, 0x45, 0xD5, 0x85,
    0xCF, 0x35, 0xF5, 0x20, 0x6C, 0x82, 0xE1, 0x49, 0x69, 0x08, 0xD6, 0x1C, 0x1D, 0xE2, 0x0A, 0x51,
    0xD8, 0x17, 0xD8, 0xAF, 0x6A, 0x2E, 0xCD, 0x1E, 0xF9, 0x08, 0x6B, 0xC4, 0x29, 0xD6, 0x79, 0x37,
    0xB4, 0x09, 0xAA, 0x59, 0x1C, 0xB0, 0xA4, 0x0D, 0x54, 0x3F, 0x1E, 0xA8, 0x7E, 0x56, 0xF7, 0xDA,
    0x01, 0x8B, 0x18, 0x82, 0xA1, 0xA1, 0xD6, 0x3D, 0xCE, 0xC9, 0x4A, 0x15, 0xC0, 0x13, 0xD4, 0xD2,
    0xF2, 0x9A, 0x62, 0x41, 0xCF, 0xC9, 0x4A, 0xBB, 0xBA, 0x16, 0x48, 0x51, 0xA1, 0xA2, 0xD0, 0x0D,
    0xF3, 0x9A, 0x75, 0xD2, 0x39, 0xAC, 0x5D, 0xDD, 0xDB, 0xD9, 0x7C, 0x67, 0xF9, 0xCE, 0x70, 0x34,
    0xEC, 0xD5, 0xD6, 0x5C, 0x86, 0x3F, 0x5D, 0xEE, 0xBC, 0x77, 0xB2, 0x76, 0xC2, 0x39, 0x6E, 0x81,
    0xA8, 0xC4, 0xF3, 0x1A, 0x77, 0xB8, 0x5D, 0x54, 0xFD, 0xE8, 0x25, 0x25, 0xC5, 0x1A, 0x1D, 0x5A,
    0x5C, 0x2E, 0xA7, 0x83, 0x51, 0x73, 0xE9, 0x84, 0x29, 0xDE, 0xB9, 0xD6, 0x1F, 0x9E, 0x40, 0xC1,
    0xAD, 0x9C, 0x60, 0x10, 0x53, 0x0A, 0x27, 0x5D, 0xDD, 0x8A, 0x6F, 0x2A, 0x7A, 0xFE, 0x1A, 0x43,
    0x86, 0x03, 0x14, 0xD7, 0x58, 0xB1, 0x62, 0xDF, 0x3C, 0x84, 0x61, 0x8A, 0x45, 0x44, 0x69, 0x31,
    0xC0, 0xEB, 0x6C, 0x26, 0xF0, 0xBA, 0x0D, 0x69, 0xD6, 0x86, 0x16, 0x30, 0x82, 0x65, 0x6D, 0xB8,
    0x63, 0xE9, 0xBF, 0x2B, 0xF6, 0xCB, 0xE9, 0x3C, 0x2D, 0xCB, 0xED, 0x78, 0xFB, 0x92, 0xA2, 0x11,
    0x1E, 0xD0, 0x32, 0xD4, 0x7B, 0xCF, 0xAE, 0x5C, 0xB9, 0x59, 0x4D, 0x47, 0x65, 0x56, 0xB2, 0x33,
    0xE4, 0x6E, 0xBF, 0x1A, 0x82, 0xE3, 0xAA, 0xA6, 0x9B, 0xC1, 0x79, 0x86, 0x2B, 0x64, 0xE6, 0x49,
    0x5C, 0xAB, 0x2E, 0x36, 0x38, 0xBA, 0xC6, 0x00, 0xB2, 0x39, 0x73, 0x38, 0x70, 0xD9, 0xEB, 0xE6,
    0x04, 0x7C, 0x87, 0x33, 0x8F, 0x01, 0x2E, 0x9B, 0xB3, 0x5A, 0x4E, 0xEA, 0xD4, 0x9E, 0x06, 0xD3,
    0xC1, 0xFA, 0x95, 0xE9, 0x60, 0x35, 0xBC, 0xC8, 0x4B, 0xB7, 0x5F, 0x1A, 0x5E, 0xE3, 0x06, 0x67,
    0x78, 0xB3, 0x74, 0xB1, 0x5C, 0x6F, 0xA7, 0xC8, 0x9D, 0x1C, 0xDB, 0x9A, 0xE1, 0x00, 0x17, 0xE8,
    0x24, 0x0A, 0x9C, 0x05, 0x85, 0x60, 0xB5, 0xDD, 0x5F, 0x7B, 0x14, 0x62, 0x36, 0x5B, 0x6F, 0xEA,
    0xC2, 0xDE, 0xAC, 0x99, 0xC7, 0x16, 0xEE, 0xB5, 0xDC, 0x1F, 0x5B, 0x18, 0x7C, 0xC7, 0xB0, 0xEC,
    0xFD, 0x5E, 0x00, 0xEE, 0x5A, 0x06, 0x85, 0x11, 0xEC, 0x77, 0x67, 0xC2, 0xFB, 0xAD, 0xB0, 0x3F,
    0x8C, 0x3B, 0x71, 0x44, 0x61, 0x8E, 0xE2, 0x18, 0x6B, 0x89, 0xB3, 0x8B, 0x93, 0xD5, 0x2C, 0xDB,
    0x6D, 0x47, 0xF9, 0x66, 0x75, 0x55, 0x6E, 0xAA, 0x0B, 0x81, 0x13, 0xB4, 0x22, 0x50, 0x12, 0x71,
    0xA5, 0x45, 0xD9, 0x6A, 0xD0, 0xDE, 0xB9, 0xB8, 0xFF, 0xAD, 0x95, 0xDA, 0xE1, 0x12, 0x03, 0xDC,
    0x0C, 0x1C, 0x16, 0xA7, 0x5E, 0xAC, 0x71, 0x58, 0xCB, 0x65, 0x85, 0x72, 0x87, 0x87, 0xAC, 0xDB,
    0x35, 0xA6, 0x62, 0x39, 0xAD, 0x0B, 0x1C, 0xF2, 0xF5, 0xD2, 0x67, 0x72, 0x3A, 0x74, 0xED, 0x5F,
    0xD8, 0x82, 0xB6, 0xEB, 0xD5, 0x74, 0x98, 0x67, 0x27, 0x21, 0xE5, 0xB4, 0x2C, 0x36, 0xCB, 0x69,
    0x58, 0x36, 0x7F, 0xF8, 0x13, 0x5B, 0xA8, 0x21, 0x31, 0xC0, 0x22, 0x2D, 0xAF, 0x11, 0xDA, 0xC0,
    0x2D, 0xAF, 0x23, 0x9B, 0xC6, 0x9A, 0xC0, 0x39, 0x36, 0xE7, 0xB5, 0xA5, 0x3E, 0xC1, 0x20, 0x6A,
    0x42, 0x8A, 0x3B, 0x44, 0x89, 0xE8, 0x30, 0x2A, 0xD8, 0x71, 0x8E, 0x5B, 0xDC, 0x59, 0xDB, 0xD6,
    0xA8, 0x8D, 0x0B, 0xCA, 0x1D, 0x4E, 0xBC, 0xC0, 0x0A, 0xA5, 0x8D, 0x8B, 0x4B, 0xB8, 0x2F, 0xCA,
    0xB1, 0x95, 0x63, 0x24, 0xD7, 0x61, 0xE9, 0x7E, 0x54, 0x07, 0x75, 0xC1, 0x0A, 0xC6, 0xDC, 0x1A,
    0x67, 0xDC, 0x6F, 0x16, 0x95, 0xE7, 0xA1, 0x36, 0xC3, 0x2E, 0xE7, 0x9B, 0x65, 0xC5, 0xBD, 0xC5,
    0x19, 0x75, 0xD0, 0x01, 0xB6, 0xC3, 0xB9, 0xC7, 0xED, 0xE0, 0xE5, 0x33, 0xAC, 0x50, 0x38, 0x9C,
    0x9D, 0x17, 0xDB, 0x69, 0x9D, 0xDD, 0xB5, 0x8C, 0xED, 0xFE, 0x0B, 0xD0, 0x3A, 0x50, 0x10, 0x0C,
    0xD4, 0xF6, 0x1D, 0xF6, 0xD1, 0x60, 0x93, 0x28, 0xA3, 0xEF, 0x41, 0x37, 0xB8, 0xAB, 0x3A, 0x6E,
    0xB9, 0x0B, 0xFF, 0x9A, 0x34, 0x49, 0xDD, 0xB4, 0xB7, 0x67, 0x66, 0xE5, 0xB8, 0x91, 0x67, 0xB7,
    0xED, 0xED, 0xDD, 0xDC, 0xFE, 0xEB, 0x5E, 0x37, 0xDE, 0xB5, 0x94, 0xED, 0xFB, 0xBD, 0x71, 0xF0,
    0x1A, 0x02, 0x11, 0x6D, 0x01, 0x4D, 0xB2, 0xAC, 0xC9, 0x14, 0xE9, 0x10, 0x39, 0xF7, 0x79, 0x96,
    0x97, 0x45, 0x69, 0x2D, 0x2E, 0xB0, 0xEA, 0xE3, 0x9C, 0x7A, 0xB0, 0x05, 0x9D, 0xE8, 0x3C, 0x4D,
    0xAC, 0x65, 0x03, 0x25, 0x71, 0x19, 0x5E, 0x55, 0x80, 0xC9, 0xC4, 0xA7, 0xDC, 0x22, 0x0E, 0xB0,
    0x14, 0xF6, 0x3E, 0x26, 0xE2, 0x81, 0xF7, 0x2A, 0x12, 0x0D, 0x64, 0xDC, 0x8C, 0x04, 0xE5, 0x7E,
    0x53, 0x0D, 0xEB, 0xD6, 0xEC, 0xF8, 0xE2, 0xC6, 0xEC, 0xB8, 0x95, 0x0E, 0xBF, 0x73, 0x40, 0x39,
    0x98, 0x5A, 0xDE, 0x73, 0x59, 0xD7, 0x5B, 0x1E, 0x36, 0x3C, 0x8F, 0x2D, 0xB5, 0x6D, 0xF6, 0xD0,
    0x6D, 0x12, 0x31, 0x38, 0xE8, 0xFB, 0x94, 0xB9, 0xBB, 0x4E, 0xA7, 0xF3, 0x20, 0xB7, 0x75, 0x88,
    0x8B, 0xDA, 0x27, 0xDA, 0xD8, 0x35, 0x0E, 0xB9, 0xFB, 0x9E, 0xDD, 0x6E, 0xB7, 0x45, 0x2F, 0x71,
    0xB9, 0xAB, 0x8F, 0x28, 0x74, 0x80, 0x83, 0x70, 0x3C, 0x98, 0xD4, 0x21, 0x84, 0x5A, 0x6E, 0xAD,
    0x48, 0x56, 0xE3, 0x8D, 0x39, 0xB1, 0x99, 0xCB, 0x4B, 0x21, 0x90, 0x23, 0x43, 0xE8, 0x40, 0x06,
    0x6D, 0xDB, 0xA8, 0xC3, 0x94, 0x90, 0x82, 0xD0, 0xD2, 0xE0, 0x02, 0x97, 0x93, 0x66, 0x0C, 0xE1,
    0xDC, 0x37, 0x7F, 0x9A, 0x2E, 0x1D, 0x5B, 0xB1, 0x5C, 0xE0, 0x6A, 0x8A, 0xD5, 0x70, 0x8A, 0x39,
    0xF5, 0x25, 0xAD, 0x2D, 0x44, 0x61, 0x35, 0x41, 0x4F, 0xD1, 0xB1, 0x73, 0xE0, 0x39, 0xF1, 0x25,
    0xAB, 0x65, 0xCF, 0xC9, 0x6B, 0x2B, 0x37, 0x46, 0x6A, 0xE8, 0x80, 0x15, 0x91, 0x8C, 0x09, 0xEC,
    0xB3, 0xD8, 0xF6, 0x11, 0x29, 0x1A, 0xAC, 0x79, 0x21, 0x9A, 0x9A, 0xC7, 0x6A, 0x74, 0x6D, 0x11,
    0xE8, 0xBB, 0x9D, 0x60, 0xC9, 0x3A, 0x72, 0x13, 0x57, 0xBB, 0xED, 0xC5, 0x8B, 0xD5, 0xD5, 0x09,
    0x9E, 0x97, 0xED, 0x1A, 0x15, 0x09, 0x9E, 0xD4, 0xB4, 0x19, 0x66, 0xA3, 0x2E, 0x64, 0x39, 0x5F,
    0xFD, 0xD5, 0xD5, 0xE7, 0xBA, 0xCB, 0x94, 0xE3, 0xCD, 0xA6, 0xC3, 0x26, 0x4C, 0xD8, 0x9E, 0x19,
    0xF7, 0xC2, 0x86, 0xAD, 0xB0, 0xCE, 0x39, 0xC4, 0x76, 0x6B, 0x5A, 0x71, 0xB9, 0x5B, 0x65, 0xFB,
    0x55, 0x1E, 0xB6, 0x69, 0x6A, 0x63, 0xEB, 0xEF, 0xB1, 0x81, 0x75, 0x92, 0x0D, 0x9D, 0xDB, 0x0E,
    0xB1, 0x40, 0x9C, 0x61, 0xBD, 0xC7, 0xD9, 0x57, 0x57, 0xFB, 0xBF, 0xA9, 0xAE, 0xE7, 0x87, 0xA5,
    0x09, 0x63, 0x74, 0x8C, 0x81, 0xB5, 0xF4, 0x3C, 0x10, 0x12, 0x75, 0x82, 0x4E, 0xE0, 0x14, 0x7D,
    0xB9, 0xA9, 0xDE, 0x7C, 0x17, 0x56, 0xFA, 0x50, 0xB5, 0xFD, 0xE9, 0xD9, 0x56, 0x9D, 0x6A, 0x61,
    0x64, 0x2D, 0x51, 0xE2, 0xCB, 0x8D, 0x3F, 0xC1, 0xAC, 0x29, 0x44, 0x57, 0xE2, 0x88, 0xE1, 0xDE,
    0xA0, 0x2F, 0x39, 0x0E, 0xCF, 0xCC, 0xDA, 0xA6, 0x59, 0x4E, 0xAA, 0x20, 0x7A, 0x75, 0xD4, 0x71,
    0xC4, 0x25, 0xC6, 0x71, 0xA9, 0x1A, 0x8E, 0xC4, 0x7A, 0xB9, 0xF4, 0x59, 0x29, 0xA7, 0xC3, 0xA1,
    0x5B, 0xAF, 0x31, 0xCD, 0xC5, 0x72, 0x3A, 0x55, 0x16, 0x6B, 0xD7, 0x6C, 0xD2, 0xB9, 0xCC, 0xB9,
    0xDC, 0x3A, 0x6E, 0x10, 0x2D, 0x62, 0x8D, 0xE8, 0x9B, 0x6D, 0xB7, 0x3A, 0x7F, 0xB5, 0x1D, 0x7F,
    0x86, 0x5C, 0x17, 0x84, 0x68, 0x39, 0xF5, 0xD1, 0xFF, 0x01, 0x4F, 0x16, 0x9E, 0x8F, 0x3D, 0xB7,
    0x0C, 0x2C, 0x4B, 0x36, 0x28, 0xAB, 0xDA, 0xB3, 0x30, 0x71, 0x14, 0x89, 0x7A, 0xD6, 0xDC, 0xD2,
    0x0E, 0xA8, 0x93, 0x2B, 0x2F, 0x9A, 0xBB, 0x6B, 0xCF, 0x17, 0x08, 0x96, 0xF1, 0x10, 0xCD, 0x3A,
    0x6A, 0x7A, 0xD1, 0xD2, 0xCF, 0x56, 0x43, 0xE6, 0x2C, 0xBE, 0xB1, 0x5B, 0x6F, 0x87, 0x69, 0xB9,
    0x59, 0xA2, 0x6F, 0xBD, 0x8A, 0xD4, 0xC0, 0x00, 0x6C, 0xBB, 0x4B, 0xDA, 0xB9, 0xA6, 0xD8, 0x55,
    0x5C, 0x2C, 0x57, 0x75, 0x89, 0xC3, 0xD1, 0x7A, 0xE3, 0x73, 0x39, 0x9D, 0xD5, 0xBB, 0x6A, 0x94,
    0xED, 0xAB, 0x11, 0xAE, 0xB1, 0xE6, 0x08, 0xF2, 0x66, 0x46, 0x0A, 0xA9, 0xC0, 0xDB, 0xBC, 0x00,
    0xE2, 0x25, 0x56, 0xB8, 0x47, 0xFF, 0x36, 0x2F, 0xF0, 0xDA, 0xF4, 0x3B, 0x6A, 0x62, 0x9D, 0xF8,
    0xD7, 0xA7, 0xDF, 0x2E, 0xCC, 0xE1, 0x85, 0xE5, 0x17, 0x64, 0xAB, 0x5D, 0xC9, 0x59, 0x70, 0x09,
    0x93, 0x72, 0xB2, 0xD4, 0xA5, 0xA3, 0x23, 0xD8, 0x1F, 0x96, 0x55, 0x68, 0xE2, 0xA0, 0x07, 0x4C,
    0x83, 0xE3, 0xF6, 0xC5, 0x62, 0x3F, 0xD9, 0x06, 0xFA, 0x2A, 0xE3, 0x05, 0xB7, 0x22, 0x2A, 0x9C,
    0x6A, 0x70, 0x90, 0xDA, 0xE4, 0x5B, 0xF8, 0x28, 0xAC, 0x52, 0x03, 0x30, 0xC9, 0x05, 0xEC, 0x8D,
    0x28, 0x69, 0x75, 0x66, 0x5D, 0xCE, 0x69, 0x7F, 0x61, 0xB3, 0x9C, 0x4E, 0xD5, 0xCE, 0xB2, 0x3C,
    0xD9, 0x1E, 0x96, 0x6C, 0x28, 0x6A, 0xA1, 0x06, 0xAE, 0x82, 0x5C, 0x7C, 0xAB, 0x10, 0x80, 0x13,
    0xCF, 0x5E, 0x8A, 0xA2, 0xE7, 0xC2, 0xB8, 0xD4, 0xAF, 0x88, 0xA7, 0x8E, 0xD9, 0xA0, 0x83, 0x6D,
    0x0B, 0x4D, 0x6B, 0x00, 0x8A, 0x2A, 0xCA, 0x33, 0xE8, 0xD2, 0x02, 0x35, 0x2F, 0xAC, 0x34, 0xB9,
    0x13, 0x96, 0x65, 0xA9, 0xA5, 0x23, 0x5E, 0x90, 0xE9, 0x30, 0x4B, 0x96, 0xD3, 0x73, 0x58, 0x6F,
    0x67, 0xAA, 0x38, 0x9D, 0xEA, 0xF2, 0xD9, 0xC2, 0xF6, 0xB8, 0xF5, 0x9E, 0x5A, 0xE1, 0x89, 0x63,
    0x1E, 0x5C, 0x54, 0x80, 0x1E, 0x43, 0x0E, 0x10, 0x45, 0x96, 0x12, 0x00, 0xC4, 0xE1, 0xF7, 0x08,
    0x80, 0x8E, 0x4D, 0x21, 0xA7, 0xE3, 0x25, 0x8E, 0xD8, 0x08, 0x83, 0x7B, 0x44, 0xB7, 0x36, 0xCD,
    0x44, 0xDA, 0x5F, 0x9D, 0xA7, 0x6C, 0x54, 0x14, 0xB9, 0x58, 0x18, 0x8B, 0x74, 0x3A, 0x89, 0xF6,
    0xF1, 0xC2, 0x71, 0x25, 0x74, 0x0E, 0xC7, 0x60, 0x21, 0xBC, 0x1D, 0xF0, 0x00, 0xC4, 0x41, 0xA8,
    0x27, 0xF8, 0x10, 0x88, 0xE1, 0x4E, 0xD4, 0xD2, 0xF7, 0xA2, 0x4C, 0xC8, 0x42, 0x1B, 0x1C, 0x73,
    0xBC, 0x27, 0x24, 0x0A, 0xE4, 0x15, 0x19, 0x02, 0xBB, 0xA5, 0x61, 0xB6, 0x2D, 0x0D, 0x43, 0x35,
    0x3B, 0x18, 0xCD, 0x45, 0x3D, 0x52, 0xA4, 0x53, 0xCD, 0x3F, 0x21, 0x5F, 0x32, 0xC3, 0x14, 0x57,
    0xF2, 0x1F, 0xFF, 0xC5, 0x37, 0xD4, 0x32, 0xC5, 0x94, 0xEC, 0xFF, 0xDB, 0xA3, 0x20, 0xF5, 0x9F,
    0x6F, 0xAF, 0xF5, 0x73, 0x60, 0xB3, 0xEB, 0x8D, 0x02, 0xB6, 0x7D, 0x4A, 0xBE, 0xFC, 0x2D, 0x08,
    0xEA, 0x7F, 0x6E, 0x01, 0xB2, 0x58, 0xAA, 0x1F, 0xAB, 0x44, 0xD1, 0xC4, 0xD2, 0xF1, 0xAF, 0x48,
    0x17, 0x6E, 0xE0, 0x09, 0x90, 0x1C, 0xC8, 0x4E, 0x91, 0xA7, 0xF0, 0x1A, 0xA4, 0x50, 0x72, 0x95,
    0x3F, 0xD6, 0x3F, 0x06, 0xA2, 0x42, 0x8D, 0x93, 0x7F, 0x7D, 0x88, 0xDC, 0x6E, 0x4F, 0x8E, 0xE1,
    0xF1, 0xD3, 0xE3, 0x23, 0xB0, 0x8F, 0xC0, 0xFC, 0x08, 0x0E, 0x60, 0xE1, 0x89, 0x03, 0x7E, 0x0C,
    0x0C, 0x6E, 0xE0, 0x03, 0x78, 0xCE, 0xC0, 0xA4, 0x4F, 0xBA, 0x4F, 0x9E, 0x3C, 0x85, 0x66, 0x3B,
    0x06, 0x88, 0xA9, 0x1C, 0x1D, 0x27, 0x1E, 0x44, 0x60, 0xA2, 0x00, 0x4C, 0x9A, 0xD3, 0x95, 0xAE,
    0x9D, 0x18, 0xB1, 0xCD, 0xC2, 0x97, 0x72, 0x36, 0xDC, 0x6D, 0x30, 0xDF, 0x37, 0x84, 0x15, 0xCE,
    0xDA, 0xF6, 0x3F, 0x98, 0x99, 0x5D, 0xCD, 0x83, 0x4B, 0xB1, 0x1E, 0x50, 0x05, 0x36, 0x9A, 0x38,
    0x1E, 0x07, 0xED, 0xBF, 0x66, 0x0A, 0xC0, 0x86, 0xA5, 0x38, 0x6E, 0xD7, 0x84, 0xBD, 0xC3, 0x10,
    0x0A, 0xDF, 0x84, 0xBA, 0xE7, 0x7A, 0x36, 0xC8, 0x6B, 0xB2, 0x10, 0xEE, 0x3D, 0xC6, 0x47, 0xA6,
    0x8D, 0x22, 0xF3, 0xBC, 0xA6, 0x8A, 0x59, 0xEE, 0x84, 0x93, 0x61, 0xE6, 0x5A, 0x4E, 0x83, 0x22,
    0x99, 0xBB, 0x37, 0x6D, 0xE2, 0xE7, 0x3B, 0xDC, 0x44, 0x2E, 0x19, 0x39, 0xCD, 0x1F, 0xDF, 0x70,
    0xC9, 0x9B, 0xE5, 0x2B, 0x72, 0xB5, 0xEF, 0x99, 0xBB, 0x0C, 0x7A, 0x77, 0x8F, 0x7B, 0xAC, 0xFE,
    0xE5, 0xC5, 0x0D, 0xB9, 0x1A, 0xA5, 0x74, 0xD8, 0x02, 0xB8, 0xEF, 0x5D, 0x61, 0x03, 0x44, 0x5B,
    0x81, 0x01, 0x5E, 0xD7, 0x61, 0x41, 0x50, 0x17, 0x61, 0x93, 0xEC, 0x81, 0xF1, 0xC2, 0x05, 0x4E,
    0xB0, 0x8F, 0xB7, 0x7C, 0x58, 0x09, 0x0E, 0xC4, 0x06, 0x9B, 0x2D, 0xA7, 0x35, 0xCE, 0xEA, 0x9C,
    0x98, 0x76, 0x7B, 0x53, 0xBC, 0xA4, 0x31, 0x5C, 0x6E, 0x03, 0xDD, 0x70, 0x30, 0xEE, 0xDF, 0xEE,
    0x2B, 0xC3, 0x55, 0x06, 0x07, 0xCA, 0xB3, 0xC9, 0x4D, 0xE0, 0xA8, 0xB6, 0x78, 0xF1, 0x2C, 0x4C,
    0xCB, 0x05, 0xD1, 0x9E, 0x9A, 0x3C, 0x51, 0x45, 0x4A, 0x07, 0x63, 0x53, 0xF7, 0x52, 0xD6, 0x5F,
    0x2C, 0x2C, 0x4F, 0x79, 0xB2, 0x5E, 0x1A, 0x76, 0x9E, 0xC3, 0xC9, 0x4A, 0x53, 0x74, 0x20, 0x50,
    0x85, 0x83, 0x44, 0xCD, 0xCE, 0xB3, 0x70, 0xAF, 0x89, 0x42, 0x9A, 0x98, 0x79, 0xCA, 0x56, 0x63,
    0xE3, 0xEB, 0x94, 0x9A, 0xD8, 0xDB, 0x92, 0x9B, 0x43, 0x78, 0x79, 0xEB, 0xF5, 0xBA, 0x79, 0x15,
    0xF3, 0x64, 0xFB, 0x32, 0x41, 0x47, 0xD0, 0x10, 0xD4, 0x0C, 0x75, 0x8E, 0xEA, 0xBA, 0x3A, 0xDB,
    0xCC, 0xB6, 0xD3, 0xD1, 0x9C, 0x71, 0x05, 0x2C, 0x3E, 0x91, 0x01, 0x14, 0xF7, 0x90, 0x14, 0x11,
    0x1D, 0xDD, 0x6A, 0x02, 0xBC, 0x83, 0x51, 0xEA, 0x80, 0x0D, 0x66, 0xF6, 0x71, 0x5D, 0x56, 0x1E,
    0x24, 0x10, 0x51, 0x09, 0x95, 0xB3, 0x11, 0xA9, 0x14, 0x1A, 0x11, 0x54, 0xA4, 0xA8, 0x76, 0xB6,
    0xF9, 0x67, 0xD8, 0x6F, 0x6E, 0x09, 0xCF, 0xF0, 0xEC, 0x96, 0xF5, 0x0F, 0x3E, 0xC6, 0x56, 0xD3,
    0xF9, 0xF0, 0x82, 0xBB, 0x28, 0x02, 0x18, 0x6F, 0x27, 0xD5, 0x60, 0x86, 0x43, 0xE4, 0x37, 0xAF,
    0xE1, 0x20, 0x4D, 0xA2, 0xB3, 0xC1, 0x74, 0x1F, 0xA4, 0x4C, 0xB6, 0x5D, 0x4B, 0xC3, 0x91, 0xE1,
    0x60, 0xBF, 0xBC, 0x8E, 0xD2, 0x8E, 0x26, 0x06, 0xD5, 0x56, 0xD8, 0xFD, 0x62, 0xBB, 0x9D, 0x55,
    0x23, 0x1F, 0x6C, 0x3F, 0x70, 0x7D, 0xBD, 0xD9, 0xAF, 0x36, 0xA1, 0x81, 0x69, 0xA9, 0x4E, 0x91,
    0x54, 0x35, 0x17, 0xB6, 0xA6, 0x13, 0xC3, 0x39, 0x94, 0x2E, 0xD9, 0x18, 0x8A, 0xC0, 0x43, 0x13,
    0x4E, 0x50, 0xD3, 0x99, 0x0A, 0xFF, 0xF6, 0x12, 0xEB, 0xE8, 0xB8, 0xF5, 0x00, 0xA6, 0x91, 0xE1,
    0xF0, 0x72, 0x36, 0x8F, 0x02, 0x2C, 0x1D, 0x6D, 0x64, 0x5C, 0x93, 0xCC, 0xBC, 0x11, 0x69, 0xAE,
    0xAD, 0x6B, 0xB2, 0x95, 0x93, 0x99, 0x8A, 0xDE, 0x01, 0x0F, 0x27, 0x18, 0xF9, 0xB7, 0x0D, 0xD6,
    0xEE, 0xF6, 0x96, 0x27, 0xA8, 0x6A, 0x88, 0xF2, 0x54, 0x0B, 0xD9, 0x2D, 0xBB, 0x82, 0xC2, 0x87,
    0xD6, 0x17, 0x2F, 0x71, 0x80, 0xEC, 0x86, 0x5D, 0xE9, 0x32, 0xEF, 0x18, 0x86, 0x2D, 0x9C, 0xC0,
    0xAB, 0x0D, 0xF1, 0x76, 0x73, 0xEC, 0x7B, 0xB6, 0x56, 0x95, 0x8E, 0xAC, 0x1A, 0x0C, 0x70, 0x12,
    0x6B, 0xC9, 0x95, 0xC1, 0x4C, 0x89, 0xB1, 0xC1, 0x60, 0xA2, 0x25, 0x02, 0x47, 0x43, 0xB0, 0x06,
    0x89, 0xAF, 0x8B, 0x9D, 0xF5, 0x89, 0x76, 0xCC, 0xF3, 0x28, 0x5B, 0xF6, 0x25, 0xC5, 0x4A, 0xB9,
    0x17, 0xAF, 0xC4, 0xCE, 0xA9, 0x63, 0x6C, 0x9E, 0x54, 0x1B, 0xF3, 0xCC, 0x03, 0x08, 0x05, 0x44,
    0xC5, 0x26, 0xC5, 0x50, 0x09, 0x0F, 0xAE, 0x20, 0x0B, 0xC7, 0x06, 0x3E, 0xE7, 0xB5, 0x93, 0xFB,
    0xC5, 0xB2, 0x49, 0xF7, 0x40, 0x3D, 0x2E, 0xA2, 0x50, 0xBA, 0x07, 0x89, 0x01, 0x02, 0x44, 0x01,
    0xD5, 0x40, 0x17, 0x96, 0x6E, 0x3C, 0x5D, 0xE2, 0x60, 0x81, 0xCB, 0xC5, 0x6E, 0x67, 0x5D, 0x69,
    0x8B, 0xB4, 0xC8, 0x58, 0x96, 0xB2, 0x73, 0x36, 0x68, 0xDE, 0xEC, 0x74, 0xBC, 0x5D, 0x58, 0x34,
    0x28, 0xFE, 0x83, 0x40, 0x64, 0x88, 0x7D, 0x44, 0x9D, 0x52, 0x45, 0x01, 0x1C, 0xB0, 0x99, 0xF6,
    0x38, 0x98, 0xD5, 0x99, 0x8C, 0xBC, 0x58, 0x56, 0x6C, 0x96, 0xAB, 0x2B, 0x7E, 0x69, 0x25, 0x2E,
    0x10, 0x29, 0xD6, 0x74, 0x00, 0x3F, 0xCC, 0xDF, 0xD1, 0xFB, 0x3D, 0x7E, 0xBC, 0x5F, 0xF8, 0x66,
    0x43, 0x80, 0x43, 0xF8, 0x1E, 0x06, 0x59, 0xD7, 0xF4, 0x46, 0x95, 0xF0, 0x00, 0x67, 0x8E, 0x77,
    0xB2, 0xD4, 0x87, 0x11, 0x0A, 0xEE, 0x46, 0x48, 0xF0, 0x0C, 0x8D, 0x74, 0xAC, 0xBE, 0x13, 0x61,
    0x2B, 0x6F, 0xBB, 0x45, 0x38, 0x3C, 0xB3, 0xAE, 0xE4, 0xC3, 0x06, 0x19, 0x2F, 0x48, 0xA4, 0x51,
    0x6C, 0xA4, 0x51, 0x48, 0x0D, 0x52, 0x73, 0x47, 0x67, 0xCA, 0xB9, 0x9C, 0x57, 0x67, 0x68, 0x79,
    0x3B, 0x7F, 0x10, 0x0D, 0x45, 0x11, 0xD6, 0xB7, 0xBB, 0xDC, 0x72, 0xC3, 0x0D, 0xD3, 0x4D, 0x68,
    0x8E, 0xC2, 0x66, 0xBE, 0x6C, 0x66, 0x0E, 0x48, 0xDB, 0x20, 0xFD, 0x31, 0x62, 0xD9, 0x6E, 0xC4,
    0xDC, 0x63, 0x43, 0x6C, 0x37, 0x00, 0x1E, 0xB7, 0xB4, 0xD9, 0xF0, 0x5C, 0xAC, 0x86, 0xBB, 0xA5,
    0x2F, 0xD2, 0x94, 0x0E, 0xCE, 0x16, 0xA6, 0xB8, 0x39, 0x89, 0x5E, 0x98, 0xF1, 0xB6, 0x12, 0xBB,
    0x69, 0xC9, 0x72, 0x3A, 0x22, 0xB3, 0xB3, 0x95, 0x6E, 0x27, 0xA6, 0x54, 0x60, 0x88, 0xA2, 0xAF,
    0xCD, 0xA1, 0x6D, 0x70, 0xC5, 0x34, 0xBD, 0xB9, 0x48, 0xED, 0x6E, 0x1D, 0x6A, 0x67, 0x16, 0x34,
    0xEB, 0xD1, 0xCA, 0x48, 0x86, 0x7A, 0xB6, 0xCC, 0x1C, 0x86, 0xA1, 0x37, 0x65, 0x94, 0xAB, 0xEB,
    0xD9, 0xFE, 0xFC, 0x46, 0x46, 0xF9, 0x99, 0x5E, 0xA9, 0x83, 0x7F, 0xC4, 0x83, 0xB0, 0x21, 0x40,
    0x14, 0x36, 0x8C, 0x3D, 0xB3, 0xB2, 0x5F, 0x77, 0xC1, 0xBD, 0x16, 0xD0, 0x62, 0xDD, 0x04, 0xEF,
    0x72, 0x97, 0xBE, 0x1E, 0xDE, 0xE3, 0x69, 0x12, 0x38, 0x10, 0x04, 0xEE, 0x01, 0x6B, 0xB2, 0xB6,
    0x9C, 0x54, 0xCD, 0xDB, 0x37, 0x29, 0xE2, 0x3E, 0xCA, 0x15, 0x07, 0xE8, 0x99, 0x02, 0x9E, 0x98,
    0x92, 0xA9, 0xBA, 0x26, 0x68, 0x69, 0xD4, 0x34, 0x10, 0x05, 0x25, 0x48, 0x2D, 0xF6, 0xA3, 0x8B,
    0x55, 0x1F, 0xCD, 0x16, 0x6B, 0x44, 0x86, 0x63, 0x03, 0x65, 0xC6, 0x90, 0xA0, 0x12, 0x9A, 0xA8,
    0x1F, 0x84, 0x98, 0x2A, 0x48, 0x01, 0x0A, 0x48, 0x0C, 0xDC, 0x23, 0x05, 0x1B, 0x7B, 0x22, 0xD1,
    0xF0, 0x86, 0x3A, 0x0E, 0x3E, 0xD5, 0xC0, 0x0D, 0x50, 0x77, 0x30, 0x02, 0x4F, 0xE9, 0xD9, 0x6A,
    0x6C, 0xAE, 0x5D, 0x91, 0xE7, 0x41, 0xE1, 0x31, 0x18, 0xAF, 0x97, 0x26, 0x2F, 0x1C, 0x3D, 0x2F,
    0x13, 0xF4, 0x20, 0x50, 0x71, 0x34, 0x14, 0x6B, 0xB2, 0x1A, 0x86, 0xD9, 0xB0, 0x0C, 0x0A, 0x0F,
    0xCE, 0x06, 0xFD, 0xE6, 0x99, 0xBD, 0x2D, 0x38, 0xF9, 0x02, 0xB8, 0x05, 0x09, 0x91, 0x14, 0x2A,
    0xB3, 0x46, 0x62, 0x54, 0x0D, 0xF3, 0xFC, 0xD4, 0xEC, 0xAF, 0x08, 0x5A, 0x8E, 0x20, 0x1D, 0x45,
    0xF3, 0x02, 0x69, 0x55, 0xE6, 0x27, 0x9B, 0xE5, 0xEC, 0x22, 0xCD, 0xBB, 0xA9, 0xCB, 0x5D, 0xE9,
    0x6A, 0xE7, 0x76, 0x76, 0x6F, 0xF6, 0x06, 0xF5, 0xC1, 0x75, 0x44, 0x2F, 0xBE, 0x10, 0xEE, 0x78,
    0x38, 0x42, 0x0E, 0x75, 0x24, 0xC5, 0xF5, 0x6B, 0x92, 0xBD, 0x5A, 0xD4, 0xB8, 0x5F, 0x56, 0x41,
    0x2A, 0x21, 0x16, 0x96, 0xA9, 0x1E, 0x58, 0x02, 0x14, 0x15, 0x3A, 0x16, 0x77, 0x54, 0xD9, 0xE2,
    0xF5, 0xDD, 0x99, 0x2D, 0x78, 0xD8, 0xA5, 0x74, 0x60, 0x0A, 0x4F, 0x51, 0xF7, 0x1C, 0x35, 0x90,
    0x03, 0xD1, 0x90, 0x35, 0x3B, 0x5E, 0x8B, 0x18, 0xF2, 0xB2, 0x0D, 0x59, 0x13, 0xCA, 0x32, 0xB6,
    0xC2, 0xB6, 0x03, 0xE5, 0x90, 0xDD, 0x4F, 0x9D, 0x01, 0x21, 0xC8, 0x26, 0xF4, 0xE0, 0xF8, 0x1D,
    0x72, 0xC3, 0xDB, 0xC5, 0xA5, 0x5D, 0xC6, 0x93, 0xA5, 0xC9, 0x4A, 0x3A, 0x54, 0x6B, 0x9B, 0xE6,
    0x64, 0xAA, 0x0B, 0x44, 0x8E, 0x4B, 0xAC, 0x25, 0xDE, 0xFE, 0xE5, 0xD8, 0x3C, 0xD9, 0x1B, 0x01,
    0x24, 0x74, 0x2F, 0x06, 0x89, 0xB1, 0x85, 0x3B, 0x04, 0x74, 0x6D, 0x88, 0x57, 0xBD, 0x10, 0x0E,
    0x64, 0x62, 0xF9, 0x7B, 0xE8, 0x80, 0x65, 0xB2, 0xAE, 0xE9, 0xC6, 0xB1, 0x95, 0xE3, 0x33, 0x2B,
    0x47, 0x06, 0xC5, 0xD2, 0xCB, 0x69, 0x8D, 0xC3, 0x1D, 0x5E, 0x6E, 0xAA, 0xD3, 0xD5, 0xD5, 0x76,
    0xF6, 0x55, 0x35, 0x12, 0xA3, 0x5C, 0xE6, 0xA5, 0x2F, 0x9D, 0xC3, 0x60, 0x75, 0xBA, 0xB4, 0x71,
    0x1E, 0xD2, 0x2D, 0xC9, 0x53, 0xB3, 0xD9, 0xA2, 0xF6, 0xBC, 0xD9, 0xA1, 0x98, 0x6D, 0x6A, 0xBC,
    0x9C, 0xC9, 0x97, 0xDB, 0x7D, 0xB3, 0xDB, 0x6C, 0x66, 0x42, 0xAC, 0x37, 0x98, 0x8A, 0x10, 0x3D,
    0x0D, 0x65, 0xCD, 0x5E, 0x6F, 0xAA, 0xBF, 0x27, 0xCF, 0x33, 0x3F, 0xCC, 0xA3, 0xE0, 0x7B, 0xFD,
    0x62, 0xFD, 0x2E, 0x9E, 0x03, 0xEF, 0xEF, 0x2F, 0xEB, 0xEF, 0xCE, 0xE9, 0x08, 0xD1, 0xAC, 0x66,
    0xC8, 0x70, 0x3A, 0xD9, 0xEA, 0xBD, 0xC9, 0x80, 0xE3, 0x0D, 0x00, 0xEA, 0x53, 0x53, 0xD6, 0x5E,
    0x78, 0xEE, 0x49, 0x98, 0xC9, 0xEE, 0xB0, 0x90, 0x3F, 0xEA, 0xB2, 0x97, 0xF4, 0x3C, 0xF9, 0x3A,
    0xF2, 0x5C, 0xD2, 0x48, 0x27, 0x7D, 0xCE, 0x1B, 0x7A, 0x2D, 0x31, 0x80, 0x37, 0xE0, 0xA8, 0x27,
    0x73, 0xB2, 0x5A, 0xAD, 0xD1, 0xA2, 0xE5, 0x86, 0x68, 0x78, 0x25, 0xE8, 0x14, 0x04, 0xB9, 0x2F,
    0x77, 0x0B, 0x4B, 0xDA, 0xEC, 0xB5, 0xCE, 0x65, 0xC6, 0x1E, 0x34, 0x7C, 0xA6, 0x21, 0xB7, 0xC0,
    0x5E, 0x42, 0x40, 0xFE, 0x3B, 0x8F, 0x53, 0x5F, 0x43, 0xEA, 0x60, 0xAB, 0x49, 0xE7, 0xBE, 0xE3,
    0x54, 0xC7, 0x6C, 0x26, 0x33, 0x7A, 0x0C, 0x90, 0x26, 0x9E, 0x7B, 0x19, 0x1C, 0x35, 0x69, 0x0E,
    0x8E, 0x9B, 0x5E, 0xE2, 0x93, 0x3A, 0x89, 0x2E, 0xEB, 0x5F, 0xE0, 0x36, 0xDA, 0x1D, 0x7F, 0xBC,
    0xA8, 0x58, 0xF1, 0xA9, 0x06, 0xAA, 0x71, 0x58, 0xBF, 0xD8, 0x4C, 0x55, 0x19, 0xBC, 0xF7, 0xEF,
    0x26, 0xB3, 0x54, 0x6E, 0x70, 0x60, 0x1F, 0x83, 0xDC, 0xE1, 0x16, 0xE7, 0xFE, 0x86, 0x3B, 0x32,
    0x42, 0xA3, 0xE2, 0xD0, 0xEC, 0xA9, 0x17, 0x72, 0x17, 0x09, 0xFE, 0x7B, 0x44, 0xA1, 0x36, 0x2A,
    0x85, 0xE1, 0x01, 0x4A, 0xE1, 0x76, 0x61, 0xE7, 0x3B, 0xA5, 0x9C, 0x47, 0x45, 0xF3, 0xF6, 0xAE,
    0x92, 0xAF, 0x1F, 0x80, 0xF1, 0xE0, 0x10, 0xEB, 0x5D, 0x18, 0x7F, 0xA8, 0x0F, 0xC2, 0x7B, 0x3A,
    0x0A, 0xFB, 0xBB, 0x13, 0x16, 0xDD, 0x99, 0xD1, 0x03, 0x4A, 0xC4, 0xFB, 0x66, 0x34, 0xB0, 0xA2,
    0xE2, 0xB5, 0x8C, 0x06, 0xF4, 0x73, 0xD8, 0xEA, 0xCE, 0x01, 0xBD, 0x6E, 0xD0, 0x23, 0x1F, 0x4C,
    0xF5, 0xCE, 0xA4, 0x40, 0x0F, 0x1A, 0xC4, 0x04, 0xAF, 0x92, 0x55, 0x60, 0xD2, 0x84, 0x60, 0x38,
    0x46, 0x13, 0xD1, 0xBF, 0x6A, 0x77, 0x82, 0x20, 0xAB, 0xE5, 0x6E, 0xB1, 0xA1, 0x63, 0xA4, 0x35,
    0xDB, 0x36, 0x82, 0x78, 0x19, 0xBA, 0x46, 0xA2, 0xA9, 0x8D, 0x26, 0xF5, 0xF0, 0x00, 0xAB, 0x8F,
    0xD0, 0x9E, 0xA4, 0x82, 0xFB, 0x8A, 0xB3, 0xD9, 0x31, 0x7D, 0x19, 0xBC, 0xF5, 0xDC, 0x3F, 0x85,
    0x87, 0x3A, 0x2B, 0x6B, 0xF0, 0xD7, 0x4D, 0x0A, 0x57, 0x0F, 0x29, 0x43, 0xF1, 0x91, 0x39, 0x55,
    0xD5, 0x3D, 0xCB, 0x10, 0xDE, 0x93, 0x3D, 0x35, 0x3F, 0x57, 0x70, 0xD4, 0x92, 0xDB, 0xB7, 0x94,
    0xE4, 0x1C, 0x2F, 0x51, 0x78, 0xFE, 0xB2, 0x95, 0x86, 0x47, 0x6D, 0xF7, 0x4D, 0x0F, 0x2E, 0xE4,
    0x12, 0xB9, 0x8B, 0x04, 0x65, 0x5C, 0x36, 0x73, 0x90, 0x68, 0xBC, 0xDB, 0x26, 0x25, 0x88, 0xE3,
    0xC2, 0x59, 0x0A, 0x16, 0xDE, 0xD4, 0xA4, 0xDA, 0x5A, 0x10, 0x1D, 0x3F, 0x0D, 0xF2, 0x25, 0x3C,
    0xB3, 0x49, 0xA5, 0xC2, 0x4B, 0x85, 0x63, 0xF8, 0xC4, 0x90, 0xC8, 0x01, 0xE3, 0x8D, 0xBA, 0xDA,
    0x33, 0xAC, 0x25, 0x6E, 0x10, 0x47, 0x2E, 0xC7, 0xF1, 0xD6, 0xB3, 0x4B, 0xFB, 0x02, 0x87, 0xB3,
    0x28, 0xE1, 0x47, 0xCF, 0x5F, 0x6B, 0x49, 0x59, 0xAB, 0xCF, 0x0A, 0x7A, 0xBC, 0x70, 0x77, 0x8E,
    0xE8, 0x05, 0x0E, 0x70, 0x89, 0xB8, 0xC5, 0x6B, 0xF4, 0xE5, 0xDD, 0xC2, 0x95, 0xC0, 0x7A, 0x78,
    0xC8, 0x20, 0x3A, 0x48, 0xE3, 0x70, 0xFC, 0xB6, 0x9C, 0xC5, 0x8A, 0xBE, 0x63, 0xCA, 0x0A, 0x6A,
    0x7B, 0x44, 0xFD, 0x00, 0xB6, 0x84, 0xB7, 0xC2, 0xD5, 0x47, 0xE0, 0x4E, 0xA7, 0xF3, 0xEC, 0x74,
    0xE9, 0x99, 0x15, 0x89, 0xE3, 0x1A, 0x99, 0x3B, 0x5D, 0xCD, 0x5E, 0x27, 0x82, 0xDE, 0x36, 0x6D,
    0x10, 0xC8, 0x70, 0x89, 0xEE, 0x6D, 0xD3, 0x86, 0x5B, 0x35, 0x64, 0x90, 0x99, 0xBC, 0xA6, 0x86,
    0xAC, 0x03, 0x1D, 0xB9, 0x5B, 0x37, 0x14, 0xCC, 0x76, 0x56, 0x09, 0x7F, 0xBA, 0xDB, 0xBE, 0x32,
    0xF7, 0xE5, 0x0A, 0x97, 0x38, 0xC4, 0x1B, 0x4F, 0xFC, 0x37, 0x07, 0x0C, 0xA0, 0x7B, 0x7C, 0xEA,
    0x0E, 0xFE, 0xC5, 0xC7, 0xB6, 0x94, 0xE8, 0x31, 0x6B, 0x6F, 0x1C, 0xA2, 0xBD, 0x79, 0xC0, 0x0D,
    0x56, 0xA8, 0x79, 0x14, 0x62, 0x1E, 0xBE, 0x84, 0x72, 0x38, 0x68, 0xBC, 0x01, 0x83, 0x88, 0xF5,
    0x71, 0x87, 0xC6, 0xF7, 0xDD, 0xBA, 0x2B, 0x3F, 0x98, 0x13, 0x4C, 0xF0, 0x46, 0x40, 0x25, 0xAC,
    0x34, 0x38, 0x6E, 0x2F, 0xD5, 0x6E, 0xB7, 0xD9, 0xAF, 0xB6, 0x93, 0x57, 0xD2, 0xAB, 0xD0, 0x52,
    0x37, 0xAB, 0x15, 0x0E, 0x90, 0xBA, 0x43, 0x33, 0xC2, 0xA1, 0x47, 0x13, 0x3F, 0x49, 0xF2, 0x7D,
    0x1B, 0x0E, 0x50, 0x44, 0x1E, 0xF7, 0xA6, 0x45, 0x66, 0xB4, 0x42, 0xB9, 0x79, 0x35, 0x7D, 0xC4,
    0x5C, 0x71, 0x08, 0xAD, 0x34, 0xFC, 0x11, 0xE2, 0x84, 0x06, 0xAB, 0xDF, 0x91, 0xAB, 0x08, 0xEA,
    0xC4, 0x6D, 0x83, 0x40, 0xB0, 0xC9, 0x57, 0xFC, 0x70, 0x4B, 0x91, 0xDB, 0x17, 0xE1, 0xE6, 0x08,
    0x45, 0x2D, 0x15, 0xBE, 0x06, 0xB6, 0x27, 0x46, 0xE3, 0x57, 0x36, 0xE6, 0x88, 0xE8, 0xA3, 0xB5,
    0xD7, 0x7A, 0xBA, 0xEA, 0xCF, 0x6E, 0xF1, 0x6E, 0xB6, 0x4D, 0x81, 0x3C, 0x71, 0xE0, 0x5A, 0x11,
    0xCC, 0x72, 0x32, 0x9D, 0x0E, 0x87, 0x2C, 0x4D, 0xB3, 0xBC, 0x29, 0xB0, 0x9C, 0x20, 0x0F, 0x34,
    0x44, 0xEB, 0x33, 0xF5, 0x65, 0x73, 0x36, 0x46, 0x8A, 0x23, 0xFF, 0x62, 0xF7, 0xF6, 0x4B, 0x88,
    0xD8, 0x57, 0xD3, 0x60, 0x4B, 0x36, 0x1A, 0x5E, 0xF2, 0x3C, 0x0F, 0x3D, 0x97, 0x56, 0x21, 0x67,
    0x0E, 0x9C, 0x5C, 0x6C, 0x07, 0x73, 0x5E, 0x96, 0x8D, 0x48, 0x6B, 0x76, 0x11, 0x74, 0xFB, 0xBE,
    0x5D, 0x98, 0x5D, 0x84, 0x67, 0x19, 0xE4, 0xE0, 0xEA, 0x67, 0x76, 0xD3, 0xB4, 0x21, 0x9E, 0x09,
    0x8B, 0xF1, 0xAE, 0xE6, 0x90, 0xCB, 0x1D, 0xAE, 0xB0, 0x2D, 0x56, 0x54, 0x99, 0x33, 0xC5, 0xCB,
    0xD0, 0x9E, 0x22, 0x3D, 0x7C, 0xCE, 0xCB, 0xDC, 0x95, 0x37, 0x8C, 0x3F, 0x84, 0x69, 0xCE, 0xBE,
    0xFD, 0x32, 0x02, 0x53, 0xFC, 0x8A, 0x3B, 0x0E, 0x7D, 0x71, 0x84, 0x53, 0x9F, 0x6C, 0xF5, 0xAE,
    0xF6, 0xAD, 0x51, 0x88, 0x8E, 0xAD, 0x67, 0xCA, 0xB3, 0xCC, 0x6E, 0x26, 0x73, 0x56, 0x86, 0xC3,
    0x8C, 0xD5, 0xC2, 0xE2, 0x44, 0xFF, 0x83, 0x79, 0x75, 0x6D, 0xA0, 0x5C, 0xAF, 0x66, 0xA3, 0x1E,
    0x34, 0xF0, 0x88, 0xF7, 0x6A, 0x67, 0x20, 0x41, 0x8E, 0x0D, 0x94, 0x9F, 0x18, 0xAE, 0x65, 0xD2,
    0xCA, 0x31, 0x00, 0x1E, 0x1F, 0x3E, 0x08, 0xF4, 0x08, 0xF8, 0xC0, 0x7A, 0x31, 0x55, 0x96, 0x7F,
    0x8A, 0x12, 0xD1, 0xE7, 0x3F, 0x02, 0xBC, 0xAC, 0xD0, 0x7B, 0x80, 0xE9, 0x65, 0x69, 0x80, 0x04,
    0xE5, 0xFE, 0xE8, 0xC5, 0x76, 0x16, 0x3C, 0x9F, 0x5B, 0x00, 0xDA, 0x7F, 0xF9, 0x6C, 0x5D, 0x61,
    0x10, 0x89, 0xDA, 0xD0, 0x56, 0x5E, 0x37, 0xB6, 0x8C, 0x13, 0x08, 0x5E, 0xFA, 0x48, 0x79, 0xE1,
    0xDC, 0x97, 0xC9, 0xAD, 0x17, 0xF5, 0x78, 0x80, 0x00, 0x96, 0x13, 0xDB, 0xA3, 0xBA, 0xA0, 0x56,
    0x12, 0x2B, 0xA8, 0x29, 0x98, 0xC2, 0x95, 0x97, 0x1B, 0x4F, 0x80, 0x26, 0xB5, 0x68, 0x4E, 0xB7,
    0x23, 0x87, 0xCC, 0xE2, 0x50, 0x6E, 0xBD, 0x58, 0xD4, 0x40, 0x51, 0x04, 0xBA, 0xE0, 0x90, 0x48,
    0x6C, 0xA2, 0xEC, 0x26, 0x59, 0xFD, 0x07, 0x7F, 0xF0, 0xF7, 0xCC, 0xA9, 0xD9, 0x4E, 0x56, 0x83,
    0xD9, 0x90, 0xE5, 0x69, 0x91, 0x5B, 0x69, 0xA4, 0xC2, 0xC4, 0x27, 0x8E, 0x58, 0x1A, 0x9D, 0xBE,
    0xC4, 0x55, 0xB1, 0xC0, 0x21, 0x87, 0x3A, 0xA9, 0x89, 0x63, 0x96, 0x1B, 0x61, 0xF6, 0xE3, 0x55,
    0x58, 0xDB, 0x9E, 0xA6, 0x65, 0xD3, 0x78, 0x4C, 0xA1, 0x35, 0x24, 0x4E, 0x4C, 0x6B, 0xAC, 0xF2,
    0x75, 0xE5, 0x71, 0xE5, 0x85, 0xC1, 0xDB, 0xD7, 0x03, 0x90, 0x68, 0x70, 0x90, 0x17, 0xF4, 0x3C,
    0x59, 0xB5, 0x23, 0xA6, 0x4F, 0x2A, 0x75, 0x62, 0x7B, 0x12, 0xE3, 0x44, 0xCE, 0x35, 0xA2, 0xFB,
    0x3D, 0x55, 0x18, 0x1D, 0x3D, 0xDB, 0x55, 0x33, 0x27, 0x77, 0x38, 0x43, 0xB9, 0xA9, 0x63, 0xEF,
    0xBC, 0x45, 0x40, 0x20, 0x05, 0x17, 0xE8, 0x3B, 0x39, 0x46, 0x76, 0x51, 0x9E, 0x2C, 0x9A, 0x79,
    0x7D, 0xB6, 0xBF, 0xC4, 0x2D, 0x06, 0x23, 0x03, 0x3E, 0xA9, 0xC5, 0xC0, 0x15, 0x54, 0x95, 0x3F,
    0x6F, 0xAE, 0x90, 0x8D, 0x9D, 0x20, 0xA6, 0x8C, 0x3A, 0xBB, 0xFF, 0x17, 0xEA, 0xED, 0x01, 0xC6,
    0x9E, 0x10, 0xA0, 0x88, 0xF2, 0x64, 0x30, 0xF0, 0x6E, 0xC3, 0xA4, 0x43, 0x13, 0x20, 0x06, 0xCA,
    0x87, 0xBB, 0x99, 0x0F, 0x1C, 0xBE, 0xB9, 0xCB, 0xDB, 0x71, 0x44, 0x99, 0x68, 0xE8, 0x26, 0xE6,
    0x87, 0x38, 0xA4, 0x87, 0x26, 0x6F, 0x14, 0x3A, 0x54, 0x89, 0xC4, 0xB3, 0xAC, 0xA5, 0xB8, 0x02,
    0x33, 0x62, 0xD8, 0xC0, 0xCB, 0xDD, 0x75, 0x35, 0xB8, 0xC8, 0xE3, 0xDA, 0xBA, 0xBE, 0x82, 0x63,
    0x60, 0xA1, 0x4D, 0x3D, 0xFD, 0x81, 0x09, 0x19, 0xAA, 0x3A, 0xF0, 0xBC, 0xA0, 0x46, 0x0E, 0xEE,
    0x5A, 0x07, 0x9C, 0xB5, 0xA9, 0x3C, 0xFF, 0x81, 0xA9, 0xD8, 0x90, 0x8A, 0x7E, 0x5F, 0x2A, 0x07,
    0x37, 0xFC, 0x4F, 0xF4, 0x0F, 0x4B, 0x25, 0x3A, 0x90, 0xFE, 0xA9, 0x7A, 0x5F, 0x2A, 0x89, 0xFD,
    0x41, 0x45, 0x08, 0x90, 0xB6, 0x4A, 0x8A, 0xE3, 0xF7, 0x3B, 0xB3, 0x86, 0x43, 0xD7, 0x7C, 0xB5,
    0x94, 0x8F, 0x76, 0x92, 0x59, 0xF4, 0x29, 0x02, 0x3F, 0x7B, 0xD0, 0x52, 0xBE, 0x23, 0x30, 0x34,
    0x19, 0x1C, 0x15, 0xF2, 0xCC, 0x25, 0xEF, 0xAE, 0xB8, 0xF6, 0x0B, 0x0B, 0x04, 0x1E, 0xFD, 0xA0,
    0x54, 0xA2, 0x41, 0xCA, 0xA3, 0x26, 0x95, 0xEE, 0x9D, 0xA9, 0x24, 0x06, 0xCA, 0xDF, 0xA1, 0x2C,
    0xD1, 0x7F, 0xED, 0xA3, 0x9B, 0xB2, 0xBC, 0xBF, 0x11, 0xDC, 0xA6, 0xF2, 0xF0, 0x46, 0x70, 0xD6,
    0x96, 0xE5, 0xDD, 0x8D, 0xE0, 0xDE, 0x02, 0x9C, 0x3B, 0x1A, 0xC1, 0x41, 0x9C, 0xF3, 0xFE, 0x46,
    0xF0, 0x1E, 0xDB, 0x6E, 0x08, 0x11, 0x73, 0xB0, 0xF4, 0xAE, 0xAF, 0x16, 0xDD, 0xB8, 0xD3, 0x65,
    0xAA, 0x84, 0x7B, 0x38, 0x64, 0xA5, 0x8A, 0x43, 0xE7, 0x6E, 0x93, 0xAE, 0xF4, 0x79, 0x74, 0xD6,
    0xF4, 0x3E, 0x4C, 0xAC, 0x2B, 0xC7, 0xFE, 0xD1, 0xD3, 0xBB, 0x30, 0xC1, 0x71, 0x18, 0xAD, 0x8E,
    0x6F, 0x46, 0xAB, 0x24, 0x3A, 0x7A, 0xC5, 0xFD, 0xC1, 0xBD, 0x62, 0x7B, 0xB5, 0x89, 0x57, 0xB8,
    0x89, 0x57, 0x90, 0xC5, 0x71, 0x27, 0x3E, 0x40, 0x5F, 0xBE, 0xC7, 0x7D, 0x7A, 0x28, 0xC7, 0xA1,
    0x4F, 0x13, 0x8C, 0x50, 0xB7, 0x94, 0x25, 0x46, 0x78, 0xC3, 0xE9, 0x61, 0x60, 0x99, 0xE0, 0xE8,
    0x5E, 0x78, 0x99, 0xEA, 0x24, 0xFA, 0xBE, 0x78, 0x6D, 0xC0, 0x7B, 0x9F, 0xFC, 0xC6, 0x4A, 0xFD,
    0x29, 0xDC, 0x13, 0xEF, 0xA1, 0x6E, 0xEF, 0x81, 0xF7, 0x9E, 0x1F, 0xCF, 0x00, 0x80, 0x24, 0x12,
    0x06, 0xEA, 0x1E, 0x4E, 0xE5, 0x01, 0x8E, 0x20, 0xD0, 0x09, 0x0A, 0xBF, 0x7E, 0xC3, 0xFF, 0xE7,
    0xC9, 0xE6, 0xEB, 0x64, 0x75, 0xEB, 0x6E, 0xF2, 0x0D, 0x11, 0xFD, 0x27, 0xD8, 0x7D, 0xDD, 0xD8,
    0x0E, 0x4E, 0xB1, 0xFB, 0x20, 0x8B, 0xF9, 0x06, 0xBA, 0x90, 0x03, 0x0B, 0x73, 0xE3, 0x9D, 0x06,
    0xAB, 0xAF, 0xDC, 0xD2, 0x12, 0x03, 0x0E, 0x8E, 0x7E, 0xC0, 0x57, 0x2E, 0x02, 0x6B, 0x49, 0xDF,
    0xEB, 0x51, 0x3E, 0x74, 0xE7, 0xB8, 0xBA, 0xE5, 0x30, 0xE7, 0x3C, 0x7B, 0xB0, 0x78, 0x08, 0xB2,
    0x30, 0xCB, 0x13, 0x95, 0x41, 0x4D, 0x6A, 0x56, 0x40, 0xFB, 0x3D, 0x85, 0x29, 0x36, 0xA4, 0x3A,
    0xCB, 0x5A, 0x56, 0x25, 0xF8, 0x85, 0x1F, 0x20, 0xA9, 0x13, 0x0D, 0x05, 0x1C, 0x85, 0xE4, 0xBA,
    0x3F, 0x3C, 0x39, 0x1B, 0xF2, 0x9A, 0xE8, 0xFB, 0x26, 0xC7, 0x21, 0x51, 0xBF, 0x4B, 0xE9, 0x6C,
    0x62, 0x41, 0xDF, 0xB3, 0x74, 0x87, 0xEF, 0x83, 0xFC, 0x54, 0xFD, 0xE0, 0xE4, 0xD8, 0xD3, 0x20,
    0x0A, 0xF9, 0x6B, 0xB8, 0x57, 0x72, 0x3F, 0xF8, 0x3B, 0x26, 0x00, 0x1D, 0x60, 0x8A, 0x18, 0xE8,
    0xDE, 0xF3, 0x8B, 0x02, 0x00, 0xD1, 0x24, 0x9F, 0xA8, 0x9B, 0x05, 0xEB, 0x0C, 0x88, 0x46, 0xDB,
    0xBA, 0xF6, 0xBC, 0x57, 0x92, 0x91, 0x1E, 0x3F, 0xEE, 0x74, 0xC1, 0x04, 0x81, 0xF5, 0xBB, 0xD2,
    0x39, 0x7C, 0x0B, 0xE6, 0xE1, 0xE8, 0xE3, 0x47, 0x16, 0xDE, 0x8B, 0xFE, 0xD0, 0x97, 0x1E, 0x8E,
    0x3E, 0xF6, 0xA5, 0xF7, 0xA2, 0xBF, 0xF9, 0x3C, 0xCC, 0xEC, 0xA1, 0xE8, 0x1F, 0x3D, 0xE7, 0x5A,
    0xFC, 0xFA, 0x17, 0xEF, 0x41, 0xFF, 0x03, 0x5C, 0x91, 0x01, 0x6D, 0xCB, 0xDC, 0xB9, 0x8F, 0x57,
    0x32, 0x88, 0x5E, 0x6E, 0xC1, 0x3C, 0xC0, 0xD1, 0x11, 0xD1, 0x6D, 0x78, 0xE7, 0x67, 0xEC, 0xE0,
    0xE0, 0x40, 0x9D, 0x6A, 0x6A, 0x12, 0xFD, 0x90, 0x2F, 0xCA, 0x1C, 0x26, 0xFA, 0x3B, 0x56, 0x60,
    0x5B, 0x28, 0x0E, 0x4D, 0xF1, 0x9B, 0xA8, 0xDC, 0xEF, 0xDD, 0xB1, 0xC2, 0xA6, 0xD7, 0xE3, 0xD8,
    0x0F, 0xB5, 0x4D, 0x34, 0x10, 0x43, 0xD5, 0xD1, 0x71, 0xD6, 0x05, 0xCF, 0x3C, 0xAF, 0xF3, 0x37,
    0x2C, 0x94, 0x7B, 0xA5, 0x74, 0x41, 0x89, 0xFD, 0x1C, 0x18, 0x24, 0x51, 0xC1, 0xF7, 0x60, 0xF4,
    0x29, 0x64, 0x90, 0x1D, 0x1F, 0xBF, 0x07, 0x3D, 0xD5, 0x49, 0x78, 0x2D, 0x0F, 0xCF, 0x7D, 0x98,
    0x15, 0x8E, 0xDE, 0x8F, 0xFE, 0x98, 0x78, 0x40, 0xF8, 0xA3, 0xE1, 0x83, 0x73, 0xFF, 0x5C, 0x6A,
    0xFC, 0x37, 0x5F, 0xDF, 0x8D, 0xFE, 0x87, 0x78, 0xB0, 0x7B, 0x65, 0xF4, 0x73, 0x0F, 0x67, 0x76,
    0x00, 0x19, 0x38, 0xB0, 0xA1, 0xE3, 0xA9, 0xF8, 0x08, 0x7D, 0xD8, 0x37, 0x7F, 0x78, 0xFC, 0xE0,
    0x4A, 0x76, 0x4F, 0x79, 0xF4, 0x43, 0x0C, 0x51, 0x02, 0xDC, 0xFE, 0xF3, 0x9E, 0x95, 0x1E, 0xBF,
    0xF6, 0xBB, 0x9D, 0x1D, 0x6B, 0x62, 0xA0, 0x0E, 0xB3, 0xDE, 0xC3, 0xCA, 0x40, 0x55, 0x9C, 0xBE,
    0xEF, 0x5B, 0x06, 0xF2, 0x65, 0xC4, 0xF4, 0x63, 0xFD, 0xA0, 0x44, 0xE2, 0x97, 0x62, 0xD4, 0x5F,
    0xDF, 0x37, 0x11, 0x44, 0x34, 0xED, 0x4E, 0x62, 0x00, 0x79, 0x43, 0xC0, 0xE3, 0x0D, 0x18, 0xF8,
    0xCE, 0x05, 0xC4, 0x0F, 0x8D, 0x5E, 0xBE, 0x67, 0xE7, 0x10, 0x11, 0x18, 0xA2, 0x85, 0x27, 0x9B,
    0xAF, 0x4F, 0x56, 0xE7, 0xDD, 0x8F, 0xB7, 0xE7, 0x27, 0xD3, 0xEC, 0xF9, 0xE9, 0x55, 0x75, 0xFA,
    0x8D, 0xF9, 0xB4, 0x31, 0xA2, 0xDE, 0xCC, 0x9E, 0x3C, 0xF9, 0xF9, 0xD7, 0xD9, 0x32, 0x7C, 0x20,
    0xF2, 0x74, 0xF5, 0xF2, 0x53, 0xFD, 0x71, 0xF5, 0xD5, 0xEA, 0xAB, 0xD5, 0xCB, 0xD5, 0x97, 0xDB,
    0x2F, 0x7F, 0xAE, 0x4E, 0x66, 0x27, 0xD5, 0xC7, 0xD5, 0xB3, 0x55, 0xB6, 0xCA, 0x96, 0x10, 0x96,
    0x35, 0xBF, 0xDC, 0x9C, 0x9F, 0xCE, 0x3E, 0x5E, 0x3D, 0x79, 0x4E, 0xA3, 0x00, 0x45, 0x6E, 0x51,
    0xDA, 0x83, 0x30, 0x85, 0x86, 0xE5, 0xF9, 0x6F, 0xFC, 0x4D, 0xFD, 0x6B, 0xF7, 0xBB, 0x14, 0x80,
    0x8F, 0x66, 0x61, 0xC9, 0x51, 0x2F, 0x85, 0xA4, 0x3F, 0x9D, 0xE1, 0xCB, 0xAE, 0x0A, 0x9F, 0x2E,
    0x2C, 0x4E, 0xA7, 0x3E, 0xB7, 0x9B, 0x0F, 0xA0, 0x28, 0x3E, 0x8B, 0x2B, 0x2A, 0x6D, 0x73, 0xF1,
    0x01, 0x84, 0x5B, 0x59, 0xA2, 0xA1, 0xA6, 0x8A, 0xD4, 0x47, 0x40, 0x8F, 0x33, 0x38, 0x2A, 0x2C,
    0x74, 0xD6, 0x1A, 0x3E, 0x9E, 0x02, 0xC8, 0xC0, 0x8A, 0x1F, 0x03, 0x14, 0x06, 0x80, 0x4C, 0xFB,
    0x9A, 0x8A, 0xA1, 0xE9, 0xC8, 0x4B, 0x5D, 0xAC, 0x3E, 0x53, 0xCB, 0xAF, 0x57, 0xFD, 0xC1, 0x5F,
    0x7C, 0xCD, 0xE8, 0xE9, 0x97, 0x19, 0xDB, 0xBA, 0x2E, 0x9B, 0x1A, 0x78, 0x44, 0x20, 0x60, 0x83,
    0x1E, 0xD1, 0x00, 0x48, 0x14, 0xC0, 0x8A, 0x86, 0xDD, 0x10, 0x9A, 0xDD, 0x17, 0x61, 0xD7, 0x01,
    0x00, 0xCC, 0xA0, 0x45, 0x0B, 0x59, 0x17, 0x1A, 0x58, 0x1B, 0x5B, 0xC2, 0x6A, 0x5D, 0xFB, 0x64,
    0xDA, 0x64, 0x9C, 0x4C, 0x3F, 0xF9, 0x8B, 0x19, 0x19, 0x7E, 0x32, 0x9A, 0x52, 0xD6, 0x9C, 0x35,
    0xF8, 0xFF, 0xA2, 0x4A, 0xE9, 0xBE, 0xF6, 0x1D, 0xB2, 0x76, 0x35, 0x80, 0x7E, 0x7E, 0xFC, 0xD9,
    0x75, 0x53, 0xB3, 0xDD, 0xD5, 0xF9, 0xBA, 0x4A, 0xD7, 0x55, 0x67, 0xFD, 0x75, 0xA7, 0xBB, 0xB8,
    0x2A, 0x30, 0x15, 0xD3, 0xE1, 0x7A, 0xF9, 0xB2, 0x5B, 0x75, 0x3E, 0x19, 0xA4, 0x9F, 0xBF, 0x5C,
    0x3D, 0xAB, 0x3E, 0x9D, 0xA5, 0xEB, 0x55, 0xFA, 0xE9, 0xEA, 0x8B, 0x62, 0xF5, 0xC5, 0xA7, 0x93,
    0x97, 0x4D, 0x94, 0x67, 0xD3, 0xE1, 0xA7, 0xCB, 0xAB, 0xE3, 0xED, 0x17, 0x1F, 0x2D, 0x07, 0x2C,
    0xB1, 0xA2, 0xFF, 0xF2, 0xA4, 0x3A, 0x02, 0x3A, 0x6D, 0x60, 0xB2, 0x68, 0xD7, 0x9A, 0x14, 0xC0,
    0xE3, 0x6A, 0x6B, 0x13, 0x7A, 0x54, 0xF3, 0x67, 0x01, 0x44, 0x27, 0x86, 0xFE, 0x2D, 0xC5, 0xFE,
    0x56, 0xE3, 0x04, 0xAF, 0xAB, 0xAB, 0x2D, 0x0A, 0xA4, 0x4D, 0x38, 0x43, 0xF5, 0xDF, 0x28, 0x06,
    0x04, 0x8A, 0x93, 0xC5, 0x6A, 0x70, 0x9E, 0xBE, 0x75, 0x30, 0x90, 0xA6, 0xC5, 0xE9, 0x72, 0x35,
    0xF8, 0xF3, 0xC7, 0xB7, 0x5F, 0x05, 0xFF, 0x78, 0x31, 0x67, 0x56, 0x92, 0xF0, 0xBA, 0x5E, 0x7D,
    0x15, 0x5C, 0xFF, 0x08, 0x62, 0x6B, 0x7C, 0x0E, 0xFF, 0xC8, 0xB0, 0x39, 0xD6, 0x12, 0xB5, 0xB4,
    0x40, 0x11, 0x10, 0x39, 0x5E, 0x3B, 0xF2, 0xB7, 0x40, 0x00, 0x54, 0x46, 0xE3, 0x5A, 0x70, 0x5D,
    0x70, 0x6A, 0x7C, 0xE3, 0xF4, 0xE1, 0xE7, 0x00, 0x90, 0xD8, 0xA4, 0x06, 0x0F, 0x12, 0x84, 0xE2,
    0x9A, 0xEA, 0x4E, 0x47, 0x8C, 0x46, 0xF3, 0x59, 0xB5, 0xDA, 0x6E, 0xF6, 0xCE, 0xB9, 0xE3, 0xE3,
    0x80, 0x15, 0x1E, 0xC5, 0x61, 0x2B, 0x83, 0x63, 0xE8, 0xB6, 0x9E, 0xFB, 0x82, 0x76, 0x8A, 0xC2,
    0x51, 0x1C, 0x6A, 0x8E, 0xA1, 0x80, 0x2E, 0x18, 0x78, 0xF5, 0x41, 0xE1, 0x6D, 0x35, 0x7F, 0x79,
    0xF3, 0x41, 0xE1, 0x9B, 0x6F, 0x06, 0x9F, 0x36, 0x7F, 0xBE, 0xFA, 0x66, 0x30, 0x55, 0x29, 0xA9,
    0x99, 0xC5, 0x09, 0x8A, 0x50, 0xA4, 0xF3, 0xDC, 0x6E, 0x26, 0xD1, 0x26, 0x4E, 0x73, 0x62, 0x99,
    0xAE, 0x89, 0xE5, 0x50, 0x12, 0xCD, 0xC0, 0x91, 0xF8, 0xBD, 0x53, 0x80, 0x66, 0x67, 0x6E, 0x3F,
    0xE8, 0x9E, 0xC0, 0x8F, 0x80, 0x2A, 0x8B, 0x74, 0x58, 0x67, 0xB8, 0x5E, 0x0D, 0x87, 0x59, 0x56,
    0x24, 0x4B, 0xCD, 0x53, 0x62, 0xAD, 0xA0, 0x61, 0xCD, 0x7B, 0x62, 0x1C, 0x23, 0xAA, 0x00, 0x00,
    0xF3, 0x6A, 0x25, 0xF6, 0x8F, 0x40, 0x17, 0x8C, 0xF6, 0xEB, 0x42, 0xAE, 0x86, 0x58, 0xAC, 0xB7,
    0x43, 0x56, 0xC0, 0x56, 0xF1, 0x82, 0xAE, 0x54, 0x5D, 0xB0, 0x81, 0xB2, 0xF1, 0x73, 0xC7, 0x00,
    0xCD, 0xAE, 0xE0, 0x2C, 0x58, 0xE9, 0x10, 0xF8, 0x99, 0x44, 0xC4, 0x4B, 0x9B, 0x12, 0xDD, 0x3D,
    0x7A, 0xE5, 0x5C, 0xD9, 0x76, 0x88, 0xB2, 0x29, 0x80, 0xA4, 0x28, 0xAE, 0x11, 0xE5, 0x3E, 0x2E,
    0xAC, 0x0A, 0xBE, 0x7C, 0xAA, 0xD9, 0xD3, 0x57, 0x72, 0x59, 0x60, 0xEB, 0xE6, 0xFF, 0x1A, 0x57,
    0x28, 0x1A, 0xC1, 0x6B, 0xEF, 0x04, 0xA7, 0x5E, 0xF6, 0x91, 0xD7, 0xAB, 0x95, 0xF8, 0x37, 0xD7,
    0xB3, 0x6F, 0x7B, 0x9F, 0x6D, 0x90, 0xDB, 0xB7, 0xBE, 0xF9, 0x1F, 0x3A, 0x14, 0x00, 0xD0, 0xF3,
    0x62, 0x33, 0xEB, 0x74, 0x29, 0x26, 0xAF, 0xBD, 0xC0, 0xFB, 0xC1, 0x23, 0x20, 0x3D, 0xB8, 0x8E,
    0x6B, 0x49, 0x29, 0xC2, 0xE3, 0x64, 0xFC, 0xC7, 0xB2, 0xAA, 0x25, 0x5F, 0xF9, 0xEA, 0x7F, 0xFB,
    0x77, 0xC7, 0x00, 0xBA, 0xF3, 0x9F, 0xFF, 0x2F, 0x1E, 0xA7, 0x6B, 0x2F, 0xBF, 0xAD, 0xFF, 0x82,
    0x28, 0x00, 0x02, 0xC9, 0x04, 0xD6, 0xE6, 0xD8, 0x75, 0x04, 0x63, 0xFD, 0xB3, 0xB1, 0x06, 0x7B,
    0xF8, 0xFC, 0x26, 0x1D, 0x9C, 0x4D, 0xAC, 0xA9, 0x0B, 0xD1, 0xA1, 0x5F, 0xC4, 0x59, 0x08, 0xB8,
    0x12, 0x76, 0x8E, 0x2B, 0xE1, 0xA8, 0x03, 0x4B, 0x3C, 0xA0, 0x67, 0xD1, 0xB5, 0x13, 0x50, 0xA0,
    0x6A, 0x1E, 0xC8, 0x37, 0xB1, 0xC4, 0x00, 0x62, 0x81, 0x53, 0xFC, 0xE7, 0x35, 0x55, 0xDD, 0xC5,
    0x34, 0x5B, 0x2F, 0xEB, 0x62, 0x7D, 0x95, 0x9D, 0x54, 0x69, 0xD3, 0x71, 0x3A, 0xA7, 0xD3, 0xA3,
    0x67, 0x93, 0x61, 0x83, 0x7F, 0xBA, 0xC7, 0x8D, 0xEB, 0xF1, 0xD9, 0x66, 0xBE, 0x72, 0xC5, 0xB7,
    0x11, 0xD8, 0x60, 0xE1, 0xBC, 0xFC, 0xAA, 0x42, 0xC4, 0xB1, 0x79, 0x2A, 0x47, 0xAB, 0x7D, 0x8D,
    0x97, 0x56, 0xCC, 0x70, 0x34, 0xD6, 0xF1, 0x81, 0xA0, 0x54, 0x68, 0x1F, 0x90, 0xF3, 0x6D, 0x9D,
    0x52, 0xA2, 0x4D, 0x91, 0x1D, 0x11, 0x05, 0x7C, 0xB6, 0xFF, 0x7A, 0xD3, 0xC4, 0x9F, 0x6F, 0x70,
    0xEB, 0x8A, 0x70, 0x79, 0xB5, 0x44, 0xBC, 0xC6, 0xED, 0xE5, 0xCA, 0x76, 0x1F, 0x1F, 0x51, 0x8E,
    0x58, 0x77, 0x8F, 0x21, 0x0E, 0xE0, 0x12, 0xD1, 0x30, 0xBC, 0xF6, 0x1F, 0xAF, 0xBE, 0x0C, 0xDF,
    0x61, 0x9D, 0x9E, 0x1F, 0x37, 0x5D, 0x3C, 0xC8, 0xD9, 0x9B, 0xB1, 0xF7, 0x5B, 0x89, 0xBE, 0x27,
    0xF8, 0x70, 0xBA, 0x54, 0xDF, 0xC9, 0xE1, 0xAB, 0xCF, 0xB6, 0xDE, 0xF9, 0xC9, 0xD8, 0xFF, 0xEF,
    0x4B, 0x90, 0x8A, 0xF9, 0x72, 0xBB, 0x9F, 0x7B, 0xFC, 0x44, 0xA5, 0x6C, 0x75, 0x8D, 0xF2, 0x9B,
    0x7F, 0x52, 0xFB, 0x23, 0xE0, 0xCD, 0xF9, 0xEC, 0xD3, 0xAB, 0x6D, 0x38, 0xFF, 0xEC, 0x6A, 0xE3,
    0x6A, 0xCE, 0xA6, 0xBB, 0xD9, 0x9F, 0xE8, 0x9C, 0xAF, 0xDC, 0x10, 0x1B, 0x98, 0xC9, 0xE1, 0x58,
    0x9B, 0xEE, 0x27, 0x23, 0xC4, 0x51, 0x53, 0xFC, 0xB5, 0x33, 0xA6, 0xFB, 0xF1, 0x75, 0xB5, 0xDD,
    0xEC, 0xEA, 0xEA, 0x33, 0x67, 0xE2, 0xFB, 0x31, 0xDF, 0x7E, 0x86, 0x15, 0x5E, 0x57, 0xAB, 0xCB,
    0x73, 0x7F, 0xBA, 0xAB, 0x96, 0x4F, 0x5E, 0xAB, 0xAE, 0x6F, 0x45, 0xB5, 0xFF, 0x7A, 0x79, 0x5D,
    0xED, 0xEB, 0xDF, 0x1E, 0x1F, 0x01, 0x70, 0xBE, 0x5A, 0xD7, 0xB2, 0xBF, 0xDD, 0xF9, 0x14, 0x9E,
    0x6E, 0xB6, 0xD5, 0x2C, 0xCD, 0xCA, 0xA2, 0xCB, 0x75, 0x5C, 0x12, 0x79, 0xC1, 0xD8, 0xA0, 0xDF,
    0x9F, 0xE1, 0x0A, 0x37, 0xB8, 0x43, 0x6F, 0x19, 0x2E, 0xD1, 0xA2, 0x8B, 0x3E, 0x35, 0x03, 0x63,
    0x10, 0x67, 0xCF, 0xFF, 0x12, 0xFE, 0x21, 0xEC, 0x93, 0xE6, 0x72, 0x81, 0xEB, 0xFD, 0xF5, 0xBE,
    0xB7, 0xBB, 0xAC, 0x7F, 0x93, 0xFD, 0xDB, 0xF4, 0x9F, 0xB2, 0x7F, 0x48, 0xFF, 0x92, 0xEC, 0x3F,
    0xBA, 0x1E, 0x95, 0x73, 0x81, 0x43, 0xEC, 0x87, 0x61, 0xF4, 0x0A, 0xFE, 0x69, 0x13, 0x9F, 0x18,
    0x5A, 0x33, 0xA4, 0xC1, 0xF2, 0x57, 0xEF, 0xCD, 0x33, 0x03, 0x9B, 0xAB, 0xB0, 0xE2, 0x29, 0x95,
    0xC3, 0x9C, 0x36, 0x67, 0x25, 0xDE, 0x5A, 0xFE, 0x1E, 0x9C, 0xE7, 0x60, 0x0A, 0x6D, 0xE0, 0x35,
    0xF7, 0x21, 0x84, 0x73, 0xD4, 0xA8, 0xE3, 0xBF, 0x6F, 0x7C, 0x68, 0x59, 0x58, 0x5C, 0x62, 0xF3,
    0x87, 0x43, 0xF3, 0xDA, 0x87, 0x96, 0x83, 0x90, 0x42, 0x6F, 0xE3, 0xCA, 0xD9, 0x00, 0xCE, 0x22,
    0x63, 0xD6, 0x22, 0x67, 0x6B, 0x8B, 0x82, 0x6D, 0x2C, 0x4A, 0xB6, 0xB5, 0x88, 0x8C, 0x01, 0x18,
    0xC8, 0xC8, 0x50, 0xEF, 0x1C, 0x17, 0xFD, 0x95, 0x2B, 0x91, 0x8D, 0xD6, 0x5B, 0x8C, 0xB0, 0xDB,
    0xCC, 0x25, 0x22, 0x7A, 0x87, 0x23, 0xB6, 0x31, 0xBE, 0xE4, 0xB3, 0xB3, 0x9D, 0xE5, 0x20, 0x15,
    0xA0, 0x05, 0x74, 0x05, 0xD6, 0x85, 0x2B, 0x0B, 0xF7, 0xCC, 0x3B, 0x81, 0x61, 0x6B, 0x4E, 0xEA,
    0xF0, 0x67, 0xB8, 0x65, 0x0A, 0x07, 0xAF, 0xB6, 0x9E, 0x03, 0xE9, 0x40, 0x00, 0xFC, 0x48, 0x2A,
    0x60, 0x08, 0x80, 0x0E, 0x18, 0x6A, 0x70, 0x25, 0xB0, 0xFE, 0xD2, 0xBA, 0x5C, 0xCE, 0xFA, 0x95,
    0x77, 0x2F, 0x36, 0x15, 0xCE, 0x53, 0xDC, 0xD5, 0x0C, 0x99, 0x43, 0x2B, 0xAB, 0x51, 0xE2, 0x9D,
    0xFB, 0x43, 0x1C, 0x9E, 0x73, 0xF7, 0x02, 0xAB, 0xFE, 0xCC, 0x37, 0x31, 0x35, 0x80, 0xE9, 0xA6,
    0xE4, 0x25, 0x23, 0x57, 0xEC, 0xAC, 0xA2, 0x8B, 0xED, 0xC4, 0xAE, 0x97, 0xEE, 0x04, 0x63, 0x41,
    0x53, 0x79, 0x2E, 0xA2, 0x2D, 0x58, 0x85, 0x68, 0x51, 0x68, 0xC9, 0x8D, 0x18, 0x58, 0x3E, 0xB1,
    0x74, 0xE1, 0x88, 0x29, 0x13, 0x9B, 0x03, 0xBA, 0x2D, 0xAE, 0x10, 0x2F, 0xF1, 0x1A, 0xCF, 0xAA,
    0xEB, 0x4A, 0x56, 0xA7, 0x78, 0x3A, 0xDF, 0x5F, 0xE1, 0xD5, 0xD6, 0xDB, 0x67, 0x5B, 0xAC, 0x2E,
    0xF1, 0x05, 0xDA, 0xFB, 0x7E, 0x1D, 0x0B, 0x40, 0xD6, 0x21, 0x40, 0x41, 0x3C, 0x45, 0xE6, 0xD9,
    0x17, 0x1C, 0x38, 0xC8, 0x1A, 0x5D, 0x0A, 0xD2, 0x4A, 0x8B, 0x26, 0x5C, 0xB3, 0xAF, 0x99, 0xA7,
    0x98, 0x78, 0xE8, 0xA6, 0xC9, 0xC2, 0xE4, 0x29, 0x1D, 0x9B, 0x3A, 0xE5, 0x67, 0x4B, 0x9B, 0xF6,
    0x28, 0xD6, 0x88, 0xB3, 0xB0, 0x1B, 0xA3, 0xE6, 0x3E, 0xD9, 0x98, 0x94, 0x27, 0xC6, 0xA5, 0x6C,
    0x6C, 0xCA, 0x94, 0x98, 0x37, 0x2C, 0xBB, 0x5D, 0x13, 0x2C, 0x33, 0xCC, 0xFD, 0xFF, 0x1D, 0x0D,
    0x47, 0x43, 0x6E, 0x82, 0x8E, 0xC4, 0x39, 0x00, 0xA9, 0x01, 0x12, 0x74, 0x00, 0x02, 0x35, 0x24,
    0xE8, 0x01, 0xFE, 0xFE, 0xC4, 0x02, 0x64, 0x9C, 0x58, 0xA2, 0x1D, 0xAA, 0x8C, 0x8D, 0x6A, 0xA2,
    0x77, 0x68, 0x32, 0x76, 0x91, 0x13, 0xBD, 0x6F, 0xF2, 0xD1, 0x94, 0x4F, 0x34, 0x27, 0xDB, 0x70,
    0x22, 0x75, 0x43, 0xF3, 0x0B, 0x9E, 0xE7, 0x32, 0xAE, 0x7A, 0x09, 0xD6, 0x9E, 0xA2, 0x3F, 0x57,
    0xDA, 0x64, 0xCF, 0x01, 0x6E, 0x13, 0x69, 0x4F, 0x22, 0x70, 0xCD, 0x3C, 0x41, 0x8D, 0xC1, 0x33,
    0x0B, 0xAE, 0xD0, 0xB9, 0x52, 0xE2, 0x28, 0x9C, 0x60, 0x5C, 0x42, 0x41, 0x10, 0x1C, 0xE4, 0xAD,
    0x54, 0x03, 0x34, 0x18, 0x70, 0x09, 0x26, 0xA1, 0xDB, 0x60, 0xBD, 0x3F, 0xDF, 0xCD, 0x6A, 0x93,
    0x75, 0xA3, 0xC5, 0xE5, 0x30, 0x74, 0xB8, 0xD1, 0x8B, 0x99, 0xC0, 0x83, 0x1F, 0xCB, 0x20, 0x5A,
    0x4B, 0xD4, 0xF7, 0x29, 0xD8, 0x04, 0x22, 0xD6, 0x45, 0x29, 0xF1, 0x12, 0x11, 0xAF, 0x5F, 0x29,
    0xD8, 0x0E, 0x62, 0xBB, 0xE9, 0x74, 0xC8, 0x04, 0xC6, 0x5A, 0xDB, 0x1F, 0x44, 0xDA, 0x69, 0x28,
    0x4F, 0xF4, 0x8F, 0x98, 0x41, 0xF2, 0x46, 0x1E, 0xAE, 0x5F, 0xE5, 0xE1, 0x98, 0x35, 0x33, 0x09,
    0x59, 0x7D, 0xD4, 0xE4, 0x61, 0xFE, 0x9D, 0x3C, 0x1C, 0x68, 0x6A, 0x04, 0xB8, 0x39, 0x23, 0xFA,
    0xED, 0x20, 0x76, 0x51, 0x23, 0x49, 0x16, 0x37, 0x87, 0x41, 0xCD, 0x4D, 0xEF, 0xD6, 0x10, 0x3E,
    0x8F, 0x4A, 0xCF, 0xDF, 0x30, 0x83, 0xFD, 0x9A, 0xFD, 0x46, 0x18, 0xD9, 0x1C, 0x26, 0xC8, 0xB2,
    0x72, 0xBD, 0x99, 0x0E, 0x7B, 0xC2, 0x62, 0x3F, 0x10, 0xAA, 0xF1, 0xB3, 0x2B, 0xE0, 0xC3, 0xD0,
    0x62, 0xD1, 0xA1, 0x3F, 0xAD, 0x5E, 0x6C, 0xFD, 0x1E, 0x5F, 0x60, 0x8E, 0xA3, 0x92, 0xB7, 0xFE,
    0xE0, 0x70, 0xD9, 0xBA, 0xCE, 0x28, 0x79, 0xCE, 0x42, 0x2B, 0x1E, 0xE1, 0x10, 0xA9, 0x3F, 0x0C,
    0x4E, 0x1C, 0x98, 0x02, 0xF2, 0x9C, 0xFC, 0x3A, 0x5A, 0xDC, 0xE1, 0x18, 0xD7, 0xD7, 0xB5, 0xF7,
    0x28, 0xE5, 0x25, 0xCE, 0x31, 0x8C, 0x61, 0x71, 0x35, 0x0B, 0x60, 0x04, 0xF3, 0x9F, 0xA9, 0xBF,
    0x9F, 0x78, 0x8A, 0x43, 0x1C, 0xE1, 0x45, 0x70, 0xD4, 0xF6, 0xCC, 0xB6, 0x1F, 0xFC, 0x98, 0xF3,
    0xE8, 0x11, 0x44, 0xAC, 0x11, 0xB7, 0x58, 0x61, 0xF2, 0xAF, 0xC9, 0xF3, 0x47, 0x1A, 0x34, 0x64,
    0xF1, 0x45, 0xDE, 0xBC, 0x51, 0x8C, 0x70, 0x8D, 0x38, 0x82, 0xC4, 0x02, 0x3F, 0xEC, 0x0C, 0x3C,
    0x01, 0xF8, 0x59, 0xE0, 0xA1, 0x75, 0x12, 0xCD, 0x5E, 0x6A, 0x8A, 0x63, 0x2C, 0x5F, 0xAC, 0xE6,
    0xD9, 0xC9, 0xF4, 0xCF, 0x5E, 0x19, 0xE3, 0x03, 0x83, 0x56, 0xA6, 0xA4, 0x6E, 0x62, 0x43, 0x79,
    0xD8, 0x4D, 0xB1, 0x0E, 0x3D, 0x78, 0x8F, 0x1E, 0xE8, 0x6D, 0x72, 0x60, 0xE0, 0x43, 0x80, 0xF6,
    0x91, 0xD7, 0xB1, 0xFC, 0xA1, 0xF9, 0x22, 0xFB, 0x64, 0x35, 0xCC, 0x37, 0x4B, 0xEF, 0x84, 0x27,
    0xA8, 0x84, 0x21, 0xE1, 0x09, 0xA2, 0xA0, 0x85, 0x23, 0x30, 0xE0, 0xA8, 0x8A, 0x52, 0x7F, 0x70,
    0xA1, 0x00, 0x0E, 0xD8, 0x10, 0xD1, 0x63, 0x0B, 0x73, 0xC4, 0xBA, 0x04, 0x3A, 0xB6, 0x50, 0x52,
    0x1D, 0x4D, 0x28, 0x02, 0x85, 0x97, 0xE8, 0x0E, 0x1C, 0x20, 0xE4, 0xC0, 0x03, 0x2A, 0x34, 0xE8,
    0xF6, 0x17, 0xBB, 0xCA, 0x6D, 0x7E, 0x53, 0xE8, 0xC3, 0x67, 0x7C, 0x6E, 0x3E, 0x07, 0x58, 0x3C,
    0xCE, 0xFE, 0x59, 0x2A, 0x67, 0x2F, 0xB6, 0xA5, 0xAC, 0x79, 0x7D, 0xF0, 0x31, 0x14, 0x30, 0xB4,
    0xF6, 0x45, 0xB8, 0x32, 0xCC, 0x70, 0xF3, 0x89, 0xF9, 0xCC, 0x2C, 0x17, 0x93, 0x65, 0x7F, 0x15,
    0x85, 0x76, 0x20, 0x7C, 0x6B, 0x9D, 0x1F, 0x8D, 0x17, 0xFB, 0x15, 0x3B, 0xCF, 0x33, 0x77, 0x6A,
    0xB6, 0x67, 0xBF, 0x85, 0x06, 0x7E, 0x02, 0x4D, 0xFC, 0x53, 0xB3, 0x59, 0x2C, 0x97, 0x93, 0xB8,
    0x22, 0x92, 0xD4, 0x64, 0x1F, 0xDF, 0x87, 0x86, 0x0F, 0xCD, 0xC7, 0x7A, 0xDF, 0x5F, 0xB1, 0x2F,
    0xF2, 0x8E, 0xFB, 0xC4, 0x48, 0x15, 0x94, 0xDA, 0xB8, 0xC2, 0x19, 0x2A, 0x80, 0x02, 0x40, 0xC0,
    0x53, 0xAE, 0x33, 0x66, 0x72, 0x28, 0x72, 0xC8, 0x72, 0x48, 0x73, 0x60, 0xCD, 0x76, 0x89, 0x78,
    0x19, 0xCB, 0x3B, 0x45, 0x3C, 0xB3, 0x00, 0x25, 0x00, 0x87, 0x50, 0xE9, 0x89, 0x8D, 0x8F, 0x3D,
    0x01, 0x60, 0x00, 0x5C, 0x01, 0xD7, 0x3F, 0xE3, 0xBA, 0xCB, 0xA0, 0xA4, 0x8A, 0x13, 0x4D, 0xC7,
    0x26, 0xB1, 0x16, 0x4A, 0x81, 0xC8, 0xE3, 0xB3, 0xA6, 0xD9, 0xA2, 0xBD, 0xF2, 0x6B, 0x1B, 0x98,
    0x90, 0xE3, 0x0F, 0x00, 0x9E, 0x86, 0x9A, 0xCF, 0x80, 0xC4, 0xB4, 0xE2, 0x30, 0x9C, 0x43, 0x61,
    0xC9, 0x44, 0xA5, 0x8F, 0xC1, 0x02, 0x0D, 0xF7, 0x6E, 0xBD, 0x11, 0x40, 0x1A, 0x1E, 0x79, 0x12,
    0x9E, 0xA6, 0x33, 0x44, 0x89, 0x11, 0xBC, 0x25, 0x2B, 0x95, 0x66, 0xB0, 0x30, 0x8F, 0x6E, 0xE3,
    0xDD, 0x3C, 0x0C, 0xAF, 0xAC, 0x07, 0x3E, 0xB4, 0x9F, 0x4D, 0x2A, 0x9E, 0xB9, 0x2D, 0x22, 0xCA,
    0xBA, 0xED, 0x69, 0xF0, 0xFC, 0x8D, 0x24, 0x92, 0xBE, 0x3E, 0x4A, 0x43, 0xF2, 0x71, 0xBC, 0x6F,
    0x01, 0x12, 0x1B, 0xEE, 0x75, 0x5B, 0xB2, 0x55, 0xBA, 0x56, 0x53, 0x6F, 0x21, 0x6B, 0x45, 0x21,
    0x6F, 0x9C, 0xA0, 0xE5, 0x8E, 0xD4, 0xD0, 0x03, 0x06, 0x89, 0x8A, 0xC4, 0xFE, 0x6D, 0x66, 0xCE,
    0x20, 0x7B, 0x92, 0x2C, 0x35, 0xCB, 0xE1, 0xF4, 0xF6, 0x0B, 0x65, 0xA3, 0x90, 0xDF, 0x20, 0x3A,
    0x84, 0x08, 0x52, 0x13, 0x54, 0x1C, 0xA1, 0xEE, 0x11, 0x5D, 0xA4, 0x60, 0x0B, 0x32, 0x36, 0xEC,
    0x1F, 0xFD, 0xAB, 0x04, 0x35, 0x8D, 0x4E, 0x57, 0xB8, 0x01, 0x11, 0xAB, 0x5E, 0x03, 0x0D, 0x33,
    0x24, 0x41, 0xCB, 0x67, 0x3A, 0x38, 0xDF, 0x4D, 0x19, 0x64, 0x19, 0x58, 0xF8, 0xFB, 0xBF, 0x01,
    0xB4, 0x24, 0x9A, 0xBE, 0x31, 0x0B, 0x3C, 0xD6, 0xC0, 0x73, 0x00, 0x78, 0x0C, 0x51, 0xBB, 0x9A,
    0x03, 0x73, 0x04, 0xB5, 0xA8, 0x49, 0xA5, 0xB3, 0x82, 0x0C, 0xD4, 0xD3, 0xD0, 0x35, 0x92, 0x1A,
    0x3E, 0x51, 0xAC, 0x48, 0x2A, 0x28, 0x2D, 0xE7, 0xC3, 0x31, 0x3A, 0x5E, 0x03, 0x86, 0x8E, 0xF6,
    0x38, 0x64, 0x2E, 0x03, 0xAA, 0x69, 0x4D, 0x50, 0xA3, 0x15, 0x25, 0x1D, 0x26, 0x0B, 0x9D, 0x3D,
    0xA5, 0xB1, 0x3B, 0x7E, 0xFF, 0x63, 0x1F, 0x86, 0xB4, 0x1C, 0x30, 0x05, 0xBB, 0x50, 0x8D, 0x5B,
    0xF4, 0x1F, 0x30, 0xB5, 0x34, 0x99, 0x63, 0x5F, 0x10, 0xA3, 0x0E, 0x43, 0x6D, 0x0E, 0x24, 0x20,
    0x20, 0xAA, 0x6D, 0x06, 0xE6, 0x66, 0xB0, 0xB8, 0xB9, 0xFD, 0x21, 0x59, 0xAA, 0xCC, 0x91, 0xA1,
    0xFA, 0xC9, 0x0D, 0x92, 0x9B, 0xC1, 0xE4, 0x08, 0x40, 0xBD, 0x3E, 0xB8, 0xB4, 0xEE, 0x45, 0xB0,
    0x06, 0x0E, 0x09, 0x62, 0x58, 0x03, 0xED, 0xBF, 0x67, 0x70, 0x81, 0xD0, 0x67, 0xB1, 0x16, 0x81,
    0x9B, 0x08, 0x97, 0x7B, 0xF4, 0x12, 0x87, 0xF8, 0xE6, 0x70, 0xA1, 0x9F, 0x00, 0x4B, 0x0C, 0x38,
    0xF6, 0xAA, 0xFB, 0xC7, 0xD6, 0x8B, 0xA1, 0xFB, 0xD7, 0x00, 0xA8, 0x81, 0x86, 0xEE, 0x2F, 0x11,
    0xC7, 0x88, 0xF5, 0xAB, 0xEE, 0x4F, 0x75, 0x62, 0x32, 0x78, 0x04, 0x1A, 0x08, 0x64, 0xC4, 0x8A,
    0x49, 0xE0, 0xA6, 0xB4, 0x8D, 0x22, 0x4F, 0x96, 0xB4, 0x22, 0xCF, 0x68, 0xA8, 0x41, 0x21, 0x9A,
    0xE8, 0x85, 0x7F, 0x54, 0x7B, 0x5B, 0xE8, 0xA2, 0x89, 0x3B, 0xAD, 0xB9, 0x2E, 0x13, 0xFD, 0x23,
    0x00, 0x20, 0x4A, 0x1D, 0x3D, 0x82, 0xE3, 0x63, 0x58, 0x18, 0x32, 0x44, 0xDF, 0x7A, 0x99, 0x45,
    0x1C, 0xA8, 0xA3, 0x23, 0x38, 0x7E, 0x02, 0xE6, 0x27, 0x10, 0xE0, 0x67, 0xDD, 0xE4, 0x4C, 0x53,
    0x0A, 0x29, 0xC7, 0x3A, 0x46, 0x59, 0x21, 0x76, 0xA0, 0xE8, 0x26, 0x63, 0xFD, 0x88, 0xC2, 0x1F,
    0x74, 0x42, 0x61, 0x8E, 0x20, 0x94, 0x8B, 0x19, 0x60, 0x0E, 0xD8, 0x39, 0xB0, 0x81, 0x62, 0x67,
    0x86, 0xA9, 0x82, 0xA9, 0x94, 0x59, 0x39, 0x74, 0x62, 0x55, 0x73, 0x9B, 0x32, 0x60, 0x54, 0xD1,
    0xBE, 0x26, 0x63, 0x93, 0x44, 0x22, 0x0D, 0x64, 0x0D, 0x0F, 0x7A, 0x1C, 0x15, 0x45, 0x4D, 0x5A,
    0x31, 0x91, 0x8C, 0x8F, 0x0B, 0x0F, 0x6F, 0xDC, 0x60, 0x0A, 0xFB, 0x48, 0x83, 0x3C, 0xCD, 0xEC,
    0xA7, 0xA1, 0x6E, 0xB6, 0x83, 0xF6, 0xFB, 0xCB, 0x83, 0x79, 0xDA, 0x5A, 0xA3, 0x1B, 0x00, 0xFE,
    0x6F, 0xA3, 0xC1, 0xD8, 0x6C, 0x78, 0x21, 0x5C, 0xB5, 0x19, 0xF9, 0x67, 0x6E, 0x1F, 0x2D, 0xD7,
    0x3E, 0x71, 0x7F, 0xF2, 0x6E, 0x2F, 0x69, 0x45, 0x30, 0x91, 0xEB, 0x4F, 0xF4, 0xCE, 0xE6, 0x81,
    0x8E, 0x08, 0xEF, 0xE6, 0x1A, 0x03, 0xBC, 0x65, 0x16, 0xF8, 0xD6, 0xE5, 0x37, 0x14, 0xA4, 0x6F,
    0xC5, 0x5F, 0x39, 0x70, 0xE0, 0x41, 0x50, 0xA7, 0xC3, 0x8C, 0x1A, 0x42, 0x3B, 0x09, 0xC7, 0x25,
    0x1A, 0xAF, 0xA6, 0xF1, 0x16, 0x6C, 0xFB, 0x19, 0x76, 0x75, 0x70, 0xDF, 0x16, 0x82, 0x09, 0x01,
    0x0C, 0xD8, 0x18, 0xBA, 0x4D, 0x80, 0x28, 0x4C, 0x88, 0xDF, 0xBD, 0xA2, 0x51, 0x92, 0xDC, 0x5D,
    0x2F, 0x37, 0xD3, 0x15, 0xFB, 0x96, 0xD4, 0x24, 0x5A, 0x87, 0x32, 0x95, 0x02, 0x81, 0xE7, 0x7C,
    0xE2, 0xC4, 0xB6, 0x96, 0xE8, 0x5F, 0xE0, 0x79, 0xD1, 0x63, 0xE1, 0x8B, 0x5D, 0xC8, 0x9B, 0x4B,
    0xD1, 0x6C, 0xAB, 0xE0, 0x19, 0x9B, 0x8C, 0x6B, 0xC1, 0x16, 0x91, 0x55, 0x6F, 0x3F, 0x89, 0xF4,
    0xC6, 0x29, 0x1B, 0xD8, 0x9A, 0x1F, 0x18, 0xED, 0x64, 0x75, 0x51, 0xE8, 0xFC, 0xA3, 0xFA, 0x73,
    0x9C, 0xE3, 0xA7, 0x8E, 0x4C, 0x16, 0xF3, 0x95, 0x6C, 0x78, 0x1E, 0xAE, 0x9E, 0x80, 0x61, 0xF0,
    0x29, 0x46, 0x30, 0x86, 0x51, 0x8C, 0x90, 0x82, 0x05, 0xF8, 0x90, 0x4E, 0x3C, 0x62, 0xDD, 0x23,
    0xC8, 0x90, 0x39, 0xAA, 0x0F, 0xF7, 0x8C, 0x8A, 0x4E, 0x08, 0x17, 0xA8, 0x42, 0xD6, 0x70, 0xA0,
    0x7F, 0x92, 0x60, 0x84, 0x76, 0xD8, 0x26, 0x91, 0x54, 0x8C, 0xF4, 0x8D, 0x05, 0xA1, 0x84, 0x62,
    0x3A, 0x71, 0x24, 0xBC, 0x65, 0x07, 0x60, 0x53, 0x08, 0x0D, 0xAA, 0x03, 0xD6, 0xD0, 0x30, 0x26,
    0xDB, 0x64, 0x05, 0x29, 0x3C, 0x33, 0x44, 0x93, 0x60, 0x0E, 0xFC, 0xB9, 0x62, 0xC0, 0x8C, 0xC4,
    0x71, 0xCD, 0xD0, 0x89, 0x33, 0x44, 0x6A, 0x05, 0x1A, 0x84, 0x14, 0x78, 0x88, 0xF2, 0x25, 0x14,
    0xF0, 0x99, 0x66, 0x90, 0x16, 0x89, 0x21, 0x53, 0x95, 0x81, 0xB5, 0x44, 0xE5, 0x0C, 0x80, 0x2A,
    0x1B, 0x55, 0xC2, 0xE0, 0x92, 0xD0, 0x5F, 0xB9, 0x11, 0x0A, 0x42, 0x7E, 0x28, 0x5A, 0x00, 0xE1,
    0x00, 0xEE, 0x9D, 0x33, 0x00, 0x6B, 0x00, 0xD2, 0x2C, 0xD4, 0x18, 0x00, 0x3C, 0x0B, 0x8F, 0xBD,
    0x04, 0x68, 0x72, 0x06, 0xC0, 0x0C, 0xC7, 0xA4, 0x26, 0xD8, 0x60, 0x97, 0x35, 0xB5, 0x0C, 0x15,
    0x02, 0x00, 0x0F, 0x51, 0xBE, 0x04, 0x68, 0x72, 0x06, 0x90, 0x16, 0x00, 0x64, 0x1A, 0xB0, 0x58,
    0x80, 0xDF, 0x4F, 0xCE, 0x3E, 0xF8, 0x20, 0x59, 0x81, 0x31, 0xCF, 0x4C, 0x9E, 0x93, 0x97, 0xB4,
    0x52, 0x9F, 0x2B, 0x69, 0xA2, 0x61, 0x47, 0x98, 0x58, 0x84, 0x6A, 0x4E, 0xA3, 0xC0, 0x02, 0xD0,
    0x70, 0x93, 0xF7, 0xC8, 0x97, 0x74, 0xA0, 0x3F, 0xD3, 0xCF, 0xBB, 0xBF, 0xEF, 0x9C, 0x3D, 0x49,
    0x33, 0xA0, 0x67, 0x2B, 0x48, 0xEC, 0x33, 0x03, 0x4D, 0xCE, 0x80, 0x35, 0x39, 0x23, 0x86, 0x19,
    0x08, 0x39, 0xCB, 0x43, 0xCE, 0x14, 0xB5, 0xC4, 0x02, 0x42, 0x09, 0xDC, 0x70, 0x68, 0x72, 0xA6,
    0xE1, 0xB3, 0xB1, 0x85, 0xB4, 0xE8, 0x00, 0x99, 0x9E, 0xA9, 0xFB, 0xE7, 0x8C, 0x9D, 0x8B, 0xE0,
    0x74, 0x7B, 0x33, 0x5E, 0x29, 0xD1, 0x3A, 0x0E, 0x2C, 0x6D, 0x73, 0x19, 0x8C, 0xF3, 0xD8, 0x39,
    0xCF, 0xF2, 0xE6, 0xD2, 0xB1, 0x0B, 0x36, 0x0F, 0xEB, 0x82, 0x27, 0x93, 0xC5, 0x62, 0xE3, 0x77,
    0x58, 0xE2, 0x45, 0x5C, 0x17, 0x1C, 0xFF, 0xB0, 0xD6, 0x15, 0x65, 0xC6, 0x53, 0x36, 0x24, 0x1A,
    0x02, 0xD0, 0x2F, 0x81, 0xCC, 0x20, 0x59, 0x29, 0xD8, 0x68, 0x90, 0x06, 0x84, 0x05, 0x2E, 0x01,
    0x45, 0x1C, 0xDB, 0xFB, 0x88, 0xD0, 0xBA, 0x36, 0x4D, 0xBE, 0x01, 0xF8, 0x16, 0xE0, 0xF3, 0x96,
    0xD2, 0x01, 0x20, 0x0A, 0x12, 0x15, 0x3B, 0xB4, 0x05, 0x48, 0x0C, 0x1C, 0x11, 0x0D, 0x39, 0x53,
    0x50, 0x73, 0x20, 0x8E, 0x6B, 0x0C, 0x08, 0x50, 0xE0, 0xB5, 0x17, 0xB8, 0xA8, 0x59, 0x0D, 0x11,
    0xE8, 0x73, 0x00, 0x66, 0x00, 0x3E, 0xD2, 0x11, 0x0D, 0x74, 0x22, 0x21, 0x10, 0xE7, 0xE1, 0xA3,
    0x3C, 0x4D, 0x39, 0x67, 0x1C, 0xBD, 0x77, 0x00, 0xFF, 0xAD, 0xF7, 0xE5, 0xF1, 0xF1, 0x93, 0x23,
    0x28, 0xA2, 0x51, 0x71, 0x10, 0xBF, 0xE1, 0xC6, 0x42, 0x93, 0x05, 0x6A, 0x3F, 0x51, 0x8E, 0xA8,
    0x4E, 0x78, 0xE6, 0x69, 0x4B, 0x69, 0x69, 0xA0, 0xD1, 0xCD, 0x02, 0x71, 0x90, 0x38, 0x00, 0x48,
    0xBB, 0xC0, 0x32, 0xA0, 0xE7, 0xB1, 0x5C, 0xA8, 0x00, 0x35, 0xBC, 0xA8, 0x49, 0x8D, 0x71, 0xF4,
    0x60, 0x58, 0x03, 0xDA, 0x98, 0x6C, 0xCC, 0x7D, 0xDD, 0xFE, 0xC8, 0xAF, 0x01, 0x98, 0x05, 0xE0,
    0xB1, 0x52, 0x1E, 0x52, 0xAE, 0xE7, 0xCF, 0x7B, 0xBD, 0xCF, 0x7D, 0x0D, 0xD0, 0xC9, 0xB2, 0xBC,
    0x29, 0x44, 0xEA, 0x7D, 0xED, 0xA0, 0x03, 0x86, 0x1A, 0x71, 0xF6, 0x0D, 0xD7, 0x3E, 0xE2, 0x23,
    0xA1, 0x18, 0xAC, 0x1F, 0xA4, 0x88, 0x38, 0x52, 0x20, 0x41, 0x5A, 0x8E, 0x43, 0xFC, 0xAD, 0xB0,
    0xB4, 0xC1, 0xC2, 0x2D, 0xD7, 0x5C, 0x71, 0xC5, 0xFE, 0x07, 0x3A, 0x6A, 0x5E, 0xD3, 0xF8, 0xCC,
    0x18, 0xF7, 0x93, 0x12, 0xB8, 0x9A, 0xE1, 0x06, 0x1D, 0xD6, 0xCC, 0x49, 0xA0, 0x08, 0xD1, 0x1F,
    0xE2, 0x23, 0x61, 0x41, 0x6A, 0x56, 0x27, 0xA8, 0xF9, 0x2C, 0x71, 0x72, 0xD4, 0xF7, 0xBB, 0xFF,
    0x7A, 0x3B, 0xBA, 0x74, 0x25, 0x19, 0xAB, 0xF4, 0x08, 0xDC, 0x4F, 0xA8, 0x06, 0xAE, 0x34, 0x22,
    0x41, 0xC7, 0x50, 0x33, 0x17, 0x52, 0xD3, 0xD2, 0xCA, 0xB8, 0x9A, 0x81, 0x78, 0x74, 0x68, 0x50,
    0xF9, 0x96, 0xA4, 0x37, 0x21, 0x50, 0x4D, 0x54, 0x13, 0x40, 0x02, 0x73, 0x09, 0x6A, 0x81, 0xC0,
    0x0C, 0xD4, 0x80, 0x03, 0xF4, 0x88, 0x21, 0x07, 0x02, 0x02, 0xFC, 0x58, 0x51, 0x07, 0x78, 0xC3,
    0x35, 0x24, 0x0A, 0x9E, 0x24, 0x8A, 0x9F, 0xB9, 0x8F, 0x26, 0xED, 0xFD, 0x27, 0x34, 0xD8, 0x3C,
    0xE5, 0x89, 0xE5, 0x60, 0x59, 0x50, 0x38, 0xAC, 0xEA, 0x47, 0xF0, 0x04, 0x1E, 0x03, 0x35, 0xC4,
    0x26, 0xDF, 0xC4, 0x6F, 0x60, 0x46, 0xD0, 0x49, 0x4B, 0x5B, 0x70, 0x08, 0xD3, 0x0A, 0x58, 0x28,
    0x39, 0x06, 0x39, 0xD1, 0xDE, 0xBB, 0x27, 0x00, 0x10, 0x06, 0xF1, 0x6F, 0xC4, 0xD4, 0xFD, 0x02,
    0x00, 0x7E, 0x44, 0xB4, 0x63, 0x67, 0xE1, 0x9F, 0x20, 0x6D, 0x77, 0x52, 0x4C, 0x6D, 0xF1, 0xF8,
    0xE0, 0x23, 0xF9, 0x38, 0xF9, 0x86, 0x38, 0xDA, 0x7D, 0xF4, 0x33, 0x08, 0x11, 0xA3, 0x46, 0xCD,
    0x25, 0x61, 0x66, 0xA9, 0xA9, 0xE3, 0x4E, 0x18, 0x47, 0xAD, 0xD0, 0x12, 0x1C, 0x68, 0x38, 0x4A,
    0xB4, 0xA0, 0xF6, 0x5B, 0x31, 0xB0, 0xF0, 0x4E, 0xA4, 0x8F, 0xE1, 0x09, 0x08, 0xE8, 0xC1, 0x7F,
    0x0C, 0xF3, 0x10, 0xC0, 0xFB, 0x91, 0x06, 0xD2, 0x11, 0x4A, 0x20, 0x2E, 0xAE, 0x43, 0x55, 0x49,
    0x0D, 0xC4, 0x00, 0x35, 0x5D, 0x66, 0x2C, 0x5D, 0x18, 0x3A, 0x09, 0x3E, 0x06, 0xE8, 0x08, 0x18,
    0xD7, 0x3D, 0x81, 0x75, 0x14, 0xEB, 0x68, 0x56, 0xB7, 0x8F, 0x31, 0xB8, 0xA1, 0x1F, 0xDC, 0x4D,
    0xB3, 0xED, 0x41, 0x97, 0xE9, 0x34, 0x71, 0xC1, 0x58, 0xC8, 0x50, 0xED, 0xC0, 0xE5, 0xC0, 0xA9,
    0xE5, 0x3B, 0x8C, 0x6D, 0x6E, 0x8A, 0x7B, 0x2B, 0x1C, 0x80, 0xC9, 0xD9, 0x1A, 0xE5, 0xCC, 0x44,
    0xA3, 0x6C, 0xCB, 0x95, 0xA3, 0xBA, 0xC4, 0x59, 0x8D, 0x43, 0x6B, 0x00, 0x9E, 0x53, 0x2D, 0x74,
    0x60, 0x98, 0x75, 0x0E, 0xBD, 0x43, 0x28, 0x9B, 0x50, 0xB7, 0x8C, 0xBC, 0x47, 0x05, 0xB1, 0xD7,
    0x58, 0xA0, 0x06, 0x44, 0x93, 0x65, 0x4D, 0x56, 0x9A, 0x34, 0x27, 0x08, 0xD4, 0x01, 0xD7, 0x90,
    0x03, 0xF4, 0x28, 0x78, 0x06, 0xBD, 0x14, 0xCA, 0x0C, 0x4A, 0x07, 0x27, 0x16, 0xD6, 0x35, 0x5D,
    0x22, 0x4E, 0x10, 0xFB, 0x58, 0x03, 0xEA, 0x16, 0x45, 0x06, 0x20, 0x54, 0x64, 0x71, 0xFE, 0x1C,
    0xE8, 0x10, 0x92, 0xD9, 0x0F, 0x2B, 0x8E, 0x4E, 0x89, 0x93, 0x74, 0x95, 0xED, 0x46, 0x0B, 0x14,
    0x4B, 0xC7, 0xA1, 0x26, 0x96, 0x69, 0x01, 0x8E, 0x18, 0xCE, 0x1D, 0x4E, 0x6B, 0x31, 0xD6, 0x00,
    0x9A, 0x68, 0x66, 0x84, 0xEA, 0x3D, 0x3D, 0xB1, 0xBF, 0x74, 0xCC, 0x09, 0x23, 0xA1, 0x0C, 0x43,
    0x7E, 0xBB, 0xA6, 0x54, 0x13, 0x43, 0xAC, 0xF4, 0x12, 0x9B, 0x70, 0xD9, 0x85, 0xFB, 0xD8, 0x60,
    0x03, 0x69, 0xD7, 0x98, 0x13, 0x9D, 0x51, 0x55, 0x32, 0xC0, 0x3C, 0xC1, 0x92, 0x78, 0x47, 0xAF,
    0x2D, 0x4B, 0x6C, 0x8F, 0xA0, 0x23, 0x91, 0x59, 0x48, 0x7C, 0x30, 0x80, 0xD7, 0x25, 0x1F, 0xD7,
    0x72, 0xB4, 0x0F, 0xFE, 0xDB, 0xF1, 0x72, 0x5B, 0x4B, 0x00, 0x16, 0x84, 0x9C, 0x8E, 0x79, 0x36,
    0xA4, 0xCD, 0xB0, 0x7A, 0x6D, 0xD0, 0x89, 0x5F, 0x33, 0x0D, 0xD0, 0x29, 0xD6, 0x9B, 0xE5, 0x74,
    0x88, 0xB8, 0x1D, 0xD3, 0xA3, 0xAC, 0x21, 0x4B, 0x0B, 0x62, 0x3F, 0x8F, 0x5E, 0x4D, 0xA6, 0x9E,
    0xC5, 0x5E, 0x2E, 0x20, 0x0F, 0xF5, 0x17, 0xC9, 0xF4, 0xC0, 0xD8, 0x0B, 0xC3, 0x9A, 0xDC, 0x99,
    0x67, 0x9E, 0x5E, 0x6A, 0x7C, 0x81, 0xD5, 0x41, 0x14, 0xF0, 0x88, 0x28, 0x28, 0x80, 0x87, 0x1C,
    0x08, 0x43, 0xAF, 0xE0, 0xC4, 0xD0, 0x73, 0x38, 0xD5, 0xB2, 0x15, 0x43, 0x56, 0xD8, 0xA4, 0x0C,
    0xA5, 0xA5, 0x08, 0xC2, 0x26, 0x1E, 0xA8, 0x7E, 0x0C, 0x0C, 0xB8, 0xE2, 0x5A, 0x18, 0xE1, 0x4E,
    0xEA, 0x93, 0x5A, 0x7A, 0x71, 0x85, 0x57, 0xE8, 0x9B, 0x50, 0xC3, 0x73, 0x12, 0xA6, 0xC6, 0x9A,
    0x34, 0x09, 0x25, 0x5B, 0xB5, 0xD1, 0xA7, 0x06, 0xB1, 0x15, 0xFB, 0x2C, 0x83, 0x07, 0xE0, 0xE8,
    0xB5, 0xC3, 0x26, 0x16, 0x92, 0xD0, 0x80, 0x81, 0x1B, 0x90, 0x3A, 0xD9, 0x6A, 0x3A, 0x55, 0xFC,
    0x0B, 0xC8, 0x00, 0x1C, 0x24, 0x1E, 0xAE, 0x23, 0xF7, 0xB1, 0x46, 0x34, 0xB2, 0x06, 0xE8, 0x91,
    0x76, 0x9D, 0x1E, 0x4E, 0x03, 0xAD, 0x57, 0x77, 0xDA, 0x8F, 0xE1, 0x2B, 0x54, 0x69, 0xE4, 0x86,
    0x0D, 0x44, 0x93, 0x98, 0x80, 0xAD, 0xFD, 0x0C, 0x05, 0xB1, 0xC0, 0x2C, 0x08, 0x03, 0x7B, 0x43,
    0x96, 0x9A, 0x4D, 0xA1, 0x8D, 0x87, 0xD0, 0x8B, 0xA5, 0x75, 0x88, 0x56, 0x78, 0xE8, 0x40, 0x1A,
    0xC6, 0x8B, 0x9F, 0x85, 0x17, 0x0A, 0x06, 0xA0, 0xA6, 0xC8, 0x71, 0x84, 0x73, 0x1C, 0x06, 0xCA,
    0xD2, 0x7D, 0x8C, 0xB5, 0xF4, 0x1C, 0x13, 0x04, 0xA0, 0xA1, 0xCB, 0xD1, 0x20, 0x16, 0x09, 0xE3,
    0x73, 0xB2, 0x30, 0x8C, 0xE9, 0x42, 0x0C, 0x34, 0xE6, 0x64, 0x67, 0xC9, 0x4C, 0xE5, 0x82, 0xAE,
    0x11, 0x29, 0x5A, 0x8E, 0x20, 0x34, 0x40, 0x2C, 0x9A, 0xEA, 0xA6, 0x89, 0x77, 0x0C, 0x8D, 0x88,
    0x2E, 0x2D, 0xCA, 0x1E, 0x59, 0xC4, 0x46, 0x4D, 0xD1, 0xD0, 0xFA, 0x3B, 0x33, 0xD0, 0x0A, 0x71,
    0xF5, 0xF6, 0xF4, 0xF3, 0x5B, 0xEA, 0xC4, 0xF8, 0x9B, 0xEF, 0x59, 0x09, 0x01, 0x7C, 0xB5, 0xBB,
    0x08, 0xA9, 0x14, 0x71, 0x7D, 0xCF, 0xAD, 0x6B, 0x3A, 0x46, 0xB4, 0x05, 0xEA, 0xE4, 0x5F, 0x17,
    0x90, 0x98, 0x34, 0x6C, 0x96, 0xDF, 0x6C, 0x0C, 0xE2, 0x66, 0x90, 0x59, 0x09, 0x70, 0xFA, 0xED,
    0x1F, 0xA3, 0x87, 0x46, 0xFD, 0x7B, 0xD2, 0x1A, 0xE7, 0x6D, 0x66, 0x59, 0x91, 0x1F, 0x11, 0x55,
    0x8A, 0xA3, 0x16, 0xED, 0x01, 0x23, 0x8F, 0x6B, 0x7D, 0x88, 0x43, 0x31, 0xB5, 0xC0, 0x12, 0xDB,
    0x49, 0xFE, 0x1D, 0x3B, 0x73, 0x1D, 0x00, 0x76, 0x16, 0xD6, 0x44, 0x9C, 0xAC, 0x46, 0x61, 0xF0,
    0xDD, 0x78, 0xB2, 0xF0, 0x38, 0x75, 0x3D, 0xAA, 0x18, 0x70, 0xE8, 0xC0, 0x47, 0xC0, 0x14, 0x57,
    0x1D, 0x00, 0x60, 0xB1, 0x99, 0x48, 0x73, 0x62, 0x4E, 0xAC, 0xAC, 0xA5, 0x97, 0x5E, 0x78, 0xE2,
    0xB8, 0xC1, 0xC3, 0x67, 0x4F, 0x36, 0x61, 0x41, 0xC2, 0xC5, 0xBE, 0x6A, 0xB6, 0x26, 0x2F, 0xEA,
    0xF4, 0xDB, 0x63, 0xE9, 0x21, 0x3A, 0xEB, 0x3D, 0x7C, 0x70, 0xE0, 0xE0, 0x37, 0xFF, 0x72, 0x66,
    0x48, 0x7F, 0xAC, 0xFF, 0xAF, 0x32, 0x0F, 0x26, 0xD0, 0x60, 0xC5, 0x17, 0xA4, 0xFE, 0x63, 0xB1,
    0xD8, 0x78, 0x7E, 0x0E, 0x7F, 0x62, 0x19, 0x83, 0xA2, 0x47, 0xC6, 0x75, 0x4E, 0x77, 0x96, 0xCF,
    0x54, 0x5A, 0x26, 0x6B, 0x27, 0x86, 0xE8, 0x04, 0x2A, 0x74, 0x89, 0x0F, 0x4F, 0x14, 0x40, 0x54,
    0xF3, 0xB6, 0x81, 0x03, 0xD4, 0x90, 0xB4, 0x1E, 0x06, 0x68, 0x62, 0x78, 0xA5, 0xD0, 0xC7, 0x2E,
    0x68, 0xE8, 0xD4, 0xE4, 0x3C, 0x8E, 0x9C, 0xD2, 0x83, 0xD4, 0x50, 0x6C, 0xFA, 0xFF, 0xD3, 0xFC,
    0x57, 0xAF, 0xF5, 0x32, 0x0D, 0x29, 0x31, 0xC7, 0xE4, 0x5F, 0x09, 0x62, 0x8F, 0x01, 0x62, 0xFD,
    0x9A, 0x9C, 0x79, 0x44, 0xDC, 0x5A, 0xD8, 0x7E, 0x55, 0x9D, 0x62, 0x80, 0xEA, 0xF4, 0xEA, 0xFB,
    0xF3, 0x0F, 0x0F, 0x21, 0x81, 0x02, 0x84, 0x44, 0x0E, 0x24, 0xD0, 0x43, 0x89, 0x9F, 0x00, 0x44,
    0x01, 0x30, 0x88, 0x38, 0xA0, 0x03, 0x6F, 0x94, 0xE3, 0x71, 0x56, 0x74, 0xBF, 0x93, 0x7F, 0x48,
    0x74, 0x46, 0x4C, 0x07, 0x80, 0x9E, 0xE0, 0x47, 0x8B, 0x5F, 0x01, 0x81, 0x2E, 0xA7, 0x36, 0xE8,
    0xF9, 0xC2, 0xA7, 0xFE, 0xB0, 0xBA, 0x46, 0xAE, 0x03, 0x32, 0xC3, 0x9B, 0xF0, 0x38, 0x9C, 0x42,
    0x62, 0x12, 0x4B, 0x2D, 0xB7, 0xC2, 0x4A, 0xFB, 0xC2, 0xBA, 0x26, 0xA0, 0x0D, 0x53, 0xBF, 0xC0,
    0x0F, 0x24, 0x08, 0x88, 0xF0, 0x89, 0x0A, 0xC4, 0x7D, 0x6A, 0xE1, 0xD1, 0xD3, 0x8D, 0x82, 0x13,
    0x03, 0x59, 0xA0, 0x44, 0x81, 0xD5, 0x40, 0x3D, 0x90, 0xCA, 0xF0, 0x55, 0xEC, 0xE7, 0x56, 0xA2,
    0xA1, 0xA8, 0x20, 0xC0, 0x16, 0x20, 0xF1, 0xAD, 0x50, 0x9C, 0x3C, 0x85, 0xA3, 0x43, 0x09, 0x82,
    0x14, 0xB8, 0x88, 0x02, 0x3F, 0xDE, 0x37, 0x20, 0x89, 0xE3, 0xB8, 0x42, 0x8C, 0x2A, 0x81, 0x29,
    0xD6, 0xE2, 0x2C, 0x3C, 0xFC, 0xC9, 0x57, 0xDF, 0xFE, 0xED, 0x53, 0x38, 0x0E, 0x95, 0x3F, 0x36,
    0xF6, 0xA4, 0xF6, 0xBD, 0x3C, 0x64, 0xF3, 0x8A, 0x59, 0x79, 0xF6, 0x2B, 0x80, 0xE3, 0xB8, 0x40,
    0x8C, 0x8E, 0xB1, 0x42, 0x89, 0xB3, 0x58, 0x84, 0x80, 0x9E, 0xAA, 0xD8, 0x34, 0xBA, 0x40, 0x5C,
    0xA4, 0x3C, 0x7F, 0x71, 0x2F, 0x9A, 0x0E, 0x0E, 0x24, 0x65, 0x11, 0x29, 0xB8, 0x40, 0x12, 0xB6,
    0x34, 0x9D, 0x09, 0xB4, 0xCB, 0x83, 0x5E, 0xD7, 0x71, 0x76, 0xFC, 0x2D, 0xFA, 0x5F, 0xBC, 0x49,
    0xD3, 0xB5, 0xBE, 0xA7, 0x92, 0x5F, 0x73, 0x83, 0xE4, 0xE9, 0xDB, 0x34, 0x5D, 0x0F, 0xA4, 0xB9,
    0xA1, 0xE9, 0xDC, 0x6B, 0x34, 0x9D, 0x62, 0x03, 0x3A, 0xE8, 0x4F, 0xC6, 0xC6, 0x38, 0x28, 0x81,
    0x9F, 0xCD, 0x70, 0x89, 0x0E, 0x9B, 0xFB, 0x3D, 0xA0, 0xFE, 0x35, 0x9A, 0x4E, 0xB5, 0x34, 0xDD,
    0x55, 0xE2, 0xB0, 0xA1, 0xE9, 0x1C, 0xC3, 0x81, 0x28, 0x0A, 0x32, 0xD1, 0x81, 0xA6, 0x03, 0xAA,
    0x9B, 0x27, 0x35, 0xFA, 0x96, 0xA6, 0xE3, 0xF6, 0x0E, 0x9A, 0x8E, 0x28, 0xAA, 0x03, 0x45, 0xF7,
    0x1E, 0x6A, 0xEE, 0x51, 0x2B, 0xA7, 0x22, 0x77, 0x65, 0x5C, 0x1D, 0xC4, 0xB2, 0x0F, 0xCC, 0xB8,
    0x12, 0x07, 0x51, 0xE3, 0x43, 0x32, 0x7E, 0x67, 0x76, 0x13, 0xD5, 0x0A, 0x87, 0x03, 0xBD, 0x9F,
    0xB8, 0x04, 0x55, 0x68, 0xD1, 0xBF, 0x8A, 0x8B, 0x37, 0x6D, 0x83, 0x2E, 0x12, 0x3A, 0x79, 0x13,
    0x52, 0x60, 0x70, 0x90, 0xFE, 0xF7, 0xA8, 0xC0, 0x21, 0x2E, 0xB1, 0xB9, 0x9F, 0xA8, 0x57, 0x62,
    0xCF, 0x27, 0x10, 0x10, 0x00, 0x77, 0x20, 0x43, 0x96, 0x9E, 0x60, 0x9C, 0x60, 0x2D, 0x45, 0x90,
    0x05, 0x5D, 0xFA, 0x1E, 0xDB, 0x1B, 0xE1, 0xE1, 0xFA, 0x46, 0xAE, 0x6A, 0x80, 0x43, 0x83, 0x89,
    0x60, 0x3B, 0x6B, 0x80, 0xD4, 0xF0, 0x21, 0x64, 0x90, 0x43, 0x16, 0x31, 0xC1, 0x3B, 0x4B, 0xF3,
    0xE1, 0x6B, 0x64, 0x72, 0x00, 0xE2, 0x02, 0xD1, 0xEE, 0x13, 0x6C, 0x8E, 0x40, 0x0D, 0xAD, 0x05,
    0x6E, 0x11, 0x71, 0x84, 0x63, 0x17, 0x8B, 0x17, 0x26, 0x1A, 0x62, 0xE2, 0x9C, 0xB0, 0x45, 0xB9,
    0xF5, 0x52, 0x3F, 0x4F, 0x0E, 0x3A, 0x86, 0x28, 0x85, 0xA3, 0xF1, 0x35, 0x08, 0x1C, 0xE1, 0x0C,
    0xB7, 0xD7, 0xF6, 0x29, 0xFC, 0x08, 0x0C, 0x07, 0xFB, 0xE8, 0x1D, 0xCF, 0xFE, 0x08, 0x28, 0xC4,
    0x47, 0x9E, 0xC7, 0x37, 0xCD, 0xC2, 0x85, 0xBD, 0x21, 0xBA, 0x15, 0x31, 0xE8, 0x25, 0x0A, 0x9C,
    0x6F, 0xB5, 0x86, 0x24, 0x69, 0x9D, 0xD7, 0x67, 0x8C, 0x8E, 0xAD, 0xF3, 0x28, 0x06, 0x67, 0x2A,
    0x01, 0x16, 0xAB, 0xB3, 0x84, 0x02, 0x30, 0xF1, 0xD4, 0x33, 0x97, 0x27, 0x75, 0xA0, 0x5F, 0x02,
    0xED, 0x42, 0xC2, 0x74, 0x44, 0x02, 0x7D, 0x4C, 0xFB, 0xA6, 0x9D, 0x8E, 0x38, 0x9D, 0x2C, 0xF7,
    0xB5, 0x4F, 0x1F, 0xC1, 0x07, 0x70, 0x04, 0x79, 0x34, 0x22, 0x09, 0xA0, 0xA8, 0xE2, 0xC0, 0x63,
    0x7D, 0x49, 0x85, 0x04, 0x69, 0xCD, 0xC1, 0x53, 0xC7, 0x0C, 0x3F, 0xD4, 0x1F, 0x85, 0xD8, 0xD9,
    0x81, 0x34, 0x59, 0xFD, 0x13, 0x0B, 0x2E, 0x2B, 0x20, 0xCB, 0x9F, 0x99, 0x34, 0x4D, 0x2D, 0x1B,
    0xB2, 0x82, 0x22, 0xD6, 0x04, 0xD1, 0x27, 0x88, 0x73, 0xC0, 0xF9, 0x4C, 0x85, 0x77, 0x52, 0x43,
    0x82, 0x35, 0x80, 0xF4, 0x00, 0xBC, 0x1D, 0x94, 0x22, 0x24, 0xD0, 0x0E, 0x4B, 0x4F, 0x9F, 0x86,
    0x48, 0x6B, 0x03, 0x74, 0x30, 0x3D, 0x0B, 0x98, 0xA8, 0x2A, 0x8B, 0x32, 0x4D, 0x10, 0xBD, 0xA3,
    0x88, 0x68, 0x38, 0x22, 0x2A, 0x59, 0x55, 0x3E, 0x3A, 0xB3, 0xE1, 0xAA, 0x45, 0x47, 0xD0, 0x02,
    0xC4, 0xF1, 0x8E, 0xBA, 0x9B, 0x91, 0xC4, 0x01, 0xD8, 0x9F, 0x2D, 0x16, 0x41, 0x71, 0x30, 0x9D,
    0x0E, 0x06, 0x23, 0xCE, 0xF0, 0x20, 0x85, 0xDD, 0x5E, 0x5E, 0x6A, 0x80, 0x96, 0x98, 0x27, 0xFA,
    0xC3, 0x4E, 0x96, 0x2C, 0x16, 0x21, 0xAD, 0x70, 0xC8, 0xF3, 0x9C, 0xDD, 0x6A, 0x45, 0xB6, 0xDB,
    0x8D, 0x79, 0x63, 0xFC, 0x27, 0xBA, 0x95, 0x2F, 0x24, 0xBF, 0x69, 0x07, 0x55, 0x40, 0x00, 0xF8,
    0xA3, 0x23, 0x68, 0x67, 0x06, 0xAA, 0x41, 0x4F, 0x4C, 0x62, 0x0B, 0x0B, 0x45, 0x79, 0xAA, 0xB3,
    0xEC, 0x99, 0xE1, 0xA1, 0x32, 0x10, 0xDD, 0xA1, 0x32, 0x2E, 0x12, 0xBC, 0x1C, 0x81, 0x05, 0x3A,
    0x76, 0x40, 0xD0, 0x01, 0x84, 0xDC, 0x8B, 0xFA, 0x26, 0xDF, 0xB7, 0xC3, 0x20, 0xD8, 0x96, 0x14,
    0x06, 0xF8, 0x48, 0x1D, 0x92, 0x89, 0x75, 0xF5, 0xE8, 0xF9, 0xEF, 0xA3, 0xBA, 0x5A, 0xFF, 0x72,
    0xB7, 0xB4, 0x1E, 0x37, 0xF0, 0xE3, 0x2F, 0x22, 0x91, 0x57, 0xFC, 0xA4, 0x6B, 0xED, 0x7A, 0x1D,
    0x6A, 0x71, 0x32, 0x1B, 0x0E, 0x6E, 0x94, 0x5D, 0xFB, 0xF9, 0xDC, 0x40, 0x84, 0x98, 0xC9, 0xB4,
    0x3D, 0x7C, 0xDE, 0x22, 0x94, 0x61, 0xA2, 0x79, 0x58, 0xF5, 0x0A, 0x05, 0xC0, 0x1D, 0x3C, 0xA6,
    0x18, 0xE4, 0xD9, 0x16, 0x5C, 0x2F, 0xB7, 0x8C, 0x93, 0xAB, 0x64, 0xAB, 0xF7, 0x5A, 0xB4, 0xA5,
    0x99, 0x03, 0xE2, 0xC6, 0x70, 0x74, 0x25, 0x99, 0xB8, 0x50, 0x81, 0x80, 0x1E, 0xA2, 0xFE, 0x1C,
    0x62, 0x79, 0xDC, 0x2D, 0xAA, 0x04, 0x55, 0xC4, 0x05, 0x25, 0x47, 0x08, 0xC8, 0x18, 0xAC, 0x6D,
    0x96, 0x36, 0xD8, 0x5C, 0x46, 0x10, 0xEB, 0x80, 0xEE, 0xDA, 0x32, 0xC4, 0xBD, 0xE1, 0x61, 0x02,
    0xCF, 0x84, 0x8A, 0x08, 0x19, 0x9A, 0x03, 0x46, 0x86, 0x70, 0x83, 0x32, 0x71, 0x40, 0xEB, 0x3F,
    0x60, 0x3E, 0xE5, 0x98, 0x0A, 0x9E, 0x95, 0x3C, 0x73, 0x1C, 0xD7, 0x3E, 0x16, 0xA3, 0xDE, 0xA2,
    0x05, 0x54, 0x21, 0x0E, 0x48, 0xDD, 0x44, 0x4A, 0x16, 0x68, 0x9B, 0x58, 0x64, 0x3A, 0xB6, 0x4D,
    0x34, 0x86, 0xBC, 0x6E, 0xD5, 0x3F, 0x7E, 0x8B, 0x68, 0x58, 0xC4, 0xF7, 0xE1, 0xA1, 0xDB, 0x80,
    0x3B, 0x4C, 0xC5, 0x89, 0x82, 0x5B, 0x48, 0x6A, 0x00, 0x40, 0x0D, 0xCF, 0x85, 0x83, 0x9C, 0xA1,
    0xA2, 0x93, 0xF5, 0x56, 0x15, 0x2E, 0xB5, 0xEC, 0x22, 0xA8, 0x78, 0x71, 0x7B, 0x53, 0x1D, 0x23,
    0x40, 0x9C, 0x98, 0x94, 0xEB, 0x9C, 0xE9, 0x56, 0xC6, 0x24, 0xFD, 0xE1, 0xAD, 0x0A, 0x0D, 0x37,
    0x09, 0x41, 0x01, 0x87, 0x94, 0x12, 0xF3, 0xDD, 0xA4, 0x00, 0xB8, 0x6E, 0x13, 0x7B, 0x44, 0x50,
    0xC5, 0xD4, 0xA0, 0x14, 0x9C, 0x86, 0xE4, 0x18, 0xEC, 0x4D, 0xDB, 0x90, 0xCA, 0xD0, 0x87, 0x6F,
    0x2B, 0x2C, 0xA4, 0x18, 0xBA, 0x71, 0x9B, 0x24, 0x45, 0x13, 0xD3, 0x7C, 0xD5, 0x93, 0x7F, 0x16,
    0xD2, 0x69, 0xB9, 0x11, 0x08, 0xC8, 0xEF, 0x59, 0x81, 0xE1, 0xC1, 0xD8, 0x8A, 0x6C, 0x3C, 0x80,
    0xBE, 0xCD, 0xA2, 0x02, 0x5A, 0x27, 0x80, 0x4D, 0xBA, 0x98, 0x2C, 0xD7, 0xB6, 0x79, 0x9C, 0xCC,
    0xCE, 0x2C, 0xAE, 0x71, 0x16, 0x11, 0x60, 0x25, 0xD1, 0x07, 0x0C, 0x34, 0x32, 0xF4, 0x06, 0xDE,
    0x54, 0x96, 0x8D, 0xF4, 0x33, 0x4C, 0xB0, 0x66, 0x68, 0x24, 0x23, 0xB6, 0x68, 0x9E, 0x0D, 0x0F,
    0xAD, 0xD0, 0x0B, 0x34, 0xC2, 0x86, 0x87, 0x98, 0x0A, 0x1B, 0xFD, 0xCE, 0x36, 0xD2, 0xF4, 0xD2,
    0x50, 0xB4, 0x61, 0xB3, 0x96, 0x1A, 0x4B, 0xB5, 0x95, 0xE8, 0xF1, 0x06, 0xB8, 0x7B, 0x5B, 0x55,
    0xF6, 0x3C, 0x43, 0x26, 0xC3, 0x34, 0x8B, 0x62, 0x30, 0x0B, 0xAC, 0x59, 0x88, 0x7F, 0x19, 0xF4,
    0xE8, 0x21, 0x0E, 0xD8, 0x10, 0x89, 0xC1, 0xED, 0xE9, 0x23, 0xC8, 0x10, 0xB6, 0xED, 0xEC, 0x6A,
    0xC5, 0x40, 0xD7, 0x9C, 0x98, 0x5A, 0x60, 0x1D, 0x07, 0xA9, 0x0A, 0x2F, 0x2F, 0x21, 0x16, 0xEA,
    0x09, 0x09, 0x1C, 0x12, 0x14, 0x05, 0x19, 0xAB, 0x7B, 0x17, 0xEA, 0xBF, 0x03, 0x36, 0x04, 0x3A,
    0x54, 0xB4, 0xD9, 0xFF, 0xD9, 0xC3, 0x0A, 0xF5, 0x23, 0x32, 0x51, 0x4D, 0x3D, 0x17, 0xEC, 0xF1,
    0x7D, 0x0A, 0xF5, 0xB3, 0x26, 0x36, 0xE3, 0x90, 0x15, 0x60, 0xF5, 0x3D, 0x0B, 0xC5, 0x34, 0x8F,
    0x9F, 0x30, 0x6D, 0x09, 0x14, 0x8D, 0x46, 0x38, 0x56, 0x37, 0x97, 0x41, 0x96, 0xA5, 0x89, 0x39,
    0x50, 0x0B, 0x39, 0x30, 0xBD, 0xC2, 0x35, 0x3A, 0x19, 0xEF, 0x31, 0xC7, 0x3C, 0x45, 0x32, 0x3D,
    0xDB, 0x68, 0x69, 0xB8, 0xA1, 0x48, 0x71, 0x88, 0x15, 0xAE, 0x74, 0x78, 0x28, 0x3E, 0xD2, 0x3B,
    0x6A, 0x95, 0x98, 0x46, 0x36, 0x78, 0x25, 0x75, 0x72, 0xF2, 0x1F, 0x52, 0xB0, 0xF4, 0xCF, 0x04,
    0x06, 0xA8, 0x1C, 0x00, 0xB1, 0xB4, 0x0E, 0x0F, 0xF6, 0x97, 0xE3, 0xBD, 0x69, 0xB0, 0xD8, 0x38,
    0x91, 0x62, 0x35, 0xB3, 0x00, 0x04, 0x0E, 0x68, 0x9E, 0x1E, 0x9A, 0x9D, 0xD0, 0xC2, 0x70, 0x1B,
    0x49, 0x92, 0xF1, 0x59, 0xFC, 0x7A, 0x83, 0x6B, 0x2E, 0x75, 0xA0, 0xAB, 0x6E, 0x92, 0x7C, 0x45,
    0x59, 0x59, 0x74, 0xDC, 0xBE, 0x4E, 0xE7, 0x84, 0xE7, 0x4D, 0x74, 0xBD, 0x9A, 0xD2, 0x59, 0x20,
    0x79, 0x14, 0xAF, 0xB9, 0x17, 0xC1, 0x50, 0x01, 0xF8, 0x8D, 0xCA, 0xDC, 0x1D, 0x63, 0x1D, 0xB2,
    0x7C, 0xE6, 0x81, 0x44, 0x15, 0x5A, 0x48, 0x9B, 0x25, 0x35, 0x5F, 0x20, 0xFB, 0x17, 0x81, 0x5C,
    0x7D, 0x82, 0x11, 0x2E, 0x0D, 0x00, 0x28, 0x30, 0xE0, 0x0E, 0xC8, 0x59, 0x6B, 0xA5, 0x15, 0x04,
    0x18, 0xD5, 0x19, 0x86, 0x45, 0x38, 0x75, 0x94, 0x09, 0xB4, 0xFD, 0xFE, 0x0F, 0x00, 0x3A, 0x2D,
    0x9B, 0xA3, 0x6E, 0xFA, 0xBB, 0x81, 0xA4, 0x86, 0x04, 0x01, 0x50, 0xC1, 0xFE, 0x5B, 0x28, 0xB6,
    0x2A, 0x3F, 0xD5, 0xFC, 0xDA, 0x30, 0xB4, 0x04, 0x1D, 0xC8, 0x4B, 0x25, 0x46, 0x88, 0xD3, 0xA8,
    0x00, 0xD4, 0x1C, 0x03, 0x79, 0xD0, 0xF2, 0x4B, 0x89, 0x8D, 0x68, 0xE0, 0x31, 0xBC, 0x02, 0xAA,
    0x01, 0xC4, 0x99, 0x4E, 0x90, 0x2A, 0x56, 0xA7, 0x90, 0xB9, 0x02, 0xD6, 0x4B, 0x43, 0x66, 0xC3,
    0xE6, 0x92, 0xEB, 0x20, 0xCA, 0xC1, 0x1A, 0x23, 0x13, 0x82, 0x1A, 0x0D, 0x7C, 0x00, 0x5D, 0xA6,
    0x0A, 0x02, 0x40, 0xCF, 0x6A, 0xB1, 0xF4, 0x2F, 0xB6, 0xC3, 0x32, 0x70, 0xB8, 0xC8, 0xD0, 0x63,
    0x55, 0xE3, 0x87, 0x40, 0x80, 0xAA, 0x10, 0x08, 0x40, 0x5B, 0x34, 0x23, 0x8C, 0xB0, 0xA5, 0x2D,
    0xEC, 0x0B, 0x2B, 0x6C, 0x14, 0x82, 0x20, 0x7A, 0x08, 0x90, 0x5C, 0x01, 0x37, 0x89, 0x87, 0xC8,
    0x2E, 0x11, 0x80, 0x1A, 0xB8, 0x21, 0x1E, 0xC4, 0x76, 0x30, 0x2B, 0xCA, 0xED, 0x00, 0x9D, 0xC0,
    0x3E, 0x3A, 0x8E, 0x8A, 0xF7, 0xE8, 0xAA, 0x75, 0xC8, 0x6D, 0x69, 0x0D, 0x01, 0x3E, 0x32, 0x20,
    0x4C, 0xD8, 0x87, 0x67, 0x63, 0x99, 0xB8, 0x0E, 0xFF, 0x08, 0x0B, 0xCF, 0x6C, 0xB7, 0xB0, 0x85,
    0xF4, 0x45, 0x6B, 0xBD, 0xC5, 0xBD, 0x4B, 0x9C, 0x23, 0xA6, 0xC7, 0x8C, 0x44, 0x2D, 0xA2, 0xE6,
    0x3A, 0x20, 0x49, 0xBE, 0x79, 0xB6, 0xB8, 0x7A, 0xA2, 0xDF, 0x59, 0x8E, 0x90, 0x46, 0xCB, 0xCB,
    0xBD, 0xAF, 0x1C, 0x37, 0x73, 0x6D, 0x62, 0x60, 0x12, 0x04, 0x35, 0x6C, 0x08, 0x59, 0x0A, 0x59,
    0x66, 0x8E, 0x4F, 0x8C, 0xDB, 0x4C, 0x17, 0xAB, 0x41, 0x7F, 0xFE, 0x98, 0x5E, 0x00, 0x13, 0xCA,
    0x4B, 0xAC, 0x25, 0x5A, 0x89, 0x9A, 0xD7, 0xF1, 0xC9, 0xF8, 0x36, 0xDA, 0x41, 0x72, 0xA2, 0xA1,
    0x2C, 0x42, 0x37, 0x27, 0x63, 0xD3, 0x3C, 0x7D, 0x44, 0x06, 0x67, 0xC6, 0xD9, 0xAC, 0x97, 0xD2,
    0x41, 0x7F, 0x6C, 0x75, 0x99, 0x03, 0xEB, 0x3B, 0x16, 0xDE, 0xC7, 0x0A, 0x03, 0x96, 0x79, 0x82,
    0xFA, 0x77, 0x97, 0x41, 0xBE, 0x66, 0xA1, 0xFF, 0xF6, 0x49, 0x33, 0x5F, 0xAB, 0xF8, 0x35, 0xCD,
    0x8B, 0x9B, 0x15, 0x3F, 0x3C, 0x76, 0x48, 0x4B, 0x2D, 0xBC, 0xEE, 0x86, 0xF0, 0x1D, 0xA7, 0x67,
    0x86, 0x53, 0x55, 0x06, 0x39, 0x0F, 0x45, 0xC3, 0x03, 0xA3, 0x90, 0x98, 0x92, 0x9F, 0xE1, 0x8D,
    0x2B, 0x43, 0x07, 0x59, 0xB4, 0x5B, 0x4E, 0xE3, 0x61, 0xD6, 0x18, 0x2F, 0x1B, 0x78, 0x4B, 0x89,
    0x68, 0x4A, 0x36, 0xF0, 0x88, 0x38, 0x57, 0x10, 0xC8, 0x7F, 0x27, 0x57, 0xF8, 0x65, 0xF9, 0x87,
    0x06, 0x79, 0x10, 0x04, 0xB9, 0x7F, 0xA6, 0x0E, 0x06, 0xC0, 0x37, 0x56, 0xC0, 0x60, 0x41, 0x46,
    0x39, 0x1E, 0xD9, 0xEB, 0xB2, 0xE0, 0xD3, 0x3E, 0x7A, 0x0C, 0xDB, 0x0C, 0x5D, 0xC1, 0x6E, 0x9C,
    0x93, 0x43, 0x01, 0x87, 0x73, 0xA2, 0x20, 0xD1, 0x5C, 0x21, 0xF5, 0xDC, 0xED, 0x36, 0xD3, 0x48,
    0x50, 0x56, 0x12, 0x20, 0xD1, 0x89, 0x03, 0x04, 0x69, 0x52, 0xC7, 0x38, 0x5D, 0x4D, 0xAE, 0xDB,
    0xD5, 0x07, 0xB2, 0xA6, 0x0A, 0xF4, 0xA1, 0x96, 0x40, 0xBF, 0x5A, 0x62, 0x19, 0x84, 0x9B, 0x27,
    0xAD, 0x70, 0x13, 0x9B, 0x8A, 0x4A, 0x4B, 0x3E, 0xBA, 0xAD, 0x28, 0x0D, 0x44, 0x87, 0xE8, 0xEC,
    0x55, 0xBF, 0x6B, 0x2E, 0xC3, 0x3F, 0x96, 0x25, 0x86, 0x13, 0x2D, 0x66, 0x4A, 0xCE, 0x21, 0xD0,
    0x92, 0x25, 0xD1, 0x25, 0x57, 0xE8, 0xA1, 0x65, 0xA2, 0xA5, 0x82, 0x3F, 0xF8, 0x74, 0xBD, 0x50,
    0x34, 0xCD, 0x4A, 0xB7, 0x5E, 0x86, 0x29, 0x1B, 0x1E, 0x47, 0xB1, 0x44, 0xC0, 0x13, 0x4F, 0x52,
    0x62, 0xA2, 0x98, 0x52, 0xBE, 0x43, 0x36, 0xFA, 0x3E, 0x19, 0xC4, 0xDF, 0x89, 0xA8, 0x12, 0xC0,
    0xF1, 0x89, 0x97, 0x8D, 0xB4, 0x2C, 0xF0, 0x3C, 0x28, 0x4C, 0xCE, 0xAB, 0x5A, 0x0E, 0x4C, 0xF1,
    0x7E, 0x01, 0xD7, 0xEF, 0x45, 0x7A, 0xF8, 0x60, 0x9C, 0x01, 0x3E, 0x53, 0x24, 0x9A, 0xAE, 0xAC,
    0xEE, 0x97, 0x44, 0x84, 0x6F, 0x81, 0xBE, 0x84, 0xD4, 0xC2, 0x27, 0xEA, 0x21, 0x12, 0x4B, 0x00,
    0xA1, 0xC5, 0xE2, 0x9F, 0x6F, 0x22, 0x1B, 0x79, 0x5C, 0xE6, 0x39, 0x9F, 0x53, 0x04, 0x54, 0x42,
    0x33, 0x43, 0x62, 0x7D, 0x93, 0x55, 0xFC, 0x7A, 0x31, 0x1A, 0x69, 0x22, 0xD5, 0x2A, 0xEB, 0x47,
    0x7B, 0x1D, 0x5A, 0xAB, 0x79, 0x9A, 0x07, 0x3E, 0x2F, 0x27, 0x4B, 0xC3, 0x73, 0xD8, 0x1B, 0xEA,
    0x41, 0x1A, 0xE2, 0xE3, 0x30, 0x4A, 0xB1, 0x96, 0xB8, 0xBA, 0xF6, 0x72, 0x68, 0x00, 0x8A, 0xC4,
    0x12, 0x45, 0x7F, 0xC6, 0xC6, 0xA3, 0xE1, 0x71, 0x0A, 0xF9, 0x71, 0xE9, 0x76, 0xD7, 0x6B, 0xD4,
    0xA8, 0x10, 0x7C, 0x5C, 0xEE, 0xE9, 0xF2, 0x02, 0xD7, 0xB8, 0xC4, 0x81, 0x87, 0xAC, 0x5D, 0x22,
    0xFC, 0xC7, 0x40, 0x56, 0xAA, 0xB6, 0x1D, 0x0E, 0xC4, 0x3C, 0x2F, 0x83, 0x67, 0x6C, 0x9B, 0xE7,
    0x64, 0xA5, 0x73, 0x47, 0x10, 0x64, 0x28, 0xB4, 0x54, 0xCC, 0x4A, 0x9C, 0xE1, 0x35, 0xCA, 0xCB,
    0xA9, 0x05, 0x80, 0xA7, 0x44, 0x33, 0xC8, 0xBB, 0xFB, 0x65, 0x55, 0x8D, 0x6A, 0x1E, 0xB5, 0x31,
    0x35, 0x75, 0x62, 0xB1, 0x99, 0xA1, 0xA8, 0x71, 0x89, 0x00, 0x1D, 0xB0, 0x44, 0x1D, 0xC5, 0xB5,
    0xE9, 0x0A, 0xDA, 0x6E, 0x67, 0x21, 0x7F, 0x44, 0xC7, 0xC6, 0xE5, 0x9C, 0x2C, 0x4D, 0x5E, 0x92,
    0x4A, 0x09, 0x1B, 0xCA, 0xA1, 0xA9, 0x03, 0xA4, 0xD1, 0x4C, 0x6E, 0xBB, 0x8F, 0x6D, 0xB7, 0x5D,
    0xC1, 0x9B, 0xFC, 0xBB, 0xB6, 0xCF, 0x9A, 0x7B, 0x25, 0xF8, 0xB0, 0x24, 0xE0, 0xFF, 0x01,
};

static const EpdGlyph inter_12_boldGlyphs[] = {
    { 0, 0, 0, 0, 0, 0, 0 }, // U+0000
    { 0, 0, 0, 0, 0, 0, 0 }, // U+0001
    { 0, 0, 0, 0, 0, 0, 0 }, // U+0002
    { 0, 0, 0, 0, 0, 0, 0 }, // U+0003
    { 0, 0, 0, 0, 0, 0, 0 }, // U+0004
    { 0, 0, 0, 0, 0, 0, 0 }, // U+0005
    { 0, 0, 0, 0, 0, 0, 0 }, // U+0006
    { 0, 0, 0, 0, 0, 0, 0 }, // U+0007
    { 0, 0, 0, 0, 0, 0, 0 }, // U+0008
    { 0, 0, 0, 0, 0, 0, 0 }, // U+0009
    { 0, 0, 0, 0, 0, 0, 0 }, // U+000A
    { 0, 0, 0, 0, 0, 0, 0 }, // U+000B
    { 0, 0, 0, 0, 0, 0, 0 }, // U+000C
    { 0, 0, 0, 0, 0, 0, 0 }, // U+000D
    { 0, 0, 0, 0, 0, 0, 0 }, // U+000E
    { 0, 0, 0, 0, 0, 0, 0 }, // U+000F
    { 0, 0, 0, 0, 0, 0, 0 }, // U+0010
    { 0, 0, 0, 0, 0, 0, 0 }, // U+0011
    { 0, 0, 0, 0, 0, 0, 0 }, // U+0012
    { 0, 0, 0, 0, 0, 0, 0 }, // U+0013
    { 0, 0, 0, 0, 0, 0, 0 }, // U+0014
    { 0, 0, 0, 0, 0, 0, 0 }, // U+0015
    { 0, 0, 0, 0, 0, 0, 0 }, // U+0016
    { 0, 0, 0, 0, 0, 0, 0 }, // U+0017
    { 0, 0, 0, 0, 0, 0, 0 }, // U+0018
    { 0, 0, 0, 0, 0, 0, 0 }, // U+0019
    { 0, 0, 0, 0, 0, 0, 0 }, // U+001A
    { 0, 0, 0, 0, 0, 0, 0 }, // U+001B
    { 0, 0, 0, 0, 0, 0, 0 }, // U+001C
    { 0, 0, 0, 0, 0, 0, 0 }, // U+001D
    { 0, 0, 0, 0, 0, 0, 0 }, // U+001E
    { 0, 0, 0, 0, 0, 0, 0 }, // U+001F
    { 0, 0, 93, 0, 0, 0, 0 }, // U+0020
    { 6, 20, 127, 1, 19, 15, 0 }, // !
    { 10, 9, 214, 2, 19, 12, 15 }, // "
    { 16, 19, 257, 0, 19, 38, 27 }, // #
    { 15, 24, 262, 1, 21, 45, 65 }, // $
    { 21, 20, 399, 2, 19, 53, 110 }, // %
    { 17, 20, 266, 0, 19, 43, 163 }, // &
    { 4, 9, 129, 2, 19, 5, 206 }, // '
    { 8, 24, 147, 1, 20, 24, 211 }, // (
    { 8, 24, 147, 0, 20, 24, 235 }, // )
    { 11, 12, 221, 1, 19, 17, 259 }, // *
    { 13, 14, 269, 2, 14, 23, 276 }, // +
    { 5, 9, 126, 1, 4, 6, 299 }, // ,
    { 9, 4, 185, 1, 9, 5, 305 }, // -
    { 6, 5, 126, 1, 4, 4, 310 }, // .
    { 10, 23, 153, 0, 20, 29, 314 }, // /
    { 15, 20, 268, 1, 19, 38, 343 }, // 0
    { 9, 19, 169, 0, 19, 22, 381 }, // 1
    { 14, 19, 249, 1, 19, 34, 403 }, // 2
    { 14, 20, 256, 1, 19, 35, 437 }, // 3
    { 15, 19, 269, 1, 19, 36, 472 }, // 4
    { 14, 20, 247, 1, 19, 35, 508 }, // 5
    { 14, 20, 257, 1, 19, 35, 543 }, // 6
    { 14, 19, 230, 0, 19, 34, 578 }, // 7
    { 15, 20, 257, 1, 19, 38, 612 }, // 8
    { 14, 20, 257, 1, 19, 35, 650 }, // 9
    { 6, 14, 126, 1, 13, 11, 685 }, // :
    { 6, 18, 129, 1, 13, 14, 696 }, // ;
    { 14, 15, 269, 1, 15, 27, 710 }, // <
    { 13, 10, 269, 2, 12, 17, 737 }, // =
    { 13, 15, 269, 2, 15, 25, 754 }, // >
    { 13, 20, 224, 0, 19, 33, 779 }, // ?
    { 24, 25, 405, 1, 19, 75, 812 }, // @
    { 18, 19, 296, 0, 19, 43, 887 }, // A
    { 15, 19, 263, 1, 19, 36, 930 }, // B
    { 17, 20, 295, 1, 19, 43, 966 }, // C
    { 16, 19, 287, 1, 19, 38, 1009 }, // D
    { 13, 19, 243, 1, 19, 31, 1047 }, // E
    { 13, 19, 234, 1, 19, 31, 1078 }, // F
    { 17, 20, 299, 1, 19, 43, 1109 }, // G
    { 16, 19, 296, 1, 19, 38, 1152 }, // H
    { 5, 19, 110, 1, 19, 12, 1190 }, // I
    { 13, 20, 232, 0, 19, 33, 1202 }, // J
    { 17, 19, 285, 1, 19, 41, 1235 }, // K
    { 13, 19, 225, 1, 19, 31, 1276 }, // L
    { 21, 19, 369, 1, 19, 50, 1307 }, // M
    { 17, 19, 302, 1, 19, 41, 1357 }, // N
    { 18, 20, 306, 1, 19, 45, 1398 }, // O
    { 15, 19, 258, 1, 19, 36, 1443 }, // P
    { 18, 21, 308, 1, 19, 48, 1479 }, // Q
    { 15, 19, 262, 1, 19, 36, 1527 }, // R
    { 15, 20, 262, 1, 19, 38, 1563 }, // S
    { 16, 19, 264, 0, 19, 38, 1601 }, // T
    { 16, 20, 290, 1, 19, 40, 1639 }, // U
    { 18, 19, 295, 0, 19, 43, 1679 }, // V
    { 26, 19, 411, 0, 19, 62, 1722 }, // W
    { 18, 19, 292, 0, 19, 43, 1784 }, // X
    { 18, 19, 289, 0, 19, 43, 1827 }, // Y
    { 15, 19, 263, 1, 19, 36, 1870 }, // Z
    { 7, 24, 147, 2, 20, 21, 1906 }, // [
    { 10, 23, 153, 0, 20, 29, 1927 }, // <backslash>
    { 7, 24, 147, 1, 20, 21, 1956 }, // ]
    { 12, 9, 193, 0, 18, 14, 1977 }, // ^
    { 12, 3, 190, 0, 0, 5, 1991 }, // _
    { 6, 4, 140, 1, 19, 3, 1996 }, // `
    { 13, 15, 230, 0, 14, 25, 1999 }, // a
    { 14, 20, 249, 1, 19, 35, 2024 }, // b
    { 14, 15, 232, 0, 14, 27, 2059 }, // c
    { 15, 20, 249, 0, 19, 38, 2086 }, // d
    { 14, 15, 235, 0, 14, 27, 2124 }, // e
    { 10, 19, 157, 0, 19, 24, 2151 }, // f
    { 15, 20, 250, 0, 14, 38, 2175 }, // g
    { 13, 19, 246, 1, 19, 31, 2213 }, // h
    { 5, 19, 106, 1, 19, 12, 2244 }, // i
    { 7, 25, 106, -1, 19, 22, 2256 }, // j
    { 14, 19, 229, 1, 19, 34, 2278 }, // k
    { 5, 19, 106, 1, 19, 12, 2312 }, // l
    { 21, 14, 362, 1, 14, 37, 2324 }, // m
    { 13, 14, 246, 1, 14, 23, 2361 }, // n
    { 15, 15, 242, 0, 14, 29, 2384 }, // o
    { 14, 20, 249, 1, 14, 35, 2413 }, // p
    { 15, 20, 249, 0, 14, 38, 2448 }, // q
    { 9, 14, 160, 1, 14, 16, 2486 }, // r
    { 13, 15, 221, 0, 14, 25, 2502 }, // s
    { 9, 18, 147, 0, 17, 21, 2527 }, // t
    { 13, 15, 246, 1, 14, 25, 2548 }, // u
    { 15, 14, 236, 0, 14, 27, 2573 }, // v
    { 21, 14, 337, 0, 14, 37, 2600 }, // w
    { 14, 14, 228, 0, 14, 25, 2637 }, // x
    { 15, 20, 237, 0, 14, 38, 2662 }, // y
    { 12, 14, 225, 1, 14, 21, 2700 }, // z
    { 10, 24, 185, 1, 20, 30, 2721 }, // {
    { 5, 31, 146, 2, 25, 20, 2751 }, // |
    { 9, 24, 185, 1, 20, 27, 2771 }, // }
    { 15, 7, 269, 1, 11, 14, 2798 }, // ~
    { 0, 0, 0, 0, 0, 0, 2812 }, // U+007F
    { 0, 0, 0, 0, 0, 0, 2812 }, // U+0080
    { 0, 0, 0, 0, 0, 0, 2812 }, // U+0081
    { 0, 0, 0, 0, 0, 0, 2812 }, // U+0082
    { 0, 0, 0, 0, 0, 0, 2812 }, // U+0083
    { 0, 0, 0, 0, 0, 0, 2812 }, // U+0084
    { 0, 0, 0, 0, 0, 0, 2812 }, // U+0085
    { 0, 0, 0, 0, 0, 0, 2812 }, // U+0086
    { 0, 0, 0, 0, 0, 0, 2812 }, // U+0087
    { 0, 0, 0, 0, 0, 0, 2812 }, // U+0088
    { 0, 0, 0, 0, 0, 0, 2812 }, // U+0089
    { 0, 0, 0, 0, 0, 0, 2812 }, // U+008A
    { 0, 0, 0, 0, 0, 0, 2812 }, // U+008B
    { 0, 0, 0, 0, 0, 0, 2812 }, // U+008C
    { 0, 0, 0, 0, 0, 0, 2812 }, // U+008D
    { 0, 0, 0, 0, 0, 0, 2812 }, // U+008E
    { 0, 0, 0, 0, 0, 0, 2812 }, // U+008F
    { 0, 0, 0, 0, 0, 0, 2812 }, // U+0090
    { 0, 0, 0, 0, 0, 0, 2812 }, // U+0091
    { 0, 0, 0, 0, 0, 0, 2812 }, // U+0092
    { 0, 0, 0, 0, 0, 0, 2812 }, // U+0093
    { 0, 0, 0, 0, 0, 0, 2812 }, // U+0094
    { 0, 0, 0, 0, 0, 0, 2812 }, // U+0095
    { 0, 0, 0, 0, 0, 0, 2812 }, // U+0096
    { 0, 0, 0, 0, 0, 0, 2812 }, // U+0097
    { 0, 0, 0, 0, 0, 0, 2812 }, // U+0098
    { 0, 0, 0, 0, 0, 0, 2812 }, // U+0099
    { 0, 0, 0, 0, 0, 0, 2812 }, // U+009A
    { 0, 0, 0, 0, 0, 0, 2812 }, // U+009B
    { 0, 0, 0, 0, 0, 0, 2812 }, // U+009C
    { 0, 0, 0, 0, 0, 0, 2812 }, // U+009D
    { 0, 0, 0, 0, 0, 0, 2812 }, // U+009E
    { 0, 0, 0, 0, 0, 0, 2812 }, // U+009F
    { 0, 0, 93, 0, 0, 0, 2812 }, // U+00A0
    { 6, 19, 127, 1, 14, 15, 2812 }, // U+00A1
    { 14, 19, 232, 0, 19, 34, 2827 }, // U+00A2
    { 14, 19, 253, 1, 19, 34, 2861 }, // U+00A3
    { 17, 17, 303, 1, 16, 37, 2895 }, // U+00A4
    { 14, 19, 226, 0, 19, 34, 2932 }, // U+00A5
    { 4, 23, 133, 2, 19, 12, 2966 }, // U+00A6
    { 12, 23, 225, 1, 19, 35, 2978 }, // U+00A7
    { 10, 4, 246, 3, 19, 5, 3013 }, // U+00A8
    { 20, 20, 364, 1, 19, 50, 3018 }, // U+00A9
    { 11, 12, 184, 0, 19, 17, 3068 }, // U+00AA
    { 15, 13, 260, 1, 14, 25, 3085 }, // U+00AB
    { 12, 7, 269, 2, 10, 11, 3110 }, // U+00AC
    { 0, 0, 0, 0, 0, 0, 3121 }, // U+00AD
    { 15, 15, 263, 1, 19, 29, 3121 }, // U+00AE
    { 8, 4, 171, 1, 19, 4, 3150 }, // U+00AF
    { 10, 10, 182, 1, 19, 13, 3154 }, // U+00B0
    { 13, 15, 269, 2, 15, 25, 3167 }, // U+00B1
    { 9, 12, 178, 1, 22, 14, 3192 }, // U+00B2
    { 10, 12, 183, 1, 22, 15, 3206 }, // U+00B3
    { 7, 4, 140, 1, 19, 4, 3221 }, // U+00B4
    { 15, 20, 248, 1, 14, 38, 3225 }, // U+00B5
    { 14, 19, 237, 0, 19, 34, 3263 }, // U+00B6
    { 6, 5, 126, 1, 11, 4, 3297 }, // U+00B7
    { 6, 7, 144, 2, 1, 6, 3301 }, // U+00B8
    { 6, 11, 128, 1, 21, 9, 3307 }, // U+00B9
    { 12, 12, 194, 0, 19, 18, 3316 }, // U+00BA
    { 16, 13, 260, 0, 14, 26, 3334 }, // U+00BB
    { 21, 19, 333, 0, 19, 50, 3360 }, // U+00BC
    { 21, 19, 347, 0, 19, 50, 3410 }, // U+00BD
    { 22, 19, 364, 0, 19, 53, 3460 }, // U+00BE
    { 13, 19, 224, 1, 14, 31, 3513 }, // U+00BF
    { 18, 24, 296, 0, 24, 54, 3544 }, // U+00C0
    { 18, 24, 296, 0, 24, 54, 3598 }, // U+00C1
    { 18, 24, 296, 0, 24, 54, 3652 }, // U+00C2
    { 18, 24, 296, 0, 24, 54, 3706 }, // U+00C3
    { 18, 24, 296, 0, 24, 54, 3760 }, // U+00C4
    { 18, 25, 296, 0, 25, 57, 3814 }, // U+00C5
    { 25, 19, 409, 0, 19, 60, 3871 }, // U+00C6
    { 17, 25, 295, 1, 19, 54, 3931 }, // U+00C7
    { 13, 24, 243, 1, 24, 39, 3985 }, // U+00C8
    { 13, 24, 243, 1, 24, 39, 4024 }, // U+00C9
    { 13, 24, 243, 1, 24, 39, 4063 }, // U+00CA
    { 13, 24, 243, 1, 24, 39, 4102 }, // U+00CB
    { 7, 24, 110, -1, 24, 21, 4141 }, // U+00CC
    { 7, 24, 110, 1, 24, 21, 4162 }, // U+00CD
    { 11, 24, 110, -2, 24, 33, 4183 }, // U+00CE
    { 11, 24, 110, -2, 24, 33, 4216 }, // U+00CF
    { 18, 19, 303, 0, 19, 43, 4249 }, // U+00D0
    { 17, 24, 302, 1, 24, 51, 4292 }, // U+00D1
    { 18, 25, 306, 1, 24, 57, 4343 }, // U+00D2
    { 18, 25, 306, 1, 24, 57, 4400 }, // U+00D3
    { 18, 25, 306, 1, 24, 57, 4457 }, // U+00D4
    { 18, 25, 306, 1, 24, 57, 4514 }, // U+00D5
    { 18, 25, 306, 1, 24, 57, 4571 }, // U+00D6
    { 13, 14, 269, 2, 14, 23, 4628 }, // U+00D7
    { 18, 20, 306, 1, 19, 45, 4651 }, // U+00D8
    { 16, 25, 290, 1, 24, 50, 4696 }, // U+00D9
    { 16, 25, 290, 1, 24, 50, 4746 }, // U+00DA
    { 16, 25, 290, 1, 24, 50, 4796 }, // U+00DB
    { 16, 25, 290, 1, 24, 50, 4846 }, // U+00DC
    { 18, 24, 289, 0, 24, 54, 4896 }, // U+00DD
    { 14, 19, 265, 1, 19, 34, 4950 }, // U+00DE
    { 15, 19, 261, 1, 19, 36, 4984 }, // U+00DF
    { 13, 20, 230, 0, 19, 33, 5020 }, // U+00E0
    { 13, 20, 230, 0, 19, 33, 5053 }, // U+00E1
    { 13, 20, 230, 0, 19, 33, 5086 }, // U+00E2
    { 13, 20, 230, 0, 19, 33, 5119 }, // U+00E3
    { 13, 20, 230, 0, 19, 33, 5152 }, // U+00E4
    { 13, 22, 230, 0, 21, 36, 5185 }, // U+00E5
    { 22, 15, 362, 0, 14, 42, 5221 }, // U+00E6
    { 14, 20, 232, 0, 14, 35, 5263 }, // U+00E7
    { 14, 20, 235, 0, 19, 35, 5298 }, // U+00E8
    { 14, 20, 235, 0, 19, 35, 5333 }, // U+00E9
    { 14, 20, 235, 0, 19, 35, 5368 }, // U+00EA
    { 14, 20, 235, 0, 19, 35, 5403 }, // U+00EB
    { 7, 19, 106, -1, 19, 17, 5438 }, // U+00EC
    { 7, 19, 106, 1, 19, 17, 5455 }, // U+00ED
    { 11, 19, 106, -2, 19, 27, 5472 }, // U+00EE
    { 10, 19, 106, -2, 19, 24, 5499 }, // U+00EF
    { 14, 21, 238, 0, 20, 37, 5523 }, // U+00F0
    { 13, 19, 246, 1, 19, 31, 5560 }, // U+00F1
    { 15, 20, 242, 0, 19, 38, 5591 }, // U+00F2
    { 15, 20, 242, 0, 19, 38, 5629 }, // U+00F3
    { 15, 20, 242, 0, 19, 38, 5667 }, // U+00F4
    { 15, 20, 242, 0, 19, 38, 5705 }, // U+00F5
    { 15, 20, 242, 0, 19, 38, 5743 }, // U+00F6
    { 13, 15, 269, 2, 15, 25, 5781 }, // U+00F7
    { 15, 16, 242, 0, 15, 30, 5806 }, // U+00F8
    { 13, 20, 246, 1, 19, 33, 5836 }, // U+00F9
    { 13, 20, 246, 1, 19, 33, 5869 }, // U+00FA
    { 13, 20, 246, 1, 19, 33, 5902 }, // U+00FB
    { 13, 20, 246, 1, 19, 33, 5935 }, // U+00FC
    { 15, 25, 237, 0, 19, 47, 5968 }, // U+00FD
    { 14, 25, 249, 1, 19, 44, 6015 }, // U+00FE
    { 15, 25, 237, 0, 19, 47, 6059 }, // U+00FF
    { 18, 24, 296, 0, 24, 54, 6106 }, // U+0100
    { 13, 20, 230, 0, 19, 33, 6160 }, // U+0101
    { 18, 24, 296, 0, 24, 54, 6193 }, // U+0102
    { 13, 20, 230, 0, 19, 33, 6247 }, // U+0103
    { 19, 25, 296, 0, 19, 60, 6280 }, // U+0104
    { 14, 20, 230, 0, 14, 35, 6340 }, // U+0105
    { 17, 25, 295, 1, 24, 54, 6375 }, // U+0106
    { 14, 20, 232, 0, 19, 35, 6429 }, // U+0107
    { 17, 25, 295, 1, 24, 54, 6464 }, // U+0108
    { 14, 20, 232, 0, 19, 35, 6518 }, // U+0109
    { 17, 25, 295, 1, 24, 54, 6553 }, // U+010A
    { 14, 20, 232, 0, 19, 35, 6607 }, // U+010B
    { 17, 25, 295, 1, 24, 54, 6642 }, // U+010C
    { 14, 20, 232, 0, 19, 35, 6696 }, // U+010D
    { 16, 24, 287, 1, 24, 48, 6731 }, // U+010E
    { 19, 21, 299, 0, 20, 50, 6779 }, // U+010F
    { 18, 19, 303, 0, 19, 43, 6829 }, // U+0110
    { 16, 20, 249, 0, 19, 40, 6872 }, // U+0111
    { 13, 24, 243, 1, 24, 39, 6912 }, // U+0112
    { 14, 20, 235, 0, 19, 35, 6951 }, // U+0113
    { 13, 24, 243, 1, 24, 39, 6986 }, // U+0114
    { 14, 20, 235, 0, 19, 35, 7025 }, // U+0115
    { 13, 24, 243, 1, 24, 39, 7060 }, // U+0116
    { 14, 20, 235, 0, 19, 35, 7099 }, // U+0117
    { 14, 25, 243, 1, 19, 44, 7134 }, // U+0118
    { 14, 20, 235, 0, 14, 35, 7178 }, // U+0119
    { 13, 24, 243, 1, 24, 39, 7213 }, // U+011A
    { 14, 20, 235, 0, 19, 35, 7252 }, // U+011B
    { 17, 25, 299, 1, 24, 54, 7287 }, // U+011C
    { 15, 25, 250, 0, 19, 47, 7341 }, // U+011D
    { 17, 25, 299, 1, 24, 54, 7388 }, // U+011E
    { 15, 25, 250, 0, 19, 47, 7442 }, // U+011F
    { 17, 25, 299, 1, 24, 54, 7489 }, // U+0120
    { 15, 25, 250, 0, 19, 47, 7543 }, // U+0121
    { 17, 25, 299, 1, 19, 54, 7590 }, // U+0122
    { 15, 27, 250, 0, 21, 51, 7644 }, // U+0123
    { 16, 24, 296, 1, 24, 48, 7695 }, // U+0124
    { 16, 24, 246, -2, 24, 48, 7743 }, // U+0125
    { 20, 19, 320, 0, 19, 48, 7791 }, // U+0126
    { 15, 19, 246, -1, 19, 36, 7839 }, // U+0127
    { 9, 24, 110, -1, 24, 27, 7875 }, // U+0128
    { 9, 19, 106, -1, 19, 22, 7902 }, // U+0129
    { 8, 24, 110, -1, 24, 24, 7924 }, // U+012A
    { 8, 19, 106, -1, 19, 19, 7948 }, // U+012B
    { 9, 24, 110, -1, 24, 27, 7967 }, // U+012C
    { 9, 19, 106, -1, 19, 22, 7994 }, // U+012D
    { 6, 25, 110, 0, 19, 19, 8016 }, // U+012E
    { 7, 25, 106, -1, 19, 22, 8035 }, // U+012F
    { 5, 24, 110, 1, 24, 15, 8057 }, // U+0130
    { 5, 14, 106, 1, 14, 9, 8072 }, // U+0131
    { 19, 20, 342, 1, 19, 48, 8081 }, // U+0132
    { 11, 25, 213, 1, 19, 35, 8129 }, // U+0133
    { 16, 25, 232, 0, 24, 50, 8164 }, // U+0134
    { 11, 25, 106, -2, 19, 35, 8214 }, // U+0135
    { 17, 25, 285, 1, 19, 54, 8249 }, // U+0136
    { 14, 25, 229, 1, 19, 44, 8303 }, // U+0137
    { 14, 14, 232, 1, 14, 25, 8347 }, // U+0138
    { 13, 24, 225, 1, 24, 39, 8372 }, // U+0139
    { 7, 24, 106, 1, 24, 21, 8411 }, // U+013A
    { 13, 25, 225, 1, 19, 41, 8432 }, // U+013B
    { 6, 25, 106, 0, 19, 19, 8473 }, // U+013C
    { 13, 20, 225, 1, 20, 33, 8492 }, // U+013D
    { 9, 20, 156, 1, 20, 23, 8525 }, // U+013E
    { 13, 19, 229, 1, 19, 31, 8548 }, // U+013F
    { 10, 19, 177, 1, 19, 24, 8579 }, // U+0140
    { 15, 19, 241, 0, 19, 36, 8603 }, // U+0141
    { 8, 19, 106, -1, 19, 19, 8639 }, // U+0142
    { 17, 24, 302, 1, 24, 51, 8658 }, // U+0143
    { 13, 19, 246, 1, 19, 31, 8709 }, // U+0144
    { 17, 25, 302, 1, 19, 54, 8740 }, // U+0145
    { 13, 20, 246, 1, 14, 33, 8794 }, // U+0146
    { 17, 24, 302, 1, 24, 51, 8827 }, // U+0147
    { 13, 19, 246, 1, 19, 31, 8878 }, // U+0148
    { 17, 25, 302, 1, 19, 54, 8909 }, // U+014A
    { 13, 20, 246, 1, 14, 33, 8963 }, // U+014B
    { 18, 25, 306, 1, 24, 57, 8996 }, // U+014C
    { 15, 20, 242, 0, 19, 38, 9053 }, // U+014D
    { 18, 25, 306, 1, 24, 57, 9091 }, // U+014E
    { 15, 20, 242, 0, 19, 38, 9148 }, // U+014F
    { 18, 25, 306, 1, 24, 57, 9186 }, // U+0150
    { 15, 20, 242, 0, 19, 38, 9243 }, // U+0151
    { 24, 19, 408, 1, 19, 57, 9281 }, // U+0152
    { 24, 15, 391, 0, 14, 45, 9338 }, // U+0153
    { 15, 24, 262, 1, 24, 45, 9383 }, // U+0154
    { 9, 19, 160, 1, 19, 22, 9428 }, // U+0155
    { 15, 25, 262, 1, 19, 47, 9450 }, // U+0156
    { 10, 20, 160, 0, 14, 25, 9497 }, // U+0157
    { 15, 24, 262, 1, 24, 45, 9522 }, // U+0158
    { 11, 19, 160, 0, 19, 27, 9567 }, // U+0159
    { 15, 25, 262, 1, 24, 47, 9594 }, // U+015A
    { 13, 20, 221, 0, 19, 33, 9641 }, // U+015B
    { 15, 25, 262, 1, 24, 47, 9674 }, // U+015C
    { 13, 20, 221, 0, 19, 33, 9721 }, // U+015D
    { 15, 25, 262, 1, 19, 47, 9754 }, // U+015E
    { 13, 20, 221, 0, 14, 33, 9801 }, // U+015F
    { 15, 25, 262, 1, 24, 47, 9834 }, // U+0160
    { 13, 20, 221, 0, 19, 33, 9881 }, // U+0161
    { 16, 25, 264, 0, 19, 50, 9914 }, // U+0162
    { 9, 23, 147, 0, 17, 26, 9964 }, // U+0163
    { 16, 24, 264, 0, 24, 48, 9990 }, // U+0164
    { 11, 22, 177, 0, 21, 31, 10038 }, // U+0165
    { 16, 19, 264, 0, 19, 38, 10069 }, // U+0166
    { 9, 18, 147, 0, 17, 21, 10107 }, // U+0167
    { 16, 25, 290, 1, 24, 50, 10128 }, // U+0168
    { 13, 20, 246, 1, 19, 33, 10178 }, // U+0169
    { 16, 25, 290, 1, 24, 50, 10211 }, // U+016A
    { 13, 20, 246, 1, 19, 33, 10261 }, // U+016B
    { 16, 25, 290, 1, 24, 50, 10294 }, // U+016C
    { 13, 20, 246, 1, 19, 33, 10344 }, // U+016D
    { 16, 26, 290, 1, 25, 52, 10377 }, // U+016E
    { 13, 22, 246, 1, 21, 36, 10429 }, // U+016F
    { 16, 25, 290, 1, 24, 50, 10465 }, // U+0170
    { 13, 20, 246, 1, 19, 33, 10515 }, // U+0171
    { 16, 25, 290, 1, 19, 50, 10548 }, // U+0172
    { 14, 20, 246, 1, 14, 35, 10598 }, // U+0173
    { 26, 24, 411, 0, 24, 78, 10633 }, // U+0174
    { 21, 19, 337, 0, 19, 50, 10711 }, // U+0175
    { 18, 24, 289, 0, 24, 54, 10761 }, // U+0176
    { 15, 25, 237, 0, 19, 47, 10815 }, // U+0177
    { 18, 24, 289, 0, 24, 54, 10862 }, // U+0178
    { 15, 24, 263, 1, 24, 45, 10916 }, // U+0179
    { 12, 19, 225, 1, 19, 29, 10961 }, // U+017A
    { 15, 24, 263, 1, 24, 45, 10990 }, // U+017B
    { 12, 19, 225, 1, 19, 29, 11035 }, // U+017C
    { 15, 24, 263, 1, 24, 45, 11064 }, // U+017D
    { 12, 19, 225, 1, 19, 29, 11109 }, // U+017E
    { 8, 19, 134, 1, 19, 19, 11138 }, // U+017F
    { 18, 22, 309, 1, 21, 50, 11157 }, // U+01A0
    { 15, 18, 242, 0, 17, 34, 11207 }, // U+01A1
    { 18, 22, 290, 1, 21, 50, 11241 }, // U+01AF
    { 15, 18, 263, 1, 17, 34, 11291 }, // U+01B0
    { 30, 19, 512, 1, 19, 72, 11325 }, // U+01C5
    { 29, 20, 474, 0, 19, 73, 11397 }, // U+01C6
    { 27, 20, 457, 1, 19, 68, 11470 }, // U+01C7
    { 19, 25, 332, 1, 19, 60, 11538 }, // U+01C8
    { 11, 25, 213, 1, 19, 35, 11598 }, // U+01C9
    { 31, 20, 533, 1, 19, 78, 11633 }, // U+01CA
    { 24, 25, 408, 1, 19, 75, 11711 }, // U+01CB
    { 20, 25, 352, 1, 19, 63, 11786 }, // U+01CC
    { 18, 24, 296, 0, 24, 54, 11849 }, // U+01CD
    { 13, 20, 230, 0, 19, 33, 11903 }, // U+01CE
    { 11, 24, 110, -2, 24, 33, 11936 }, // U+01CF
    { 11, 19, 106, -2, 19, 27, 11969 }, // U+01D0
    { 18, 25, 306, 1, 24, 57, 11996 }, // U+01D1
    { 15, 20, 242, 0, 19, 38, 12053 }, // U+01D2
    { 16, 25, 290, 1, 24, 50, 12091 }, // U+01D3
    { 13, 20, 246, 1, 19, 33, 12141 }, // U+01D4
    { 16, 29, 290, 1, 28, 58, 12174 }, // U+01D5
    { 13, 24, 246, 1, 23, 39, 12232 }, // U+01D6
    { 16, 29, 290, 1, 28, 58, 12271 }, // U+01D7
    { 13, 24, 246, 1, 23, 39, 12329 }, // U+01D8
    { 16, 29, 290, 1, 28, 58, 12368 }, // U+01D9
    { 13, 24, 246, 1, 23, 39, 12426 }, // U+01DA
    { 16, 29, 290, 1, 28, 58, 12465 }, // U+01DB
    { 13, 24, 246, 1, 23, 39, 12523 }, // U+01DC
    { 14, 15, 235, 0, 14, 27, 12562 }, // U+01DD
    { 18, 28, 296, 0, 28, 63, 12589 }, // U+01DE
    { 13, 24, 230, 0, 23, 39, 12652 }, // U+01DF
    { 18, 28, 296, 0, 28, 63, 12691 }, // U+01E0
    { 13, 24, 230, 0, 23, 39, 12754 }, // U+01E1
    { 25, 24, 409, 0, 24, 75, 12793 }, // U+01E2
    { 22, 20, 362, 0, 19, 55, 12868 }, // U+01E3
    { 18, 20, 299, 1, 19, 45, 12923 }, // U+01E4
    { 17, 20, 273, 0, 14, 43, 12968 }, // U+01E5
    { 17, 25, 299, 1, 24, 54, 13011 }, // U+01E6
    { 15, 25, 250, 0, 19, 47, 13065 }, // U+01E7
    { 17, 24, 285, 1, 24, 51, 13112 }, // U+01E8
    { 17, 24, 229, -2, 24, 51, 13163 }, // U+01E9
    { 18, 25, 306, 1, 19, 57, 13214 }, // U+01EA
    { 15, 20, 242, 0, 14, 38, 13271 }, // U+01EB
    { 18, 30, 306, 1, 24, 68, 13309 }, // U+01EC
    { 15, 25, 242, 0, 19, 47, 13377 }, // U+01ED
    { 17, 30, 272, 0, 24, 64, 13424 }, // U+01EE
    { 14, 25, 256, 1, 19, 44, 13488 }, // U+01EF
    { 11, 25, 106, -2, 19, 35, 13532 }, // U+01F0
    { 33, 19, 550, 1, 19, 79, 13567 }, // U+01F1
    { 30, 19, 512, 1, 19, 72, 13646 }, // U+01F2
    { 29, 20, 474, 0, 19, 73, 13718 }, // U+01F3
    { 17, 25, 299, 1, 24, 54, 13791 }, // U+01F4
    { 15, 25, 250, 0, 19, 47, 13845 }, // U+01F5
    { 26, 20, 444, 1, 19, 65, 13892 }, // U+01F6
    { 16, 25, 293, 1, 19, 50, 13957 }, // U+01F7
    { 17, 24, 302, 1, 24, 51, 14007 }, // U+01F8
    { 13, 19, 246, 1, 19, 31, 14058 }, // U+01F9
    { 18, 28, 296, 0, 28, 63, 14089 }, // U+01FA
    { 13, 25, 230, 0, 24, 41, 14152 }, // U+01FB
    { 25, 24, 409, 0, 24, 75, 14193 }, // U+01FC
    { 22, 20, 362, 0, 19, 55, 14268 }, // U+01FD
    { 18, 25, 306, 1, 24, 57, 14323 }, // U+01FE
    { 15, 20, 242, 0, 19, 38, 14380 }, // U+01FF
    { 18, 24, 296, 0, 24, 54, 14418 }, // U+0200
    { 13, 20, 230, 0, 19, 33, 14472 }, // U+0201
    { 18, 25, 296, 0, 25, 57, 14505 }, // U+0202
    { 13, 21, 230, 0, 20, 35, 14562 }, // U+0203
    { 13, 24, 243, 1, 24, 39, 14597 }, // U+0204
    { 14, 20, 235, 0, 19, 35, 14636 }, // U+0205
    { 13, 25, 243, 1, 25, 41, 14671 }, // U+0206
    { 14, 21, 235, 0, 20, 37, 14712 }, // U+0207
    { 10, 24, 110, -3, 24, 30, 14749 }, // U+0208
    { 11, 19, 106, -4, 19, 27, 14779 }, // U+0209
    { 9, 25, 110, -1, 25, 29, 14806 }, // U+020A
    { 9, 20, 106, -1, 20, 23, 14835 }, // U+020B
    { 18, 25, 306, 1, 24, 57, 14858 }, // U+020C
    { 15, 20, 242, 0, 19, 38, 14915 }, // U+020D
    { 18, 26, 306, 1, 25, 59, 14953 }, // U+020E
    { 15, 21, 242, 0, 20, 40, 15012 }, // U+020F
    { 15, 24, 262, 1, 24, 45, 15052 }, // U+0210
    { 11, 19, 160, -1, 19, 27, 15097 }, // U+0211
    { 15, 25, 262, 1, 25, 47, 15124 }, // U+0212
    { 9, 20, 160, 1, 20, 23, 15171 }, // U+0213
    { 16, 25, 290, 1, 24, 50, 15194 }, // U+0214
    { 13, 20, 246, 1, 19, 33, 15244 }, // U+0215
    { 16, 26, 290, 1, 25, 52, 15277 }, // U+0216
    { 13, 21, 246, 1, 20, 35, 15329 }, // U+0217
    { 15, 25, 262, 1, 19, 47, 15364 }, // U+0218
    { 13, 20, 221, 0, 14, 33, 15411 }, // U+0219
    { 16, 25, 264, 0, 19, 50, 15444 }, // U+021A
    { 9, 23, 147, 0, 17, 26, 15494 }, // U+021B
    { 15, 25, 265, 1, 19, 47, 15520 }, // U+021C
    { 12, 20, 228, 1, 14, 30, 15567 }, // U+021D
    { 16, 24, 296, 1, 24, 48, 15597 }, // U+021E
    { 16, 24, 246, -2, 24, 48, 15645 }, // U+021F
    { 6, 4, 0, 1, 19, 3, 15693 }, // U+0300
    { 7, 4, 0, 1, 19, 4, 15696 }, // U+0301
    { 11, 4, 0, 0, 19, 6, 15700 }, // U+0302
    { 10, 4, 0, 1, 19, 5, 15706 }, // U+0303
    { 8, 4, 0, 1, 19, 4, 15711 }, // U+0304
    { 9, 4, 0, 1, 19, 5, 15715 }, // U+0306
    { 5, 4, 0, 1, 19, 3, 15720 }, // U+0307
    { 10, 4, 0, 3, 19, 5, 15723 }, // U+0308
    { 5, 4, 0, 1, 19, 3, 15728 }, // U+0309
    { 7, 7, 0, 1, 21, 7, 15731 }, // U+030A
    { 12, 6, 0, -5, 20, 9, 15738 }, // U+030B
    { 11, 4, 0, 0, 19, 6, 15747 }, // U+030C
    { 11, 4, 0, 1, 19, 6, 15753 }, // U+030F
    { 6, 7, 0, -3, 18, 6, 15759 }, // U+0312
    { 5, 9, 0, 5, 13, 6, 15765 }, // U+0313
    { 5, 9, 0, 5, 13, 6, 15771 }, // U+0315
    { 5, 7, 0, -6, 19, 5, 15777 }, // U+031B
    { 5, 4, 113, 1, -2, 3, 15782 }, // U+0323
    { 4, 6, 0, -10, -1, 3, 15785 }, // U+0326
    { 6, 7, 0, 2, 1, 6, 15788 }, // U+0327
    { 7, 7, 0, 0, 1, 7, 15794 }, // U+0328
    { 11, 4, 0, 0, -2, 6, 15801 }, // U+032C
    { 12, 17, 0, -14, 15, 26, 15807 }, // U+0337
    { 15, 20, 0, -15, 19, 38, 15833 }, // U+0338
    { 10, 4, 0, -13, 19, 5, 15871 }, // U+0342
    { 5, 5, 0, 0, 15, 4, 15876 }, // U+0343
    { 10, 6, 0, -13, 20, 8, 15880 }, // U+0346
    { 9, 7, 0, -12, -2, 8, 15888 }, // U+0347
    { 7, 7, 0, -11, 0, 7, 15896 }, // U+0348
    { 6, 6, 0, -10, -1, 5, 15903 }, // U+0349
    { 11, 6, 0, -14, 20, 9, 15908 }, // U+034A
    { 10, 11, 0, -13, 25, 14, 15917 }, // U+034B
    { 10, 7, 0, -13, 22, 9, 15931 }, // U+034C
    { 12, 6, 0, -14, -1, 9, 15940 }, // U+034D
    { 6, 7, 0, -11, 0, 6, 15949 }, // U+034E
    { 0, 0, 0, 0, 0, 0, 15955 }, // U+034F
    { 10, 10, 0, -12, 25, 13, 15955 }, // U+0350
    { 4, 6, 0, -10, 19, 3, 15968 }, // U+0351
    { 10, 8, 0, -13, 22, 10, 15971 }, // U+0352
    { 7, 7, 0, -11, 0, 7, 15981 }, // U+0353
    { 7, 7, 0, -11, 0, 7, 15988 }, // U+0354
    { 7, 7, 0, -11, 0, 7, 15995 }, // U+0355
    { 15, 7, 0, -14, 0, 14, 16002 }, // U+0356
    { 4, 7, 0, 0, 21, 4, 16016 }, // U+0357
    { 5, 4, 0, 1, 19, 3, 16020 }, // U+0358
    { 6, 7, 0, -11, 0, 6, 16023 }, // U+0359
    { 11, 6, 0, -13, 0, 9, 16029 }, // U+035A
    { 6, 7, 0, -11, 21, 6, 16038 }, // U+035B
    { 20, 5, 0, -11, -1, 13, 16044 }, // U+035C
    { 19, 5, 0, -10, 19, 12, 16057 }, // U+035D
    { 15, 3, 0, -15, 19, 6, 16069 }, // U+035E
    { 15, 3, 0, -15, -2, 6, 16075 }, // U+035F
    { 26, 5, 0, -14, 19, 17, 16081 }, // U+0360
    { 19, 6, 0, -10, 19, 15, 16098 }, // U+0361
    { 22, 6, 0, -11, -1, 17, 16113 }, // U+0362
    { 7, 8, 0, -11, 22, 7, 16130 }, // U+0363
    { 7, 8, 0, -11, 22, 7, 16137 }, // U+0364
    { 3, 11, 0, -9, 25, 5, 16144 }, // U+0365
    { 8, 8, 0, -12, 22, 8, 16149 }, // U+0366
    { 7, 8, 0, -11, 22, 7, 16157 }, // U+0367
    { 7, 8, 0, -11, 22, 7, 16164 }, // U+0368
    { 8, 11, 0, -12, 25, 11, 16171 }, // U+0369
    { 7, 11, 0, -11, 25, 10, 16182 }, // U+036A
    { 12, 8, 0, -14, 22, 12, 16192 }, // U+036B
    { 5, 8, 0, -10, 22, 5, 16204 }, // U+036C
    { 5, 10, 0, 0, 24, 7, 16209 }, // U+036D
    { 8, 8, 0, -12, 22, 8, 16216 }, // U+036E
    { 7, 8, 0, -11, 22, 7, 16224 }, // U+036F
    { 13, 24, 243, 1, 24, 39, 16231 }, // U+0400
    { 13, 24, 243, 1, 24, 39, 16270 }, // U+0401
    { 21, 21, 341, 0, 19, 56, 16309 }, // U+0402
    { 13, 24, 230, 1, 24, 39, 16365 }, // U+0403
    { 17, 20, 295, 1, 19, 43, 16404 }, // U+0404
    { 15, 20, 262, 1, 19, 38, 16447 }, // U+0405
    { 5, 19, 110, 1, 19, 12, 16485 }, // U+0406
    { 11, 24, 110, -2, 24, 33, 16497 }, // U+0407
    { 13, 20, 232, 0, 19, 33, 16530 }, // U+0408
    { 27, 19, 444, 0, 19, 65, 16563 }, // U+0409
    { 27, 19, 448, 1, 19, 65, 16628 }, // U+040A
    { 21, 19, 355, 0, 19, 50, 16693 }, // U+040B
    { 17, 24, 285, 1, 24, 51, 16743 }, // U+040C
    { 17, 24, 302, 1, 24, 51, 16794 }, // U+040D
    { 17, 24, 274, 0, 24, 51, 16845 }, // U+040E
    { 16, 23, 289, 1, 19, 46, 16896 }, // U+040F
    { 18, 19, 296, 0, 19, 43, 16942 }, // U+0410
    { 15, 19, 257, 1, 19, 36, 16985 }, // U+0411
    { 15, 19, 263, 1, 19, 36, 17021 }, // U+0412
    { 13, 19, 230, 1, 19, 31, 17057 }, // U+0413
    { 21, 23, 342, 0, 19, 61, 17088 }, // U+0414
    { 13, 19, 243, 1, 19, 31, 17149 }, // U+0415
    { 26, 19, 422, 0, 19, 62, 17180 }, // U+0416
    { 14, 20, 256, 1, 19, 35, 17242 }, // U+0417
    { 17, 19, 302, 1, 19, 41, 17277 }, // U+0418
    { 17, 24, 302, 1, 24, 51, 17318 }, // U+0419
    { 17, 19, 285, 1, 19, 41, 17369 }, // U+041A
    { 18, 19, 297, 0, 19, 43, 17410 }, // U+041B
    { 21, 19, 369, 1, 19, 50, 17453 }, // U+041C
    { 16, 19, 296, 1, 19, 38, 17503 }, // U+041D
    { 18, 20, 306, 1, 19, 45, 17541 }, // U+041E
    { 16, 19, 296, 1, 19, 38, 17586 }, // U+041F
    { 15, 19, 258, 1, 19, 36, 17624 }, // U+0420
    { 17, 20, 295, 1, 19, 43, 17660 }, // U+0421
    { 16, 19, 264, 0, 19, 38, 17703 }, // U+0422
    { 17, 19, 274, 0, 19, 41, 17741 }, // U+0423
    { 19, 22, 333, 1, 20, 53, 17782 }, // U+0424
    { 18, 19, 292, 0, 19, 43, 17835 }, // U+0425
    { 18, 23, 305, 1, 19, 52, 17878 }, // U+0426
    { 15, 19, 281, 1, 19, 36, 17930 }, // U+0427
    { 22, 19, 393, 1, 19, 53, 17966 }, // U+0428
    { 24, 23, 404, 1, 19, 69, 18019 }, // U+0429
    { 20, 19, 330, 0, 19, 48, 18088 }, // U+042A
    { 21, 19, 363, 1, 19, 50, 18136 }, // U+042B
    { 15, 19, 263, 1, 19, 36, 18186 }, // U+042C
    { 18, 20, 295, 0, 19, 45, 18222 }, // U+042D
    { 24, 20, 415, 1, 19, 60, 18267 }, // U+042E
    { 15, 19, 262, 0, 19, 36, 18327 }, // U+042F
    { 13, 15, 230, 0, 14, 25, 18363 }, // U+0430
    { 15, 20, 241, 0, 19, 38, 18388 }, // U+0431
    { 13, 14, 227, 1, 14, 23, 18426 }, // U+0432
    { 10, 14, 180, 1, 14, 18, 18449 }, // U+0433
    { 16, 18, 263, 0, 14, 36, 18467 }, // U+0434
    { 14, 15, 235, 0, 14, 27, 18503 }, // U+0435
    { 21, 14, 343, 0, 14, 37, 18530 }, // U+0436
    { 13, 15, 205, 0, 14, 25, 18567 }, // U+0437
    { 13, 14, 247, 1, 14, 23, 18592 }, // U+0438
    { 13, 19, 247, 1, 19, 31, 18615 }, // U+0439
    { 14, 14, 231, 1, 14, 25, 18646 }, // U+043A
    { 14, 14, 240, 0, 14, 25, 18671 }, // U+043B
    { 18, 14, 322, 1, 14, 32, 18696 }, // U+043C
    { 13, 14, 246, 1, 14, 23, 18728 }, // U+043D
    { 15, 15, 242, 0, 14, 29, 18751 }, // U+043E
    { 13, 14, 243, 1, 14, 23, 18780 }, // U+043F
    { 14, 20, 249, 1, 14, 35, 18803 }, // U+0440
    { 14, 15, 232, 0, 14, 27, 18838 }, // U+0441
    { 13, 14, 204, 0, 14, 23, 18865 }, // U+0442
    { 15, 20, 237, 0, 14, 38, 18888 }, // U+0443
    { 19, 25, 308, 0, 19, 60, 18926 }, // U+0444
    { 14, 14, 228, 0, 14, 25, 18986 }, // U+0445
    { 15, 18, 261, 1, 14, 34, 19011 }, // U+0446
    { 13, 14, 238, 1, 14, 23, 19045 }, // U+0447
    { 19, 14, 342, 1, 14, 34, 19068 }, // U+0448
    { 21, 18, 353, 1, 14, 48, 19102 }, // U+0449
    { 16, 14, 268, 0, 14, 28, 19150 }, // U+044A
    { 18, 14, 317, 1, 14, 32, 19178 }, // U+044B
    { 13, 14, 231, 1, 14, 23, 19210 }, // U+044C
    { 14, 15, 233, 0, 14, 27, 19233 }, // U+044D
    { 20, 15, 344, 1, 14, 38, 19260 }, // U+044E
    { 13, 14, 229, 0, 14, 23, 19298 }, // U+044F
    { 14, 20, 235, 0, 19, 35, 19321 }, // U+0450
    { 14, 20, 235, 0, 19, 35, 19356 }, // U+0451
    { 15, 25, 246, -1, 19, 47, 19391 }, // U+0452
    { 10, 19, 180, 1, 19, 24, 19438 }, // U+0453
    { 14, 15, 233, 0, 14, 27, 19462 }, // U+0454
    { 13, 15, 221, 0, 14, 25, 19489 }, // U+0455
    { 5, 19, 106, 1, 19, 12, 19514 }, // U+0456
    { 10, 19, 106, -2, 19, 24, 19526 }, // U+0457
    { 7, 25, 106, -1, 19, 22, 19550 }, // U+0458
    { 23, 14, 374, 0, 14, 41, 19572 }, // U+0459
    { 21, 14, 366, 1, 14, 37, 19613 }, // U+045A
    { 15, 19, 246, -1, 19, 36, 19650 }, // U+045B
    { 14, 19, 231, 1, 19, 34, 19686 }, // U+045C
    { 13, 19, 247, 1, 19, 31, 19720 }, // U+045D
    { 15, 25, 237, 0, 19, 47, 19751 }, // U+045E
    { 13, 18, 243, 1, 14, 30, 19798 }, // U+045F
    { 22, 20, 389, 1, 19, 55, 19828 }, // U+0460
    { 20, 15, 350, 1, 14, 38, 19883 }, // U+0461
    { 17, 19, 283, 0, 19, 41, 19921 }, // U+0462
    { 15, 19, 254, 0, 19, 36, 19962 }, // U+0463
    { 23, 20, 398, 1, 19, 58, 19998 }, // U+0464
    { 19, 15, 329, 1, 14, 36, 20056 }, // U+0465
    { 18, 19, 296, 0, 19, 43, 20092 }, // U+0466
    { 15, 14, 235, 0, 14, 27, 20135 }, // U+0467
    { 24, 19, 395, 1, 19, 57, 20162 }, // U+0468
    { 20, 14, 331, 1, 14, 35, 20219 }, // U+0469
    { 20, 19, 351, 1, 19, 48, 20254 }, // U+046A
    { 17, 14, 298, 1, 14, 30, 20302 }, // U+046B
    { 27, 19, 471, 1, 19, 65, 20332 }, // U+046C
    { 24, 14, 406, 1, 14, 42, 20397 }, // U+046D
    { 12, 30, 226, 1, 24, 45, 20439 }, // U+046E
    { 12, 25, 215, 0, 19, 38, 20484 }, // U+046F
    { 20, 19, 356, 1, 19, 48, 20522 }, // U+0470
    { 19, 23, 330, 1, 17, 55, 20570 }, // U+0471
    { 18, 20, 306, 1, 19, 45, 20625 }, // U+0472
    { 15, 15, 242, 0, 14, 29, 20670 }, // U+0473
    { 19, 19, 300, 0, 19, 46, 20699 }, // U+0474
    { 15, 14, 244, 0, 14, 27, 20745 }, // U+0475
    { 19, 24, 300, 0, 24, 57, 20772 }, // U+0476
    { 15, 19, 244, 0, 19, 36, 20829 }, // U+0477
    { 33, 25, 543, 1, 19, 104, 20865 }, // U+0478
    { 30, 20, 472, 0, 14, 75, 20969 }, // U+0479
    { 16, 19, 286, 1, 19, 38, 21044 }, // U+0480
    { 14, 19, 232, 0, 14, 34, 21082 }, // U+0481
    { 14, 17, 265, 1, 17, 30, 21116 }, // U+0482
    { 10, 5, 0, -13, 19, 7, 21146 }, // U+0483
    { 11, 4, 0, -13, 19, 6, 21153 }, // U+0484
    { 4, 6, 0, -9, 21, 3, 21159 }, // U+0485
    { 5, 6, 0, -9, 21, 4, 21162 }, // U+0486
    { 12, 4, 0, -14, 19, 6, 21166 }, // U+0487
    { 25, 22, 0, -20, 18, 69, 21172 }, // U+0488
    { 24, 25, 0, -19, 19, 75, 21241 }, // U+0489
    { 19, 28, 302, 1, 24, 67, 21316 }, // U+048A
    { 16, 23, 247, 1, 19, 46, 21383 }, // U+048B
    { 17, 19, 283, 0, 19, 41, 21429 }, // U+048C
    { 15, 17, 254, 0, 17, 32, 21470 }, // U+048D
    { 15, 19, 261, 1, 19, 36, 21502 }, // U+048E
    { 14, 20, 243, 1, 14, 35, 21538 }, // U+048F
    { 13, 22, 230, 1, 22, 36, 21573 }, // U+0490
    { 10, 17, 180, 1, 17, 22, 21609 }, // U+0491
    { 15, 19, 230, -1, 19, 36, 21631 }, // U+0492
    { 12, 14, 180, -1, 14, 21, 21667 }, // U+0493
    { 15, 21, 264, 1, 19, 40, 21688 }, // U+0494
    { 13, 19, 227, 1, 14, 31, 21728 }, // U+0495
    { 28, 23, 436, 0, 19, 81, 21759 }, // U+0496
    { 23, 18, 356, 0, 14, 52, 21840 }, // U+0497
    { 14, 25, 256, 1, 19, 44, 21892 }, // U+0498
    { 13, 20, 205, 0, 14, 33, 21936 }, // U+0499
    { 18, 23, 302, 1, 19, 52, 21969 }, // U+049A
    { 15, 18, 245, 1, 14, 34, 22021 }, // U+049B
    { 17, 19, 285, 1, 19, 41, 22055 }, // U+049C
    { 15, 14, 251, 1, 14, 27, 22096 }, // U+049D
    { 22, 19, 351, 0, 19, 53, 22123 }, // U+04A0
    { 17, 14, 267, 0, 14, 30, 22176 }, // U+04A1
    { 18, 23, 307, 1, 19, 52, 22206 }, // U+04A2
    { 15, 18, 257, 1, 14, 34, 22258 }, // U+04A3
    { 24, 19, 399, 1, 19, 57, 22292 }, // U+04A4
    { 17, 14, 284, 1, 14, 30, 22349 }, // U+04A5
    { 27, 21, 448, 1, 19, 71, 22379 }, // U+04A6
    { 22, 18, 375, 1, 14, 50, 22450 }, // U+04A7
    { 25, 20, 417, 1, 19, 63, 22500 }, // U+04A8
    { 21, 15, 334, 0, 14, 40, 22563 }, // U+04A9
    { 17, 25, 295, 1, 19, 54, 22603 }, // U+04AA
    { 14, 20, 232, 0, 14, 35, 22657 }, // U+04AB
    { 16, 23, 264, 0, 19, 46, 22692 }, // U+04AC
    { 13, 18, 204, 0, 14, 30, 22738 }, // U+04AD
    { 18, 19, 289, 0, 19, 43, 22768 }, // U+04AE
    { 15, 20, 236, 0, 14, 38, 22811 }, // U+04AF
    { 18, 19, 289, 0, 19, 43, 22849 }, // U+04B0
    { 15, 20, 236, 0, 14, 38, 22892 }, // U+04B1
    { 19, 23, 306, 0, 19, 55, 22930 }, // U+04B2
    { 16, 18, 242, 0, 14, 36, 22985 }, // U+04B3
    { 24, 23, 379, 0, 19, 69, 23021 }, // U+04B4
    { 18, 18, 283, 0, 14, 41, 23090 }, // U+04B5
    { 17, 23, 292, 1, 19, 49, 23131 }, // U+04B6
    { 15, 18, 249, 1, 14, 34, 23180 }, // U+04B7
    { 15, 19, 281, 1, 19, 36, 23214 }, // U+04B8
    { 13, 14, 238, 1, 14, 23, 23250 }, // U+04B9
    { 16, 19, 281, 1, 19, 38, 23273 }, // U+04BA
    { 13, 19, 246, 1, 19, 31, 23311 }, // U+04BB
    { 22, 20, 355, 0, 19, 55, 23342 }, // U+04BC
    { 18, 15, 299, 0, 14, 34, 23397 }, // U+04BD
    { 22, 23, 355, 0, 19, 64, 23431 }, // U+04BE
    { 18, 20, 299, 0, 14, 45, 23495 }, // U+04BF
    { 5, 19, 110, 1, 19, 12, 23540 }, // U+04C0
    { 26, 24, 422, 0, 24, 78, 23552 }, // U+04C1
    { 21, 19, 343, 0, 19, 50, 23630 }, // U+04C2
    { 16, 24, 276, 1, 19, 48, 23680 }, // U+04C3
    { 14, 18, 246, 1, 14, 32, 23728 }, // U+04C4
    { 20, 23, 297, 0, 19, 58, 23760 }, // U+04C5
    { 16, 18, 240, 0, 14, 36, 23818 }, // U+04C6
    { 16, 25, 296, 1, 19, 50, 23854 }, // U+04C7
    { 13, 20, 246, 1, 14, 33, 23904 }, // U+04C8
    { 19, 23, 296, 1, 19, 55, 23937 }, // U+04C9
    { 16, 18, 246, 1, 14, 36, 23992 }, // U+04CA
    { 17, 23, 292, 1, 19, 49, 24028 }, // U+04CB
    { 15, 18, 249, 1, 14, 34, 24077 }, // U+04CC
    { 23, 23, 369, 1, 19, 67, 24111 }, // U+04CD
    { 20, 18, 322, 1, 14, 45, 24178 }, // U+04CE
    { 5, 19, 106, 1, 19, 12, 24223 }, // U+04CF
    { 18, 24, 296, 0, 24, 54, 24235 }, // U+04D0
    { 13, 20, 230, 0, 19, 33, 24289 }, // U+04D1
    { 18, 24, 296, 0, 24, 54, 24322 }, // U+04D2
    { 13, 20, 230, 0, 19, 33, 24376 }, // U+04D3
    { 25, 19, 409, 0, 19, 60, 24409 }, // U+04D4
    { 22, 15, 362, 0, 14, 42, 24469 }, // U+04D5
    { 13, 24, 243, 1, 24, 39, 24511 }, // U+04D6
    { 14, 20, 235, 0, 19, 35, 24550 }, // U+04D7
    { 17, 20, 298, 1, 19, 43, 24585 }, // U+04D8
    { 14, 15, 235, 0, 14, 27, 24628 }, // U+04D9
    { 17, 25, 298, 1, 24, 54, 24655 }, // U+04DA
    { 14, 20, 235, 0, 19, 35, 24709 }, // U+04DB
    { 26, 24, 422, 0, 24, 78, 24744 }, // U+04DC
    { 21, 19, 343, 0, 19, 50, 24822 }, // U+04DD
    { 14, 25, 256, 1, 24, 44, 24872 }, // U+04DE
    { 13, 20, 205, 0, 19, 33, 24916 }, // U+04DF
    { 14, 20, 256, 1, 19, 35, 24949 }, // U+04E0
    { 14, 20, 256, 1, 14, 35, 24984 }, // U+04E1
    { 17, 24, 302, 1, 24, 51, 25019 }, // U+04E2
    { 13, 19, 247, 1, 19, 31, 25070 }, // U+04E3
    { 17, 24, 302, 1, 24, 51, 25101 }, // U+04E4
    { 13, 19, 247, 1, 19, 31, 25152 }, // U+04E5
    { 18, 25, 306, 1, 24, 57, 25183 }, // U+04E6
    { 15, 20, 242, 0, 19, 38, 25240 }, // U+04E7
    { 18, 20, 306, 1, 19, 45, 25278 }, // U+04E8
    { 15, 15, 242, 0, 14, 29, 25323 }, // U+04E9
    { 18, 25, 306, 1, 24, 57, 25352 }, // U+04EA
    { 15, 20, 242, 0, 19, 38, 25409 }, // U+04EB
    { 18, 25, 295, 0, 24, 57, 25447 }, // U+04EC
    { 14, 20, 233, 0, 19, 35, 25504 }, // U+04ED
    { 17, 24, 274, 0, 24, 51, 25539 }, // U+04EE
    { 15, 25, 237, 0, 19, 47, 25590 }, // U+04EF
    { 17, 24, 274, 0, 24, 51, 25637 }, // U+04F0
    { 15, 25, 237, 0, 19, 47, 25688 }, // U+04F1
    { 17, 24, 274, 0, 24, 51, 25735 }, // U+04F2
    { 15, 25, 237, 0, 19, 47, 25786 }, // U+04F3
    { 15, 24, 281, 1, 24, 45, 25833 }, // U+04F4
    { 13, 19, 238, 1, 19, 31, 25878 }, // U+04F5
    { 13, 23, 230, 1, 19, 38, 25909 }, // U+04F6
    { 10, 18, 180, 1, 14, 23, 25947 }, // U+04F7
    { 21, 24, 363, 1, 24, 63, 25970 }, // U+04F8
    { 18, 19, 317, 1, 19, 43, 26033 }, // U+04F9
    { 15, 25, 246, 0, 19, 47, 26076 }, // U+04FA
    { 12, 20, 180, -1, 14, 30, 26123 }, // U+04FB
    { 19, 25, 313, 0, 19, 60, 26153 }, // U+04FC
    { 13, 20, 214, 0, 14, 33, 26213 }, // U+04FD
    { 18, 19, 292, 0, 19, 43, 26246 }, // U+04FE
    { 14, 14, 228, 0, 14, 25, 26289 }, // U+04FF
    { 15, 15, 272, 1, 15, 29, 26314 }, // U+05D0
    { 14, 15, 226, 0, 15, 27, 26343 }, // U+05D1
    { 10, 15, 181, 0, 15, 19, 26370 }, // U+05D2
    { 14, 15, 219, 0, 15, 27, 26389 }, // U+05D3
    { 14, 15, 262, 1, 15, 27, 26416 }, // U+05D4
    { 5, 15, 118, 1, 15, 10, 26443 }, // U+05D5
    { 10, 15, 162, 0, 15, 19, 26453 }, // U+05D6
    { 15, 15, 272, 1, 15, 29, 26472 }, // U+05D7
    { 15, 15, 264, 1, 15, 29, 26501 }, // U+05D8
    { 5, 9, 113, 1, 15, 6, 26530 }, // U+05D9
    { 12, 20, 211, 0, 15, 30, 26536 }, // U+05DA
    { 13, 15, 217, 0, 15, 25, 26566 }, // U+05DB
    { 13, 19, 206, 0, 19, 31, 26591 }, // U+05DC
    { 15, 15, 272, 1, 15, 29, 26622 }, // U+05DD
    { 15, 15, 276, 1, 15, 29, 26651 }, // U+05DE
    { 5, 20, 118, 1, 15, 13, 26680 }, // U+05DF
    { 9, 15, 160, 0, 15, 17, 26693 }, // U+05E0
    { 15, 15, 265, 1, 15, 29, 26710 }, // U+05E1
    { 15, 16, 246, 0, 15, 30, 26739 }, // U+05E2
    { 14, 20, 259, 1, 15, 35, 26769 }, // U+05E3
    { 15, 15, 262, 1, 15, 29, 26804 }, // U+05E4
    { 14, 20, 233, 0, 15, 35, 26833 }, // U+05E5
    { 14, 15, 246, 0, 15, 27, 26868 }, // U+05E6
    { 15, 20, 255, 1, 15, 38, 26895 }, // U+05E7
    { 12, 15, 214, 0, 15, 23, 26933 }, // U+05E8
    { 18, 15, 321, 1, 15, 34, 26956 }, // U+05E9
    { 14, 15, 266, 1, 15, 27, 26990 }, // U+05EA
    { 5, 8, 129, 1, 7, 5, 27017 }, // U+060C
    { 7, 19, 136, 0, 18, 17, 27022 }, // U+061B
    { 13, 20, 205, 0, 19, 33, 27039 }, // U+061F
    { 11, 13, 188, 0, 11, 18, 27072 }, // U+0621
    { 10, 5, 116, 0, 4, 7, 27090 }, // U+0640
    { 6, 7, 229, 4, 11, 6, 27097 }, // U+0660
    { 6, 19, 229, 4, 18, 15, 27103 }, // U+0661
    { 13, 19, 229, 1, 18, 31, 27118 }, // U+0662
    { 14, 19, 229, 0, 18, 34, 27149 }, // U+0663
    { 12, 19, 229, 1, 18, 29, 27183 }, // U+0664
    { 12, 14, 229, 1, 14, 21, 27212 }, // U+0665
    { 13, 19, 229, 1, 18, 31, 27233 }, // U+0666
    { 15, 19, 229, 0, 18, 36, 27264 }, // U+0667
    { 15, 19, 229, 0, 18, 36, 27300 }, // U+0668
    { 12, 18, 229, 1, 18, 27, 27336 }, // U+0669
    { 18, 16, 296, 0, 10, 36, 27363 }, // U+06BA
    { 7, 3, 130, 1, 3, 3, 27399 }, // U+06D4
    { 6, 7, 229, 4, 11, 6, 27402 }, // U+06F0
    { 6, 19, 229, 4, 18, 15, 27408 }, // U+06F1
    { 13, 19, 229, 1, 18, 31, 27423 }, // U+06F2
    { 14, 19, 229, 0, 18, 34, 27454 }, // U+06F3
    { 13, 19, 229, 1, 18, 31, 27488 }, // U+06F4
    { 14, 17, 229, 0, 17, 30, 27519 }, // U+06F5
    { 12, 18, 229, 1, 17, 27, 27549 }, // U+06F6
    { 15, 19, 229, 0, 18, 36, 27576 }, // U+06F7
    { 15, 19, 229, 0, 18, 36, 27612 }, // U+06F8
    { 12, 18, 229, 1, 18, 27, 27648 }, // U+06F9
    { 18, 25, 296, 0, 19, 57, 27675 }, // U+1EA0
    { 13, 20, 230, 0, 14, 33, 27732 }, // U+1EA1
    { 18, 24, 296, 0, 24, 54, 27765 }, // U+1EA2
    { 13, 20, 230, 0, 19, 33, 27819 }, // U+1EA3
    { 18, 28, 296, 0, 28, 63, 27852 }, // U+1EA4
    { 14, 24, 230, 0, 23, 42, 27915 }, // U+1EA5
    { 18, 28, 296, 0, 28, 63, 27957 }, // U+1EA6
    { 13, 24, 230, 0, 23, 39, 28020 }, // U+1EA7
    { 18, 28, 296, 0, 28, 63, 28059 }, // U+1EA8
    { 13, 24, 230, 0, 23, 39, 28122 }, // U+1EA9
    { 18, 28, 296, 0, 28, 63, 28161 }, // U+1EAA
    { 13, 24, 230, 0, 23, 39, 28224 }, // U+1EAB
    { 18, 30, 296, 0, 24, 68, 28263 }, // U+1EAC
    { 13, 25, 230, 0, 19, 41, 28331 }, // U+1EAD
    { 18, 28, 296, 0, 28, 63, 28372 }, // U+1EAE
    { 13, 24, 230, 0, 23, 39, 28435 }, // U+1EAF
    { 18, 28, 296, 0, 28, 63, 28474 }, // U+1EB0
    { 13, 24, 230, 0, 23, 39, 28537 }, // U+1EB1
    { 18, 28, 296, 0, 28, 63, 28576 }, // U+1EB2
    { 13, 24, 230, 0, 23, 39, 28639 }, // U+1EB3
    { 18, 28, 296, 0, 28, 63, 28678 }, // U+1EB4
    { 13, 24, 230, 0, 23, 39, 28741 }, // U+1EB5
    { 18, 30, 296, 0, 24, 68, 28780 }, // U+1EB6
    { 13, 25, 230, 0, 19, 41, 28848 }, // U+1EB7
    { 13, 25, 243, 1, 19, 41, 28889 }, // U+1EB8
    { 14, 20, 235, 0, 14, 35, 28930 }, // U+1EB9
    { 13, 24, 243, 1, 24, 39, 28965 }, // U+1EBA
    { 14, 20, 235, 0, 19, 35, 29004 }, // U+1EBB
    { 13, 24, 243, 1, 24, 39, 29039 }, // U+1EBC
    { 14, 20, 235, 0, 19, 35, 29078 }, // U+1EBD
    { 14, 28, 243, 1, 28, 49, 29113 }, // U+1EBE
    { 14, 24, 235, 0, 23, 42, 29162 }, // U+1EBF
    { 13, 28, 243, 1, 28, 46, 29204 }, // U+1EC0
    { 14, 24, 235, 0, 23, 42, 29250 }, // U+1EC1
    { 13, 28, 243, 1, 28, 46, 29292 }, // U+1EC2
    { 14, 24, 235, 0, 23, 42, 29338 }, // U+1EC3
    { 13, 28, 243, 1, 28, 46, 29380 }, // U+1EC4
    { 14, 24, 235, 0, 23, 42, 29426 }, // U+1EC5
    { 13, 30, 243, 1, 24, 49, 29468 }, // U+1EC6
    { 14, 25, 235, 0, 19, 44, 29517 }, // U+1EC7
    { 5, 24, 110, 1, 24, 15, 29561 }, // U+1EC8
    { 6, 19, 106, 0, 19, 15, 29576 }, // U+1EC9
    { 5, 25, 110, 1, 19, 16, 29591 }, // U+1ECA
    { 5, 25, 106, 1, 19, 16, 29607 }, // U+1ECB
    { 18, 25, 306, 1, 19, 57, 29623 }, // U+1ECC
    { 15, 20, 242, 0, 14, 38, 29680 }, // U+1ECD
    { 18, 25, 306, 1, 24, 57, 29718 }, // U+1ECE
    { 15, 20, 242, 0, 19, 38, 29775 }, // U+1ECF
    { 18, 29, 306, 1, 28, 66, 29813 }, // U+1ED0
    { 15, 24, 242, 0, 23, 45, 29879 }, // U+1ED1
    { 18, 29, 306, 1, 28, 66, 29924 }, // U+1ED2
    { 15, 24, 242, 0, 23, 45, 29990 }, // U+1ED3
    { 18, 29, 306, 1, 28, 66, 30035 }, // U+1ED4
    { 15, 24, 242, 0, 23, 45, 30101 }, // U+1ED5
    { 18, 29, 306, 1, 28, 66, 30146 }, // U+1ED6
    { 15, 24, 242, 0, 23, 45, 30212 }, // U+1ED7
    { 18, 30, 306, 1, 24, 68, 30257 }, // U+1ED8
    { 15, 25, 242, 0, 19, 47, 30325 }, // U+1ED9
    { 18, 25, 309, 1, 24, 57, 30372 }, // U+1EDA
    { 15, 20, 242, 0, 19, 38, 30429 }, // U+1EDB
    { 18, 25, 309, 1, 24, 57, 30467 }, // U+1EDC
    { 15, 20, 242, 0, 19, 38, 30524 }, // U+1EDD
    { 18, 25, 309, 1, 24, 57, 30562 }, // U+1EDE
    { 15, 20, 242, 0, 19, 38, 30619 }, // U+1EDF
    { 18, 25, 309, 1, 24, 57, 30657 }, // U+1EE0
    { 15, 20, 242, 0, 19, 38, 30714 }, // U+1EE1
    { 18, 27, 309, 1, 21, 61, 30752 }, // U+1EE2
    { 15, 23, 242, 0, 17, 44, 30813 }, // U+1EE3
    { 16, 25, 290, 1, 19, 50, 30857 }, // U+1EE4
    { 13, 20, 246, 1, 14, 33, 30907 }, // U+1EE5
    { 16, 25, 290, 1, 24, 50, 30940 }, // U+1EE6
    { 13, 20, 246, 1, 19, 33, 30990 }, // U+1EE7
    { 18, 25, 290, 1, 24, 57, 31023 }, // U+1EE8
    { 15, 20, 263, 1, 19, 38, 31080 }, // U+1EE9
    { 18, 25, 290, 1, 24, 57, 31118 }, // U+1EEA
    { 15, 20, 263, 1, 19, 38, 31175 }, // U+1EEB
    { 18, 25, 290, 1, 24, 57, 31213 }, // U+1EEC
    { 15, 20, 263, 1, 19, 38, 31270 }, // U+1EED
    { 18, 25, 290, 1, 24, 57, 31308 }, // U+1EEE
    { 15, 20, 263, 1, 19, 38, 31365 }, // U+1EEF
    { 18, 27, 290, 1, 21, 61, 31403 }, // U+1EF0
    { 15, 23, 263, 1, 17, 44, 31464 }, // U+1EF1
    { 18, 24, 289, 0, 24, 54, 31508 }, // U+1EF2
    { 15, 25, 237, 0, 19, 47, 31562 }, // U+1EF3
    { 18, 25, 289, 0, 19, 57, 31609 }, // U+1EF4
    { 15, 20, 237, 0, 14, 38, 31666 }, // U+1EF5
    { 18, 24, 289, 0, 24, 54, 31704 }, // U+1EF6
    { 15, 25, 237, 0, 19, 47, 31758 }, // U+1EF7
    { 18, 24, 289, 0, 24, 54, 31805 }, // U+1EF8
    { 15, 25, 237, 0, 19, 47, 31859 }, // U+1EF9
    { 0, 0, 227, 0, 0, 0, 31906 }, // U+2000
    { 0, 0, 451, 0, 0, 0, 31906 }, // U+2001
    { 0, 0, 200, 0, 0, 0, 31906 }, // U+2002
    { 0, 0, 400, 0, 0, 0, 31906 }, // U+2003
    { 0, 0, 134, 0, 0, 0, 31906 }, // U+2004
    { 0, 0, 100, 0, 0, 0, 31906 }, // U+2005
    { 0, 0, 66, 0, 0, 0, 31906 }, // U+2006
    { 0, 0, 258, 0, 0, 0, 31906 }, // U+2007
    { 0, 0, 126, 0, 0, 0, 31906 }, // U+2008
    { 0, 0, 61, 0, 0, 0, 31906 }, // U+2009
    { 0, 0, 29, 0, 0, 0, 31906 }, // U+200A
    { 0, 0, 0, 0, 0, 0, 31906 }, // U+200B
    { 0, 0, 0, 0, 0, 0, 31906 }, // U+200C
    { 0, 0, 0, 0, 0, 0, 31906 }, // U+200D
    { 0, 0, 0, 0, 0, 0, 31906 }, // U+200E
    { 0, 0, 0, 0, 0, 0, 31906 }, // U+200F
    { 9, 4, 179, 1, 9, 5, 31906 }, // U+2010
    { 9, 4, 179, 1, 9, 5, 31911 }, // U+2011
    { 16, 4, 258, 0, 10, 8, 31916 }, // U+2012
    { 13, 4, 200, 0, 9, 7, 31924 }, // U+2013
    { 25, 4, 400, 0, 9, 13, 31931 }, // U+2014
    { 25, 4, 400, 0, 9, 13, 31944 }, // U+2015
    { 10, 31, 223, 2, 25, 39, 31957 }, // U+2016
    { 12, 6, 188, 0, 0, 9, 31996 }, // U+2017
    { 6, 9, 117, 1, 19, 7, 32005 }, // U+2018
    { 6, 9, 117, 1, 19, 7, 32012 }, // U+2019
    { 5, 9, 108, 1, 4, 6, 32019 }, // U+201A
    { 6, 9, 117, 0, 19, 7, 32025 }, // U+201B
    { 12, 9, 206, 1, 19, 14, 32032 }, // U+201C
    { 11, 9, 203, 1, 19, 13, 32046 }, // U+201D
    { 11, 9, 195, 1, 4, 13, 32059 }, // U+201E
    { 11, 9, 203, 0, 19, 13, 32072 }, // U+201F
    { 12, 15, 232, 1, 19, 23, 32085 }, // U+2020
    { 12, 19, 232, 1, 19, 29, 32108 }, // U+2021
    { 9, 9, 186, 1, 12, 11, 32137 }, // U+2022
    { 7, 9, 186, 3, 12, 8, 32148 }, // U+2023
    { 6, 5, 126, 1, 4, 4, 32156 }, // U+2024
    { 13, 5, 251, 1, 4, 9, 32160 }, // U+2025
    { 21, 5, 377, 1, 4, 14, 32169 }, // U+2026
    { 6, 5, 126, 1, 11, 4, 32183 }, // U+2027
    { 0, 0, 0, 0, 0, 0, 32187 }, // U+202A
    { 0, 0, 0, 0, 0, 0, 32187 }, // U+202B
    { 0, 0, 0, 0, 0, 0, 32187 }, // U+202C
    { 0, 0, 0, 0, 0, 0, 32187 }, // U+202D
    { 0, 0, 0, 0, 0, 0, 32187 }, // U+202E
    { 0, 0, 61, 0, 0, 0, 32187 }, // U+202F
    { 31, 20, 548, 2, 19, 78, 32187 }, // U+2030
    { 40, 20, 697, 2, 19, 100, 32265 }, // U+2031
    { 5, 8, 108, 1, 19, 5, 32365 }, // U+2032
    { 12, 8, 215, 1, 19, 12, 32370 }, // U+2033
    { 18, 8, 322, 1, 19, 18, 32382 }, // U+2034
    { 5, 8, 108, 1, 19, 5, 32400 }, // U+2035
    { 12, 8, 215, 1, 19, 12, 32405 }, // U+2036
    { 18, 8, 322, 1, 19, 18, 32417 }, // U+2037
    { 12, 6, 217, 1, -1, 9, 32435 }, // U+2038
    { 9, 13, 169, 1, 14, 15, 32444 }, // U+2039
    { 10, 13, 169, 0, 14, 17, 32459 }, // U+203A
    { 17, 16, 321, 2, 16, 34, 32476 }, // U+203B
    { 14, 20, 254, 1, 19, 35, 32510 }, // U+203C
    { 13, 20, 222, 0, 19, 33, 32545 }, // U+203D
    { 13, 3, 197, 0, 21, 5, 32578 }, // U+203E
    { 21, 5, 338, 0, -1, 14, 32583 }, // U+203F
    { 21, 5, 338, 0, 19, 14, 32597 }, // U+2040
    { 11, 14, 189, 0, 8, 20, 32611 }, // U+2041
    { 17, 16, 303, 1, 17, 34, 32631 }, // U+2042
    { 8, 4, 186, 2, 9, 4, 32665 }, // U+2043
    { 16, 19, 82, -5, 19, 38, 32669 }, // U+2044
    { 7, 24, 147, 2, 20, 21, 32707 }, // U+2045
    { 7, 24, 147, 1, 20, 21, 32728 }, // U+2046
    { 27, 20, 449, 0, 19, 68, 32749 }, // U+2047
    { 21, 20, 352, 0, 19, 53, 32817 }, // U+2048
    { 20, 20, 352, 1, 19, 50, 32870 }, // U+2049
    { 11, 20, 184, 0, 14, 28, 32920 }, // U+204A
    { 13, 19, 237, 1, 19, 31, 32948 }, // U+204B
    { 13, 11, 241, 1, 13, 18, 32979 }, // U+204C
    { 13, 11, 241, 1, 13, 18, 32997 }, // U+204D
    { 11, 12, 221, 1, 9, 17, 33015 }, // U+204E
    { 6, 18, 129, 1, 13, 14, 33032 }, // U+204F
    { 21, 25, 337, 0, 19, 66, 33046 }, // U+2050
    { 11, 24, 228, 3, 19, 33, 33112 }, // U+2051
    { 18, 19, 318, 1, 19, 43, 33145 }, // U+2052
    { 17, 7, 302, 1, 12, 15, 33188 }, // U+2053
    { 21, 5, 338, 0, -1, 14, 33203 }, // U+2054
    { 14, 13, 284, 2, 13, 23, 33217 }, // U+2055
    { 25, 8, 429, 1, 19, 25, 33240 }, // U+2057
    { 0, 0, 116, 0, 0, 0, 33265 }, // U+205F
    { 0, 0, 0, 0, 0, 0, 33265 }, // U+2060
    { 0, 0, 0, 0, 0, 0, 33265 }, // U+2061
    { 0, 0, 0, 0, 0, 0, 33265 }, // U+2062
    { 0, 0, 0, 0, 0, 0, 33265 }, // U+2063
    { 0, 0, 0, 0, 0, 0, 33265 }, // U+2064
    { 0, 0, 0, 0, 0, 0, 33265 }, // U+2066
    { 0, 0, 0, 0, 0, 0, 33265 }, // U+2067
    { 0, 0, 0, 0, 0, 0, 33265 }, // U+2068
    { 0, 0, 0, 0, 0, 0, 33265 }, // U+2069
    { 0, 0, 0, 0, 0, 0, 33265 }, // U+206A
    { 0, 0, 0, 0, 0, 0, 33265 }, // U+206B
    { 0, 0, 0, 0, 0, 0, 33265 }, // U+206C
    { 0, 0, 0, 0, 0, 0, 33265 }, // U+206D
    { 0, 0, 0, 0, 0, 0, 33265 }, // U+206E
    { 0, 0, 0, 0, 0, 0, 33265 }, // U+206F
    { 10, 12, 192, 1, 22, 15, 33265 }, // U+2070
    { 4, 12, 86, 1, 22, 6, 33280 }, // U+2071
    { 10, 11, 189, 1, 21, 14, 33286 }, // U+2074
    { 10, 11, 182, 1, 21, 14, 33300 }, // U+2075
    { 10, 12, 184, 1, 22, 15, 33314 }, // U+2076
    { 10, 11, 164, 0, 21, 14, 33329 }, // U+2077
    { 10, 12, 186, 1, 22, 15, 33343 }, // U+2078
    { 10, 12, 184, 1, 22, 15, 33358 }, // U+2079
    { 9, 9, 184, 1, 20, 11, 33373 }, // U+207A
    { 9, 3, 184, 1, 17, 4, 33384 }, // U+207B
    { 9, 7, 184, 1, 19, 8, 33388 }, // U+207C
    { 6, 13, 111, 1, 22, 10, 33396 }, // U+207D
    { 6, 13, 111, 0, 22, 10, 33406 }, // U+207E
    { 9, 9, 178, 1, 19, 11, 33416 }, // U+207F
    { 10, 12, 192, 1, 7, 15, 33427 }, // U+2080
    { 6, 11, 128, 1, 6, 9, 33442 }, // U+2081
    { 9, 12, 178, 1, 7, 14, 33451 }, // U+2082
    { 10, 12, 183, 1, 7, 15, 33465 }, // U+2083
    { 10, 11, 189, 1, 6, 14, 33480 }, // U+2084
    { 10, 11, 182, 1, 6, 14, 33494 }, // U+2085
    { 10, 12, 184, 1, 7, 15, 33508 }, // U+2086
    { 10, 11, 164, 0, 6, 14, 33523 }, // U+2087
    { 10, 12, 186, 1, 7, 15, 33537 }, // U+2088
    { 10, 12, 184, 1, 7, 15, 33552 }, // U+2089
    { 9, 9, 184, 1, 5, 11, 33567 }, // U+208A
    { 9, 3, 184, 1, 2, 4, 33578 }, // U+208B
    { 9, 7, 184, 1, 4, 8, 33582 }, // U+208C
    { 6, 13, 111, 1, 7, 10, 33590 }, // U+208D
    { 6, 13, 111, 0, 7, 10, 33600 }, // U+208E
    { 9, 9, 164, 0, 4, 11, 33610 }, // U+2090
    { 10, 9, 168, 0, 4, 12, 33621 }, // U+2091
    { 10, 9, 173, 0, 4, 12, 33633 }, // U+2092
    { 10, 9, 167, 0, 4, 12, 33645 }, // U+2093
    { 10, 11, 190, 1, 5, 14, 33657 }, // U+2094
    { 9, 11, 178, 1, 6, 13, 33671 }, // U+2095
    { 9, 11, 166, 1, 6, 13, 33684 }, // U+2096
    { 4, 11, 86, 1, 6, 6, 33697 }, // U+2097
    { 14, 9, 253, 1, 4, 16, 33703 }, // U+2098
    { 9, 9, 178, 1, 4, 11, 33719 }, // U+2099
    { 10, 12, 178, 1, 4, 15, 33730 }, // U+209A
    { 10, 9, 161, 0, 4, 12, 33745 }, // U+209B
    { 7, 11, 109, 0, 6, 10, 33757 }, // U+209C
    { 17, 20, 302, 1, 19, 43, 33767 }, // U+20A0
    { 17, 24, 295, 1, 21, 51, 33810 }, // U+20A1
    { 17, 20, 288, 1, 19, 43, 33861 }, // U+20A2
    { 16, 19, 245, -1, 19, 38, 33904 }, // U+20A3
    { 14, 19, 253, 1, 19, 34, 33942 }, // U+20A4
    { 20, 18, 343, 1, 16, 45, 33976 }, // U+20A5
    { 19, 19, 301, 0, 19, 46, 34021 }, // U+20A6
    { 24, 20, 399, 1, 19, 60, 34067 }, // U+20A7
    { 28, 20, 466, 1, 19, 70, 34127 }, // U+20A8
    { 25, 19, 414, 0, 19, 60, 34197 }, // U+20A9
    { 21, 14, 366, 1, 14, 37, 34257 }, // U+20AA
    { 16, 24, 249, 0, 19, 48, 34294 }, // U+20AB
    { 16, 20, 272, 0, 19, 40, 34342 }, // U+20AC
    { 20, 19, 318, 0, 19, 48, 34382 }, // U+20AD
    { 16, 19, 264, 0, 19, 38, 34430 }, // U+20AE
    { 36, 27, 580, 0, 21, 122, 34468 }, // U+20AF
    { 18, 19, 283, 0, 19, 43, 34590 }, // U+20B1
    { 17, 24, 299, 1, 21, 51, 34633 }, // U+20B2
    { 18, 19, 296, 0, 19, 43, 34684 }, // U+20B3
    { 15, 20, 293, 2, 19, 38, 34727 }, // U+20B4
    { 17, 24, 295, 1, 21, 51, 34765 }, // U+20B5
    { 16, 19, 265, 0, 19, 38, 34816 }, // U+20B8
    { 14, 19, 226, 0, 19, 34, 34854 }, // U+20B9
    { 14, 20, 256, 1, 19, 35, 34888 }, // U+20BA
    { 17, 14, 302, 1, 14, 30, 34923 }, // U+20BC
    { 17, 19, 294, 1, 19, 41, 34953 }, // U+20BD
    { 17, 19, 302, 1, 19, 41, 34994 }, // U+20BE
    { 15, 24, 263, 1, 21, 45, 35035 }, // U+20BF
    { 19, 18, 380, 2, 17, 43, 35080 }, // U+2190
    { 19, 19, 360, 2, 19, 46, 35123 }, // U+2191
    { 19, 18, 380, 3, 17, 43, 35169 }, // U+2192
    { 19, 20, 360, 2, 19, 48, 35212 }, // U+2193
    { 29, 18, 534, 2, 17, 66, 35260 }, // U+2194
    { 17, 30, 342, 2, 23, 64, 35326 }, // U+2195
    { 15, 15, 307, 2, 14, 29, 35390 }, // U+2196
    { 15, 15, 307, 2, 14, 29, 35419 }, // U+2197
    { 15, 14, 307, 2, 14, 27, 35448 }, // U+2198
    { 15, 14, 307, 2, 14, 27, 35475 }, // U+2199
    { 25, 20, 461, 2, 19, 63, 35502 }, // U+21A9
    { 25, 20, 461, 2, 19, 63, 35565 }, // U+21AA
    { 21, 19, 403, 2, 19, 50, 35628 }, // U+21B0
    { 21, 19, 403, 2, 19, 50, 35678 }, // U+21B1
    { 14, 17, 360, 4, 17, 30, 35728 }, // U+21B2
    { 21, 18, 403, 2, 19, 48, 35758 }, // U+21B3
    { 18, 20, 356, 2, 19, 45, 35806 }, // U+21B4
    { 21, 18, 403, 2, 19, 48, 35851 }, // U+21B5
    { 22, 16, 360, 0, 17, 44, 35899 }, // U+21B6
    { 22, 16, 360, 0, 17, 44, 35943 }, // U+21B7
    { 19, 23, 380, 2, 23, 55, 35987 }, // U+21BA
    { 19, 23, 380, 2, 23, 55, 36042 }, // U+21BB
    { 19, 21, 360, 2, 19, 50, 36097 }, // U+21C4
    { 19, 21, 360, 2, 19, 50, 36147 }, // U+21C6
    { 19, 18, 380, 2, 17, 43, 36197 }, // U+21D0
    { 19, 18, 380, 3, 17, 43, 36240 }, // U+21D2
    { 29, 18, 534, 2, 17, 66, 36283 }, // U+21D4
    { 13, 19, 252, 1, 19, 31, 36349 }, // U+21DE
    { 13, 20, 252, 1, 19, 33, 36380 }, // U+21DF
    { 22, 13, 418, 2, 16, 36, 36413 }, // U+21E4
    { 22, 13, 418, 2, 16, 36, 36449 }, // U+21E5
    { 25, 20, 438, 1, 20, 63, 36485 }, // U+21E7
    { 25, 25, 438, 1, 20, 79, 36548 }, // U+21EA
    { 14, 20, 266, 1, 19, 35, 36627 }, // U+2202
    { 15, 16, 274, 1, 15, 30, 36662 }, // U+2205
    { 18, 19, 293, 0, 19, 43, 36692 }, // U+2206
    { 15, 23, 304, 2, 19, 44, 36735 }, // U+220F
    { 16, 23, 294, 1, 19, 46, 36779 }, // U+2211
    { 13, 4, 269, 2, 9, 7, 36825 }, // U+2212
    { 17, 17, 59, -7, 17, 37, 36832 }, // U+2215
    { 15, 19, 266, 1, 19, 36, 36869 }, // U+221A
    { 24, 12, 390, 0, 14, 36, 36905 }, // U+221E
    { 11, 26, 152, -1, 20, 36, 36941 }, // U+222B
    { 6, 14, 126, 1, 16, 11, 36977 }, // U+2236
    { 14, 12, 269, 1, 13, 21, 36988 }, // U+2248
    { 13, 15, 269, 2, 15, 25, 37009 }, // U+2260
    { 13, 15, 269, 2, 15, 25, 37034 }, // U+2264
    { 13, 15, 269, 2, 15, 25, 37059 }, // U+2265
    { 35, 35, 556, 0, 27, 154, 37084 }, // U+2295
    { 35, 35, 556, 0, 27, 154, 37238 }, // U+2296
    { 35, 35, 556, 0, 27, 154, 37392 }, // U+2297
    { 35, 35, 556, 0, 27, 154, 37546 }, // U+2298
    { 15, 19, 259, 0, 19, 36, 37700 }, // U+FB01
    { 17, 19, 266, 0, 19, 41, 37736 }, // U+FB02
    { 25, 21, 410, 0, 12, 66, 37777 }, // U+FB56
    { 31, 19, 457, 0, 10, 74, 37843 }, // U+FB57
    { 8, 21, 144, 0, 12, 21, 37917 }, // U+FB58
    { 13, 18, 164, 0, 9, 30, 37938 }, // U+FB59
    { 25, 19, 410, 0, 18, 60, 37968 }, // U+FB66
    { 31, 19, 457, 0, 18, 74, 38028 }, // U+FB67
    { 8, 22, 127, 0, 21, 22, 38102 }, // U+FB68
    { 13, 19, 164, 0, 18, 31, 38124 }, // U+FB69
    { 17, 23, 275, 0, 13, 49, 38155 }, // U+FB7A
    { 21, 23, 304, 0, 13, 61, 38204 }, // U+FB7B
    { 16, 20, 252, 0, 11, 40, 38265 }, // U+FB7C
    { 19, 20, 262, 0, 11, 48, 38305 }, // U+FB7D
    { 12, 23, 207, 0, 22, 35, 38353 }, // U+FB88
    { 17, 23, 228, 0, 22, 49, 38388 }, // U+FB89
    { 11, 26, 164, -1, 20, 36, 38437 }, // U+FB8A
    { 15, 26, 180, -1, 20, 49, 38473 }, // U+FB8B
    { 11, 26, 164, -1, 20, 36, 38522 }, // U+FB8C
    { 15, 26, 180, -1, 20, 49, 38558 }, // U+FB8D
    { 23, 19, 364, 0, 18, 55, 38607 }, // U+FB8E
    { 26, 19, 381, 0, 18, 62, 38662 }, // U+FB8F
    { 12, 19, 182, 0, 18, 29, 38724 }, // U+FB90
    { 15, 19, 203, 0, 18, 36, 38753 }, // U+FB91
    { 23, 23, 364, 0, 22, 67, 38789 }, // U+FB92
    { 26, 23, 381, 0, 22, 75, 38856 }, // U+FB93
    { 13, 23, 182, -1, 22, 38, 38931 }, // U+FB94
    { 16, 23, 203, -1, 22, 46, 38969 }, // U+FB95
    { 18, 16, 296, 0, 10, 36, 39015 }, // U+FB9E
    { 23, 15, 322, 0, 9, 44, 39051 }, // U+FB9F
    { 11, 15, 188, 0, 14, 21, 39095 }, // U+FBA6
    { 17, 11, 234, 0, 10, 24, 39116 }, // U+FBA7
    { 7, 17, 127, 0, 12, 15, 39140 }, // U+FBA8
    { 15, 13, 206, 0, 6, 25, 39155 }, // U+FBA9
    { 19, 15, 308, 0, 14, 36, 39180 }, // U+FBAA
    { 20, 18, 274, 0, 12, 45, 39216 }, // U+FBAB
    { 16, 15, 256, 0, 14, 30, 39261 }, // U+FBAC
    { 17, 18, 228, 0, 12, 39, 39291 }, // U+FBAD
    { 23, 14, 377, 0, 13, 41, 39330 }, // U+FBAE
    { 17, 12, 224, 0, 4, 26, 39371 }, // U+FBAF
    { 23, 21, 377, 0, 20, 61, 39397 }, // U+FBB0
    { 17, 19, 224, 0, 11, 41, 39458 }, // U+FBB1
    { 21, 18, 328, 0, 12, 48, 39499 }, // U+FBFC
    { 22, 13, 320, 0, 7, 36, 39547 }, // U+FBFD
    { 8, 18, 144, 0, 12, 18, 39583 }, // U+FBFE
    { 13, 15, 164, 0, 9, 25, 39601 }, // U+FBFF
    { 11, 13, 188, 0, 11, 18, 39626 }, // U+FE80
    { 10, 23, 108, -2, 23, 29, 39644 }, // U+FE81
    { 12, 25, 127, -2, 24, 38, 39673 }, // U+FE82
    { 6, 25, 108, 0, 25, 19, 39711 }, // U+FE83
    { 10, 27, 127, 0, 26, 34, 39730 }, // U+FE84
    { 12, 24, 199, 0, 18, 36, 39764 }, // U+FE85
    { 16, 24, 210, 0, 18, 48, 39800 }, // U+FE86
    { 6, 27, 109, 1, 19, 21, 39848 }, // U+FE87
    { 9, 27, 127, 1, 19, 31, 39869 }, // U+FE88
    { 21, 19, 328, 0, 13, 50, 39900 }, // U+FE89
    { 22, 19, 320, 0, 13, 53, 39950 }, // U+FE8A
    { 7, 21, 127, 0, 20, 19, 40003 }, // U+FE8B
    { 12, 18, 154, 0, 17, 27, 40022 }, // U+FE8C
    { 5, 19, 109, 1, 19, 12, 40049 }, // U+FE8D
    { 9, 20, 127, 1, 19, 23, 40061 }, // U+FE8E
    { 25, 19, 410, 0, 12, 60, 40084 }, // U+FE8F
    { 31, 17, 457, 0, 10, 66, 40144 }, // U+FE90
    { 7, 18, 127, 0, 12, 16, 40210 }, // U+FE91
    { 12, 15, 154, 0, 9, 23, 40226 }, // U+FE92
    { 11, 21, 188, 0, 20, 29, 40249 }, // U+FE93
    { 16, 23, 222, 0, 22, 46, 40278 }, // U+FE94
    { 25, 16, 410, 0, 15, 50, 40324 }, // U+FE95
    { 31, 16, 457, 0, 15, 62, 40374 }, // U+FE96
    { 9, 19, 127, -1, 18, 22, 40436 }, // U+FE97
    { 13, 16, 164, 0, 15, 26, 40458 }, // U+FE98
    { 25, 19, 410, 0, 18, 60, 40484 }, // U+FE99
    { 31, 19, 457, 0, 18, 74, 40544 }, // U+FE9A
    { 8, 22, 127, 0, 21, 22, 40618 }, // U+FE9B
    { 13, 19, 164, 0, 18, 31, 40640 }, // U+FE9C
    { 17, 23, 275, 0, 13, 49, 40671 }, // U+FE9D
    { 21, 23, 296, 0, 13, 61, 40720 }, // U+FE9E
    { 16, 17, 252, 0, 11, 34, 40781 }, // U+FE9F
    { 19, 17, 262, 0, 11, 41, 40815 }, // U+FEA0
    { 17, 23, 275, 0, 13, 49, 40856 }, // U+FEA1
    { 21, 23, 296, 0, 13, 61, 40905 }, // U+FEA2
    { 16, 12, 252, 0, 11, 24, 40966 }, // U+FEA3
    { 19, 12, 262, 0, 11, 29, 40990 }, // U+FEA4
    { 17, 29, 275, 0, 19, 62, 41019 }, // U+FEA5
    { 21, 29, 296, 0, 19, 77, 41081 }, // U+FEA6
    { 16, 19, 252, 0, 18, 38, 41158 }, // U+FEA7
    { 19, 19, 262, 0, 18, 46, 41196 }, // U+FEA8
    { 12, 14, 207, 0, 13, 21, 41242 }, // U+FEA9
    { 17, 14, 228, 0, 13, 30, 41263 }, // U+FEAA
    { 12, 20, 207, 0, 19, 30, 41293 }, // U+FEAB
    { 17, 20, 228, 0, 19, 43, 41323 }, // U+FEAC
    { 10, 16, 164, -1, 10, 20, 41366 }, // U+FEAD
    { 15, 16, 180, -1, 10, 30, 41386 }, // U+FEAE
    { 10, 23, 164, -1, 17, 29, 41416 }, // U+FEAF
    { 15, 23, 180, -1, 17, 44, 41445 }, // U+FEB0
    { 33, 18, 548, 0, 12, 75, 41489 }, // U+FEB1
    { 38, 17, 576, 0, 11, 81, 41564 }, // U+FEB2
    { 23, 13, 380, 0, 12, 38, 41645 }, // U+FEB3
    { 28, 12, 408, 0, 11, 42, 41683 }, // U+FEB4
    { 33, 25, 548, 0, 19, 104, 41725 }, // U+FEB5
    { 38, 25, 576, 0, 19, 119, 41829 }, // U+FEB6
    { 23, 20, 380, 0, 19, 58, 41948 }, // U+FEB7
    { 28, 20, 408, 0, 19, 70, 42006 }, // U+FEB8
    { 35, 17, 569, 0, 11, 75, 42076 }, // U+FEB9
    { 39, 17, 577, 0, 11, 83, 42151 }, // U+FEBA
    { 24, 12, 390, 0, 11, 36, 42234 }, // U+FEBB
    { 28, 12, 402, 0, 11, 42, 42270 }, // U+FEBC
    { 35, 24, 569, 0, 18, 105, 42312 }, // U+FEBD
    { 39, 24, 577, 0, 18, 117, 42417 }, // U+FEBE
    { 24, 19, 390, 0, 18, 57, 42534 }, // U+FEBF
    { 28, 19, 402, 0, 18, 67, 42591 }, // U+FEC0
    { 21, 20, 338, 0, 19, 53, 42658 }, // U+FEC1
    { 24, 20, 344, 0, 19, 60, 42711 }, // U+FEC2
    { 18, 20, 295, 0, 19, 45, 42771 }, // U+FEC3
    { 22, 20, 305, 0, 19, 55, 42816 }, // U+FEC4
    { 21, 20, 338, 0, 19, 53, 42871 }, // U+FEC5
    { 24, 20, 344, 0, 19, 60, 42924 }, // U+FEC6
    { 18, 20, 295, 0, 19, 45, 42984 }, // U+FEC7
    { 22, 20, 305, 0, 19, 55, 43029 }, // U+FEC8
    { 17, 24, 228, 0, 14, 51, 43084 }, // U+FEC9
    { 17, 22, 228, 0, 12, 47, 43135 }, // U+FECA
    { 13, 14, 223, 0, 13, 23, 43182 }, // U+FECB
    { 17, 13, 221, -1, 12, 28, 43205 }, // U+FECC
    { 17, 31, 228, 0, 21, 66, 43233 }, // U+FECD
    { 17, 28, 228, 0, 18, 60, 43299 }, // U+FECE
    { 13, 20, 223, 0, 19, 33, 43359 }, // U+FECF
    { 17, 19, 221, -1, 18, 41, 43392 }, // U+FED0
    { 25, 22, 410, 0, 21, 69, 43433 }, // U+FED1
    { 30, 20, 446, 0, 19, 75, 43502 }, // U+FED2
    { 12, 22, 202, 0, 21, 33, 43577 }, // U+FED3
    { 16, 20, 212, 0, 19, 40, 43610 }, // U+FED4
    { 20, 23, 333, 0, 18, 58, 43650 }, // U+FED5
    { 24, 23, 342, 0, 16, 69, 43708 }, // U+FED6
    { 12, 22, 202, 0, 21, 33, 43777 }, // U+FED7
    { 16, 20, 212, 0, 19, 40, 43810 }, // U+FED8
    { 23, 20, 372, 0, 19, 58, 43850 }, // U+FED9
    { 27, 20, 390, 0, 19, 68, 43908 }, // U+FEDA
    { 12, 19, 182, 0, 18, 29, 43976 }, // U+FEDB
    { 15, 19, 203, 0, 18, 36, 44005 }, // U+FEDC
    { 18, 25, 296, 0, 19, 57, 44041 }, // U+FEDD
    { 22, 25, 316, 0, 19, 69, 44098 }, // U+FEDE
    { 7, 20, 119, 0, 19, 18, 44167 }, // U+FEDF
    { 11, 20, 138, 0, 19, 28, 44185 }, // U+FEE0
    { 13, 22, 219, 0, 12, 36, 44213 }, // U+FEE1
    { 19, 21, 264, 0, 11, 50, 44249 }, // U+FEE2
    { 14, 12, 233, 0, 11, 21, 44299 }, // U+FEE3
    { 18, 12, 250, 0, 11, 27, 44320 }, // U+FEE4
    { 18, 21, 296, 0, 15, 48, 44347 }, // U+FEE5
    { 23, 21, 322, 0, 15, 61, 44395 }, // U+FEE6
    { 7, 19, 127, 0, 18, 17, 44456 }, // U+FEE7
    { 12, 17, 154, 0, 16, 26, 44473 }, // U+FEE8
    { 11, 15, 188, 0, 14, 21, 44499 }, // U+FEE9
    { 16, 16, 222, 0, 15, 32, 44520 }, // U+FEEA
    { 16, 15, 256, 0, 14, 30, 44552 }, // U+FEEB
    { 17, 18, 228, 0, 12, 39, 44582 }, // U+FEEC
    { 12, 17, 199, 0, 11, 26, 44621 }, // U+FEED
    { 16, 17, 210, 0, 11, 34, 44647 }, // U+FEEE
    { 21, 18, 328, 0, 12, 48, 44681 }, // U+FEEF
    { 22, 13, 320, 0, 7, 36, 44729 }, // U+FEF0
    { 21, 24, 328, 0, 12, 63, 44765 }, // U+FEF1
    { 22, 19, 320, 0, 7, 53, 44828 }, // U+FEF2
    { 8, 18, 144, 0, 12, 18, 44881 }, // U+FEF3
    { 13, 15, 164, 0, 9, 25, 44899 }, // U+FEF4
    { 17, 21, 253, -2, 21, 45, 44924 }, // U+FEF5
    { 20, 22, 272, 0, 21, 55, 44969 }, // U+FEF6
    { 15, 23, 253, 0, 23, 44, 45024 }, // U+FEF7
    { 19, 24, 272, 1, 23, 57, 45068 }, // U+FEF8
    { 14, 27, 253, 1, 19, 48, 45125 }, // U+FEF9
    { 19, 27, 272, 1, 19, 65, 45173 }, // U+FEFA
    { 14, 19, 253, 1, 19, 34, 45238 }, // U+FEFB
    { 19, 20, 272, 1, 19, 48, 45272 }, // U+FEFC
};

static const EpdUnicodeInterval inter_12_boldIntervals[] = {
    { 0x0, 0x148, 0x0 },
    { 0x14A, 0x17F, 0x149 },
    { 0x1A0, 0x1A1, 0x17F },
    { 0x1AF, 0x1B0, 0x181 },
    { 0x1C5, 0x21F, 0x183 },
    { 0x300, 0x304, 0x1DE },
    { 0x306, 0x30C, 0x1E3 },
    { 0x30F, 0x30F, 0x1EA },
    { 0x312, 0x313, 0x1EB },
    { 0x315, 0x315, 0x1ED },
    { 0x31B, 0x31B, 0x1EE },
    { 0x323, 0x323, 0x1EF },
    { 0x326, 0x328, 0x1F0 },
    { 0x32C, 0x32C, 0x1F3 },
    { 0x337, 0x338, 0x1F4 },
    { 0x342, 0x343, 0x1F6 },
    { 0x346, 0x36F, 0x1F8 },
    { 0x400, 0x479, 0x222 },
    { 0x480, 0x49D, 0x29C },
    { 0x4A0, 0x4FF, 0x2BA },
    { 0x5D0, 0x5EA, 0x31A },
    { 0x60C, 0x60C, 0x335 },
    { 0x61B, 0x61B, 0x336 },
    { 0x61F, 0x61F, 0x337 },
    { 0x621, 0x621, 0x338 },
    { 0x640, 0x640, 0x339 },
    { 0x660, 0x669, 0x33A },
    { 0x6BA, 0x6BA, 0x344 },
    { 0x6D4, 0x6D4, 0x345 },
    { 0x6F0, 0x6F9, 0x346 },
    { 0x1EA0, 0x1EF9, 0x350 },
    { 0x2000, 0x2027, 0x3AA },
    { 0x202A, 0x2055, 0x3D2 },
    { 0x2057, 0x2057, 0x3FE },
    { 0x205F, 0x2064, 0x3FF },
    { 0x2066, 0x2071, 0x405 },
    { 0x2074, 0x208E, 0x411 },
    { 0x2090, 0x209C, 0x42C },
    { 0x20A0, 0x20AF, 0x439 },
    { 0x20B1, 0x20B5, 0x449 },
    { 0x20B8, 0x20BA, 0x44E },
    { 0x20BC, 0x20BF, 0x451 },
    { 0x2190, 0x2199, 0x455 },
    { 0x21A9, 0x21AA, 0x45F },
    { 0x21B0, 0x21B7, 0x461 },
    { 0x21BA, 0x21BB, 0x469 },
    { 0x21C4, 0x21C4, 0x46B },
    { 0x21C6, 0x21C6, 0x46C },
    { 0x21D0, 0x21D0, 0x46D },
    { 0x21D2, 0x21D2, 0x46E },
    { 0x21D4, 0x21D4, 0x46F },
    { 0x21DE, 0x21DF, 0x470 },
    { 0x21E4, 0x21E5, 0x472 },
    { 0x21E7, 0x21E7, 0x474 },
    { 0x21EA, 0x21EA, 0x475 },
    { 0x2202, 0x2202, 0x476 },
    { 0x2205, 0x2206, 0x477 },
    { 0x220F, 0x220F, 0x479 },
    { 0x2211, 0x2212, 0x47A },
    { 0x2215, 0x2215, 0x47C },
    { 0x221A, 0x221A, 0x47D },
    { 0x221E, 0x221E, 0x47E },
    { 0x222B, 0x222B, 0x47F },
    { 0x2236, 0x2236, 0x480 },
    { 0x2248, 0x2248, 0x481 },
    { 0x2260, 0x2260, 0x482 },
    { 0x2264, 0x2265, 0x483 },
    { 0x2295, 0x2298, 0x485 },
    { 0xFB01, 0xFB02, 0x489 },
    { 0xFB56, 0xFB59, 0x48B },
    { 0xFB66, 0xFB69, 0x48F },
    { 0xFB7A, 0xFB7D, 0x493 },
    { 0xFB88, 0xFB95, 0x497 },
    { 0xFB9E, 0xFB9F, 0x4A5 },
    { 0xFBA6, 0xFBB1, 0x4A7 },
    { 0xFBFC, 0xFBFF, 0x4B3 },
    { 0xFE80, 0xFEFC, 0x4B7 },
};

static const uint16_t inter_12_boldKernLeftCodepoints[] = {
    0x0022, 0x0024, 0x0025, 0x0026, 0x0027, 0x0028, 0x0029, 0x002A, 0x002B, 0x002C, 0x002D, 0x002E,
    0x002F, 0x0030, 0x0031, 0x0032, 0x0033, 0x0034, 0x0035, 0x0036, 0x0037, 0x0038, 0x0039, 0x003A,
    0x003B, 0x003D, 0x003E, 0x003F, 0x0040, 0x0041, 0x0042, 0x0043, 0x0044, 0x0045, 0x0046, 0x0047,
    0x0048, 0x0049, 0x004A, 0x004B, 0x004C, 0x004D, 0x004E, 0x004F, 0x0050, 0x0051, 0x0052, 0x0053,
    0x0054, 0x0055, 0x0056, 0x0057, 0x0058, 0x0059, 0x005A, 0x005B, 0x005C, 0x005D, 0x005E, 0x005F,
    0x0061, 0x0062, 0x0063, 0x0064, 0x0065, 0x0066, 0x0067, 0x0068, 0x0069, 0x006A, 0x006B, 0x006C,
    0x006D, 0x006E, 0x006F, 0x0070, 0x0071, 0x0072, 0x0073, 0x0074, 0x0075, 0x0076, 0x0077, 0x0078,
    0x0079, 0x007A, 0x007B, 0x007C, 0x007D, 0x007E, 0x00A1, 0x00A2, 0x00A5, 0x00A9, 0x00AA, 0x00AB,
    0x00AC, 0x00AD, 0x00AE, 0x00B0, 0x00B1, 0x00B2, 0x00B3, 0x00B5, 0x00B6, 0x00B7, 0x00B9, 0x00BA,
    0x00BB, 0x00BF, 0x00C0, 0x00C1, 0x00C2, 0x00C3, 0x00C4, 0x00C5, 0x00C6, 0x00C7, 0x00C8, 0x00C9,
    0x00CA, 0x00CB, 0x00CC, 0x00CD, 0x00CE, 0x00CF, 0x00D0, 0x00D1, 0x00D2, 0x00D3, 0x00D4, 0x00D5,
    0x00D6, 0x00D7, 0x00D8, 0x00D9, 0x00DA, 0x00DB, 0x00DC, 0x00DD, 0x00DE, 0x00DF, 0x00E0, 0x00E1,
    0x00E2, 0x00E3, 0x00E4, 0x00E5, 0x00E6, 0x00E7, 0x00E8, 0x00E9, 0x00EA, 0x00EB, 0x00EC, 0x00ED,
    0x00EE, 0x00EF, 0x00F0, 0x00F1, 0x00F2, 0x00F3, 0x00F4, 0x00F5, 0x00F6, 0x00F7, 0x00F8, 0x00F9,
    0x00FA, 0x00FB, 0x00FC, 0x00FD, 0x00FE, 0x00FF, 0x0100, 0x0101, 0x0102, 0x0103, 0x0104, 0x0105,
    0x0106, 0x0107, 0x0108, 0x0109, 0x010A, 0x010B, 0x010C, 0x010D, 0x010E, 0x010F, 0x0111, 0x0112,
    0x0113, 0x0114, 0x0115, 0x0116, 0x0117, 0x0118, 0x0119, 0x011A, 0x011B, 0x011C, 0x011D, 0x011E,
    0x011F, 0x0120, 0x0121, 0x0122, 0x0123, 0x0124, 0x0125, 0x0126, 0x0127, 0x0128, 0x0129, 0x012A,
    0x012B, 0x012C, 0x012D, 0x012E, 0x012F, 0x0130, 0x0131, 0x0133, 0x0134, 0x0135, 0x0136, 0x0137,
    0x0138, 0x0139, 0x013A, 0x013B, 0x013C, 0x013D, 0x013E, 0x013F, 0x0140, 0x0141, 0x0142, 0x0143,
    0x0144, 0x0145, 0x0146, 0x0147, 0x0148, 0x014A, 0x014C, 0x014D, 0x014E, 0x014F, 0x0150, 0x0151,
    0x0152, 0x0153, 0x0154, 0x0155, 0x0156, 0x0157, 0x0158, 0x0159, 0x015A, 0x015B, 0x015C, 0x015D,
    0x015E, 0x015F, 0x0160, 0x0161, 0x0162, 0x0163, 0x0164, 0x0165, 0x0166, 0x0167, 0x0168, 0x0169,
    0x016A, 0x016B, 0x016C, 0x016D, 0x016E, 0x016F, 0x0170, 0x0171, 0x0172, 0x0173, 0x0174, 0x0175,
    0x0176, 0x0177, 0x0178, 0x0179, 0x017A, 0x017B, 0x017C, 0x017D, 0x017E, 0x017F, 0x01A0, 0x01A1,
    0x01AF, 0x01B0, 0x01C5, 0x01C6, 0x01C8, 0x01C9, 0x01CB, 0x01CC, 0x01CD, 0x01CE, 0x01CF, 0x01D0,
    0x01D1, 0x01D2, 0x01D3, 0x01D4, 0x01D5, 0x01D6, 0x01D7, 0x01D8, 0x01D9, 0x01DA, 0x01DB, 0x01DC,
    0x01DD, 0x01DE, 0x01DF, 0x01E0, 0x01E1, 0x01E2, 0x01E3, 0x01E4, 0x01E5, 0x01E6, 0x01E7, 0x01E8,
    0x01E9, 0x01EA, 0x01EB, 0x01EC, 0x01ED, 0x01F0, 0x01F1, 0x01F2, 0x01F3, 0x01F4, 0x01F5, 0x01F6,
    0x01F8, 0x01F9, 0x01FA, 0x01FB, 0x01FC, 0x01FD, 0x01FE, 0x01FF, 0x0200, 0x0201, 0x0202, 0x0203,
    0x0204, 0x0205, 0x0206, 0x0207, 0x0208, 0x0209, 0x020A, 0x020B, 0x020C, 0x020D, 0x020E, 0x020F,
    0x0210, 0x0211, 0x0212, 0x0213, 0x0214, 0x0215, 0x0216, 0x0217, 0x0218, 0x0219, 0x021A, 0x021B,
    0x021E, 0x021F, 0x0400, 0x0401, 0x0402, 0x0403, 0x0404, 0x0405, 0x0406, 0x0407, 0x0408, 0x0409,
    0x040A, 0x040B, 0x040C, 0x040D, 0x040F, 0x0410, 0x0411, 0x0412, 0x0413, 0x0414, 0x0415, 0x0416,
    0x0417, 0x0418, 0x0419, 0x041A, 0x041B, 0x041C, 0x041D, 0x041E, 0x041F, 0x0420, 0x0421, 0x0422,
    0x0423, 0x0424, 0x0425, 0x0426, 0x0427, 0x0428, 0x0429, 0x042A, 0x042B, 0x042C, 0x042D, 0x042E,
    0x0430, 0x0432, 0x0433, 0x0434, 0x0435, 0x0436, 0x0437, 0x0438, 0x0439, 0x043A, 0x043B, 0x043C,
    0x043D, 0x043E, 0x043F, 0x0440, 0x0441, 0x0442, 0x0443, 0x0444, 0x0445, 0x0446, 0x0447, 0x0448,
    0x0449, 0x044A, 0x044B, 0x044C, 0x044D, 0x044E, 0x044F, 0x0450, 0x0451, 0x0452, 0x0453, 0x0454,
    0x0455, 0x0456, 0x0457, 0x0458, 0x0459, 0x045A, 0x045B, 0x045C, 0x045D, 0x045E, 0x045F, 0x0460,
    0x0462, 0x0463, 0x0464, 0x0465, 0x0466, 0x0467, 0x0468, 0x046E, 0x0472, 0x0473, 0x0474, 0x0475,
    0x0476, 0x0477, 0x0479, 0x0481, 0x048A, 0x048B, 0x048C, 0x048D, 0x048E, 0x048F, 0x0490, 0x0491,
    0x0492, 0x0493, 0x0497, 0x0498, 0x049A, 0x049B, 0x049C, 0x049D, 0x04A0, 0x04A1, 0x04A2, 0x04A3,
    0x04A4, 0x04A5, 0x04A6, 0x04A7, 0x04A9, 0x04AA, 0x04AB, 0x04AC, 0x04AD, 0x04AE, 0x04AF, 0x04B0,
    0x04B1, 0x04B3, 0x04B5, 0x04B7, 0x04B9, 0x04BA, 0x04BB, 0x04BD, 0x04BF, 0x04C0, 0x04C1, 0x04C3,
    0x04C4, 0x04C6, 0x04C7, 0x04C8, 0x04C9, 0x04CA, 0x04CC, 0x04CD, 0x04CE, 0x04CF, 0x04D0, 0x04D1,
    0x04D2, 0x04D3, 0x04D4, 0x04D5, 0x04D6, 0x04D7, 0x04D9, 0x04DA, 0x04DB, 0x04DC, 0x04E0, 0x04E2,
    0x04E3, 0x04E4, 0x04E5, 0x04E6, 0x04E7, 0x04E8, 0x04E9, 0x04EA, 0x04EB, 0x04ED, 0x04EF, 0x04F1,
    0x04F3, 0x04F5, 0x04F6, 0x04F7, 0x04F9, 0x04FA, 0x04FB, 0x04FC, 0x04FD, 0x04FE, 0x04FF, 0x05D0,
    0x05D1, 0x05D2, 0x05D3, 0x05D4, 0x05D5, 0x05D6, 0x05D7, 0x05D9, 0x05DA, 0x05DB, 0x05DC, 0x05DD,
    0x05DE, 0x05DF, 0x05E0, 0x05E1, 0x05E2, 0x05E6, 0x05E7, 0x05E8, 0x05EA, 0x1EA0, 0x1EA1, 0x1EA2,
    0x1EA3, 0x1EA4, 0x1EA5, 0x1EA6, 0x1EA7, 0x1EA8, 0x1EA9, 0x1EAA, 0x1EAB, 0x1EAC, 0x1EAD, 0x1EAE,
    0x1EAF, 0x1EB0, 0x1EB1, 0x1EB2, 0x1EB3, 0x1EB4, 0x1EB5, 0x1EB6, 0x1EB7, 0x1EB8, 0x1EB9, 0x1EBA,
    0x1EBB, 0x1EBC, 0x1EBD, 0x1EBE, 0x1EBF, 0x1EC0, 0x1EC1, 0x1EC2, 0x1EC3, 0x1EC4, 0x1EC5, 0x1EC6,
    0x1EC7, 0x1EC8, 0x1EC9, 0x1ECA, 0x1ECB, 0x1ECC, 0x1ECD, 0x1ECE, 0x1ECF, 0x1ED0, 0x1ED1, 0x1ED2,
    0x1ED3, 0x1ED4, 0x1ED5, 0x1ED6, 0x1ED7, 0x1ED8, 0x1ED9, 0x1EDA, 0x1EDB, 0x1EDC, 0x1EDD, 0x1EDE,
    0x1EDF, 0x1EE0, 0x1EE1, 0x1EE2, 0x1EE3, 0x1EE4, 0x1EE5, 0x1EE6, 0x1EE7, 0x1EE8, 0x1EE9, 0x1EEA,
    0x1EEB, 0x1EEC, 0x1EED, 0x1EEE, 0x1EEF, 0x1EF0, 0x1EF1, 0x1EF2, 0x1EF3, 0x1EF4, 0x1EF5, 0x1EF6,
    0x1EF7, 0x1EF8, 0x1EF9, 0x2018, 0x2019, 0x201A, 0x201C, 0x201D, 0x201E, 0x2020, 0x2021, 0x2022,
    0x2023, 0x2026, 0x2034, 0x2039, 0x203A, 0x203D, 0x2043, 0x204B, 0x204C, 0x204D, 0x204F, 0x2070,
    0x2071, 0x2074, 0x2075, 0x2076, 0x2077, 0x2078, 0x2079, 0x207A, 0x207B, 0x207D, 0x2080, 0x2081,
    0x2082, 0x2083, 0x2084, 0x2085, 0x2086, 0x2087, 0x2088, 0x2089, 0x208A, 0x208B, 0x208C, 0x208D,
    0x208E, 0x2090, 0x2091, 0x2092, 0x2093, 0x2095, 0x2096, 0x2097, 0x2098, 0x2099, 0x209A, 0x209B,
    0x209C, 0x20A1, 0x20A7, 0x20A8, 0x20A9, 0x20AC, 0x20AF, 0x20B2, 0x20B5, 0x20BD, 0x20BF, 0x2190,
    0x21D0, 0x2206, 0x2212, 0x221E, 0x2248, 0x2260, 0x2264, 0x2265, 0xFB02, 0xFB8C, 0xFEAD, 0xFEAE,
    0xFEAF,
};

static const uint8_t inter_12_boldKernLeftClassIds[] = {
      1,   2,   3,   4,   1,   5,   6,   7,   8,   9,   8,   9,  10,  11,  12,  13,
     14,  15,  16,  17,  18,  14,  11,  19,  19,  20,  21,  22,  23,  24,  25,  26,
     23,  27,  28,  29,  12,  12,  30,  31,  32,  12,  12,  23,  33,  23,  34,   2,
     35,  30,  36,  37,  38,  39,  40,  41,  42,   6,   7,  43,  44,  45,  45,  12,
     45,  46,  47,  44,  48,  48,  49,  12,  44,  44,  45,  45,  47,  50,  51,  52,
     53,  54,  55,  56,  54,  57,   5,  12,   6,  58,  59,  45,  60,  23,  61,  62,
     63,  64,  65,   7,  20,  66,  67,  68,  12,  69,  70,  61,  71,  72,  24,  24,
     24,  24,  24,  24,  27,  26,  27,  27,  27,  27,  12,  12,  73,  73,  23,  12,
     23,  23,  23,  23,  23,  74,  23,  30,  30,  30,  30,  39,  75,  76,  44,  44,
     44,  44,  44,  44,  77,  45,  45,  45,  45,  45,  48,  48,  78,  79,  45,  80,
     45,  45,  45,  81,  81,   8,  45,  53,  53,  53,  53,  54,  45,  54,  24,  82,
     24,  44,  24,  44,  26,  45,  26,  45,  26,  45,  26,  45,  23,  83,  84,  27,
     45,  27,  45,  27,  45,  27,  45,  27,  45,  29,  47,  29,  47,  29,  47,  29,
     47,  12,  44,  12,  44,  73,  85,  73,  86,  73,  87,  12,  48,  12,  48,  48,
     30,  88,  31,  49,  49,  89,  90,  32,  12,  91,  12,  92,  93,  94,  95,  12,
     44,  12,  44,  12,  44,  12,  23,  45,  23,  45,  23,  45,  27,  45,  34,  50,
     34,  50,  34,  50,   2,  51,   2,  51,   2,  51,   2,  51,  96,  52,  97,  52,
     98,  52,  30,  53,  30,  53,  30,  53,  30,  53,  30,  53,  30,  53,  37,  55,
     39,  54,  39,  40,  57,  40,  57,  40,  57,  99, 100, 101, 102, 103, 104,  57,
     48,  48,  48,  48,  24,  44,  90, 105,  23,  45,  30,  53,  30,  53,  30,  53,
     30,  53,  30,  53, 106,  24,  44,  24,  44,  27,  77,  29,  47,  29,  47,  31,
     49,  23,  45,  23,  45,  48, 107,  57,  57,  29,  47, 108,  12,  44,  24,  44,
     27,  77,  23,  45,  24,  44,  24,  44,  27,  45,  27,  45, 109, 110,  73, 111,
     23,  45,  23,  45,  34,  50,  34,  50,  30,  53,  30,  53,   2,  51,  35,  52,
     12,  44,  27,  27,  45,  35, 112,   2,  12,  73,  30,  45,  45,  44,  31,  12,
     12,  24,  25,  25,  35, 113,  27, 114,  14,  12,  12,  31,  12,  12,  12,  23,
     12,  33,  26,  35,  39, 115,  38, 113,  12,  12, 113,  45,  12,  45,  23, 116,
     44,  51,  50, 117,  45,  56,  44,  44,  44,  49,  44,  44,  44,  45,  44,  45,
     45, 118,  54,  45,  56, 117,  44,  44, 117, 119,  48, 119,  45,  45,  44,  45,
     45,  44,  50,  45,  51,  48,  79,  48, 119, 119,  44,  49,  44,  54,  53,  12,
     45,  45,  26,  45,  24,  24,  24,  25,  23,  45,  36,  54,  36,  54,  46,  45,
     12,  52,  45,  45,  33,  45,  35,  50,  35,  50,  56,  14,  31,  49,  31,  49,
     31,  49,  52,  52,  35,  50,  45, 119,  77,  26,  45,  35,  50,  39,  54, 120,
     54,  56, 117,  52,  44,  44,  44,  45,  77,  12,  38,  25,  44,  52,  12,  44,
     52,  52,  44,  12,  52,  12,  24,  44,  24,  44,  27,  77,  27,  45,  45,  23,
     45,  38,  14,  12,  44,  12,  44,  23,  45,  23,  45,  23,  45,  45,  54,  54,
     54,  44,  35,  50,  44,  35,  50,  38,  56,  38,  56, 121, 122, 122, 123, 124,
    125, 126, 124, 127, 123, 122, 128, 124, 125, 125, 122, 129, 130, 131, 124, 123,
    132,  24,  44,  24,  44,  24,  44,  24,  44,  24,  44,  24,  44,  24,  44,  24,
     44,  24,  44,  24,  44,  24,  44,  24,  44,  27,  45,  27,  45,  27,  45,  27,
     45,  27,  45,  27,  45,  27,  45,  27,  45,  12, 110,  12, 133,  23,  45,  23,
     45,  23,  45,  23,  45,  23, 134,  23,  45,  23,  45,  23,  45,  23,  45,  23,
     45,  23,  45,  23,  45,  30,  53,  30,  53, 135,  53, 135,  53, 135, 103, 135,
     53, 135,  53,  39,  54, 136,  54, 136,  54, 136,  54, 137, 138, 139, 137, 138,
    139,  61,  61, 140, 140, 141, 138,  62,  71,  22, 140,  33,  44, 140,  19,  67,
    142, 143,  67,  67, 144,  67,  67, 145, 145, 146, 147, 147, 147, 147, 147, 148,
    147, 149, 147, 147, 147, 147, 147, 147, 147, 147, 147, 147, 147, 147, 147, 147,
    147, 147, 147, 147, 147,  26,  52,  51, 150, 151,  45,  29,  26, 152,  25,   8,
     20,  24,   8,  92,  20,  20,  20,  20, 153, 154, 154, 154, 154,
};

static const uint16_t inter_12_boldKernRightCodepoints[] = {
    0x0020, 0x0021, 0x0022, 0x0023, 0x0024, 0x0025, 0x0026, 0x0027, 0x0028, 0x0029, 0x002A, 0x002B,
    0x002C, 0x002D, 0x002E, 0x002F, 0x0030, 0x0031, 0x0032, 0x0033, 0x0034, 0x0035, 0x0036, 0x0037,
    0x0038, 0x0039, 0x003A, 0x003B, 0x003C, 0x003D, 0x003F, 0x0040, 0x0041, 0x0042, 0x0043, 0x0044,
    0x0045, 0x0046, 0x0047, 0x0048, 0x0049, 0x004A, 0x004B, 0x004C, 0x004D, 0x004E, 0x004F, 0x0050,
    0x0051, 0x0052, 0x0053, 0x0054, 0x0055, 0x0056, 0x0057, 0x0058, 0x0059, 0x005A, 0x005B, 0x005C,
    0x005D, 0x005E, 0x005F, 0x0061, 0x0062, 0x0063, 0x0064, 0x0065, 0x0066, 0x0067, 0x0068, 0x0069,
    0x006A, 0x006B, 0x006C, 0x006D, 0x006E, 0x006F, 0x0070, 0x0071, 0x0072, 0x0073, 0x0074, 0x0075,
    0x0076, 0x0077, 0x0078, 0x0079, 0x007A, 0x007B, 0x007C, 0x007D, 0x007E, 0x00A2, 0x00A5, 0x00A9,
    0x00AA, 0x00AB, 0x00AC, 0x00AD, 0x00AE, 0x00B0, 0x00B1, 0x00B2, 0x00B5, 0x00B6, 0x00B7, 0x00B9,
    0x00BA, 0x00BB, 0x00BF, 0x00C0, 0x00C1, 0x00C2, 0x00C3, 0x00C4, 0x00C5, 0x00C6, 0x00C7, 0x00C8,
    0x00C9, 0x00CA, 0x00CB, 0x00CC, 0x00CD, 0x00CE, 0x00CF, 0x00D0, 0x00D1, 0x00D2, 0x00D3, 0x00D4,
    0x00D5, 0x00D6, 0x00D7, 0x00D8, 0x00D9, 0x00DA, 0x00DB, 0x00DC, 0x00DD, 0x00DE, 0x00DF, 0x00E0,
    0x00E1, 0x00E2, 0x00E3, 0x00E4, 0x00E5, 0x00E6, 0x00E7, 0x00E8, 0x00E9, 0x00EA, 0x00EB, 0x00EC,
    0x00ED, 0x00EE, 0x00EF, 0x00F0, 0x00F1, 0x00F2, 0x00F3, 0x00F4, 0x00F5, 0x00F6, 0x00F7, 0x00F8,
    0x00F9, 0x00FA, 0x00FB, 0x00FC, 0x00FD, 0x00FE, 0x00FF, 0x0100, 0x0101, 0x0102, 0x0103, 0x0104,
    0x0105, 0x0106, 0x0107, 0x0108, 0x0109, 0x010A, 0x010B, 0x010C, 0x010D, 0x010E, 0x010F, 0x0110,
    0x0111, 0x0112, 0x0113, 0x0114, 0x0115, 0x0116, 0x0117, 0x0118, 0x0119, 0x011A, 0x011B, 0x011C,
    0x011D, 0x011E, 0x011F, 0x0120, 0x0121, 0x0122, 0x0123, 0x0124, 0x0125, 0x0126, 0x0127, 0x0128,
    0x0129, 0x012A, 0x012B, 0x012C, 0x012D, 0x012E, 0x012F, 0x0130, 0x0131, 0x0133, 0x0134, 0x0135,
    0x0136, 0x0137, 0x0138, 0x0139, 0x013A, 0x013B, 0x013C, 0x013D, 0x013E, 0x0140, 0x0141, 0x0142,
    0x0143, 0x0144, 0x0145, 0x0146, 0x0147, 0x0148, 0x014A, 0x014B, 0x014C, 0x014D, 0x014E, 0x014F,
    0x0150, 0x0151, 0x0152, 0x0153, 0x0154, 0x0155, 0x0156, 0x0157, 0x0158, 0x0159, 0x015A, 0x015B,
    0x015C, 0x015D, 0x015E, 0x015F, 0x0160, 0x0161, 0x0162, 0x0163, 0x0164, 0x0165, 0x0166, 0x0167,
    0x0168, 0x0169, 0x016A, 0x016B, 0x016C, 0x016D, 0x016E, 0x016F, 0x0170, 0x0171, 0x0172, 0x0173,
    0x0174, 0x0175, 0x0176, 0x0177, 0x0178, 0x0179, 0x017A, 0x017B, 0x017C, 0x017D, 0x017E, 0x017F,
    0x01A0, 0x01A1, 0x01AF, 0x01B0, 0x01C5, 0x01C6, 0x01C8, 0x01C9, 0x01CB, 0x01CC, 0x01CD, 0x01CE,
    0x01CF, 0x01D0, 0x01D1, 0x01D2, 0x01D3, 0x01D4, 0x01D5, 0x01D6, 0x01D7, 0x01D8, 0x01D9, 0x01DA,
    0x01DB, 0x01DC, 0x01DD, 0x01DE, 0x01DF, 0x01E0, 0x01E1, 0x01E2, 0x01E3, 0x01E4, 0x01E5, 0x01E6,
    0x01E7, 0x01E8, 0x01E9, 0x01EA, 0x01EB, 0x01EC, 0x01ED, 0x01EF, 0x01F0, 0x01F2, 0x01F3, 0x01F4,
    0x01F5, 0x01F6, 0x01F8, 0x01F9, 0x01FA, 0x01FB, 0x01FC, 0x01FD, 0x01FE, 0x01FF, 0x0200, 0x0201,
    0x0202, 0x0203, 0x0204, 0x0205, 0x0206, 0x0207, 0x0208, 0x0209, 0x020A, 0x020B, 0x020C, 0x020D,
    0x020E, 0x020F, 0x0210, 0x0211, 0x0212, 0x0213, 0x0214, 0x0215, 0x0216, 0x0217, 0x0218, 0x0219,
    0x021A, 0x021B, 0x021E, 0x021F, 0x0400, 0x0401, 0x0402, 0x0403, 0x0404, 0x0405, 0x0406, 0x0407,
    0x0408, 0x0409, 0x040A, 0x040B, 0x040C, 0x040D, 0x040F, 0x0410, 0x0411, 0x0412, 0x0413, 0x0414,
    0x0415, 0x0416, 0x0417, 0x0418, 0x0419, 0x041A, 0x041B, 0x041C, 0x041D, 0x041E, 0x041F, 0x0420,
    0x0421, 0x0422, 0x0423, 0x0424, 0x0425, 0x0426, 0x0427, 0x0428, 0x0429, 0x042A, 0x042B, 0x042C,
    0x042D, 0x042E, 0x0430, 0x0431, 0x0432, 0x0433, 0x0434, 0x0435, 0x0436, 0x0437, 0x0438, 0x0439,
    0x043A, 0x043B, 0x043C, 0x043D, 0x043E, 0x043F, 0x0440, 0x0441, 0x0442, 0x0443, 0x0444, 0x0445,
    0x0446, 0x0447, 0x0448, 0x0449, 0x044A, 0x044B, 0x044C, 0x044D, 0x044E, 0x044F, 0x0450, 0x0451,
    0x0452, 0x0453, 0x0454, 0x0455, 0x0456, 0x0457, 0x0458, 0x0459, 0x045A, 0x045B, 0x045C, 0x045D,
    0x045E, 0x045F, 0x0460, 0x0463, 0x0464, 0x0465, 0x0466, 0x0467, 0x0468, 0x046C, 0x046E, 0x0472,
    0x0473, 0x0474, 0x0475, 0x0476, 0x0477, 0x0478, 0x0479, 0x0481, 0x048A, 0x048B, 0x048D, 0x048E,
    0x048F, 0x0490, 0x0491, 0x0493, 0x0494, 0x0495, 0x0497, 0x049A, 0x049B, 0x049C, 0x049D, 0x04A0,
    0x04A1, 0x04A2, 0x04A3, 0x04A4, 0x04A5, 0x04A6, 0x04A7, 0x04A9, 0x04AA, 0x04AB, 0x04AC, 0x04AD,
    0x04AE, 0x04AF, 0x04B0, 0x04B1, 0x04B2, 0x04B3, 0x04B4, 0x04B5, 0x04B7, 0x04B9, 0x04BA, 0x04BB,
    0x04BD, 0x04C0, 0x04C1, 0x04C3, 0x04C4, 0x04C6, 0x04C7, 0x04C8, 0x04C9, 0x04CA, 0x04CD, 0x04CE,
    0x04CF, 0x04D0, 0x04D1, 0x04D2, 0x04D3, 0x04D4, 0x04D5, 0x04D6, 0x04D7, 0x04D9, 0x04DA, 0x04DB,
    0x04DC, 0x04E1, 0x04E2, 0x04E3, 0x04E4, 0x04E5, 0x04E6, 0x04E7, 0x04E8, 0x04E9, 0x04EA, 0x04EB,
    0x04ED, 0x04EF, 0x04F1, 0x04F3, 0x04F7, 0x04F9, 0x04FB, 0x04FC, 0x04FD, 0x04FE, 0x04FF, 0x05D0,
    0x05D1, 0x05D2, 0x05D3, 0x05D4, 0x05D6, 0x05D7, 0x05D8, 0x05D9, 0x05DA, 0x05DB, 0x05DC, 0x05DD,
    0x05DE, 0x05E0, 0x05E1, 0x05E2, 0x05E3, 0x05E4, 0x05E5, 0x05E7, 0x05E8, 0x05E9, 0x05EA, 0x1EA0,
    0x1EA1, 0x1EA2, 0x1EA3, 0x1EA4, 0x1EA5, 0x1EA6, 0x1EA7, 0x1EA8, 0x1EA9, 0x1EAA, 0x1EAB, 0x1EAC,
    0x1EAD, 0x1EAE, 0x1EAF, 0x1EB0, 0x1EB1, 0x1EB2, 0x1EB3, 0x1EB4, 0x1EB5, 0x1EB6, 0x1EB7, 0x1EB8,
    0x1EB9, 0x1EBA, 0x1EBB, 0x1EBC, 0x1EBD, 0x1EBE, 0x1EBF, 0x1EC0, 0x1EC1, 0x1EC2, 0x1EC3, 0x1EC4,
    0x1EC5, 0x1EC6, 0x1EC7, 0x1EC8, 0x1EC9, 0x1ECA, 0x1ECB, 0x1ECC, 0x1ECD, 0x1ECE, 0x1ECF, 0x1ED0,
    0x1ED1, 0x1ED2, 0x1ED3, 0x1ED4, 0x1ED5, 0x1ED6, 0x1ED7, 0x1ED8, 0x1ED9, 0x1EDA, 0x1EDB, 0x1EDC,
    0x1EDD, 0x1EDE, 0x1EDF, 0x1EE0, 0x1EE1, 0x1EE2, 0x1EE3, 0x1EE4, 0x1EE5, 0x1EE6, 0x1EE7, 0x1EE8,
    0x1EE9, 0x1EEA, 0x1EEB, 0x1EEC, 0x1EED, 0x1EEE, 0x1EEF, 0x1EF0, 0x1EF1, 0x1EF2, 0x1EF3, 0x1EF4,
    0x1EF5, 0x1EF6, 0x1EF7, 0x1EF8, 0x1EF9, 0x2018, 0x2019, 0x201A, 0x201B, 0x201C, 0x201D, 0x201E,
    0x201F, 0x2020, 0x2021, 0x2022, 0x2023, 0x2026, 0x2034, 0x2039, 0x203A, 0x203D, 0x2043, 0x2044,
    0x204A, 0x204B, 0x204C, 0x204D, 0x204F, 0x2074, 0x2077, 0x2079, 0x207E, 0x207F, 0x2080, 0x2081,
    0x2082, 0x2083, 0x2084, 0x2086, 0x2087, 0x2088, 0x2089, 0x208A, 0x208B, 0x208C, 0x208D, 0x208E,
    0x2091, 0x2092, 0x2093, 0x2095, 0x2096, 0x2097, 0x2098, 0x2099, 0x209A, 0x209B, 0x209C, 0x20A1,
    0x20A7, 0x20A8, 0x20A9, 0x20AB, 0x20B2, 0x20B4, 0x20B5, 0x20B8, 0x20BF, 0x2192, 0x21D2, 0x2206,
    0x2212, 0x221E, 0x222B, 0x2236, 0x2248, 0x2260, 0x2264, 0x2265, 0xFB8E, 0xFBA6, 0xFBAA, 0xFE8D,
    0xFEA3, 0xFEA9, 0xFEB1, 0xFEB3, 0xFEB9, 0xFEBB, 0xFEC1, 0xFEC3, 0xFEC9, 0xFECB, 0xFECD, 0xFEDB,
    0xFEDF, 0xFEE1, 0xFEE3, 0xFEE9, 0xFEEB,
};

static const uint8_t inter_12_boldKernRightClassIds[] = {
      1,   2,   3,   4,   5,   6,   7,   3,   8,   9,  10,  11,  12,  13,  14,  15,
     16,  17,  18,  19,  20,  21,  16,  22,  23,  24,  25,  25,  26,  27,  28,  29,
     30,  31,  32,  31,  31,  31,  32,  31,  31,  33,  31,  31,  31,  31,  32,  31,
     32,  31,   5,  34,  35,  36,  37,  38,  39,  40,   8,  36,   9,  41,  42,  43,
     31,  44,  44,  44,  45,  44,  31,  46,  47,  31,  31,  48,  48,  44,  48,  44,
     48,  49,  50,  51,  52,  53,  54,  52,  55,   8,  31,   9,  56,  44,  57,  32,
     58,  59,  60,  61,  62,  63,  27,  64,  65,  66,  67,  68,  58,  69,  70,  30,
     30,  30,  30,  30,  30,  30,  32,  31,  31,  31,  31,  31,  31,  71,  71,  72,
     31,  32,  32,  32,  32,  32,  73,  32,  35,  35,  35,  35,  39,  31,  31,  43,
     43,  43,  74,  75,  43,  43,  44,  44,  44,  44,  76,  77,  78,  79,  80,  44,
     48,  44,  44,  44,  81,  76,  11,  44,  51,  51,  51,  82,  52,  31,  83,  30,
     84,  30,  43,  30,  43,  32,  44,  32,  44,  32,  44,  32,  44,  31,  44,  85,
     44,  31,  44,  31,  44,  31,  44,  31,  44,  31,  44,  32,  44,  32,  44,  32,
     44,  32,  44,  31,  31,  31,  86,  71,  87,  71,  88,  71,  80,  31,  46,  31,
     46,  46,  33,  89,  31,  31,  48,  31,  31,  31,  31,  31,  31,  31,  31,  31,
     31,  48,  31,  48,  31,  48,  31,  48,  32,  90,  32,  44,  32,  44,  32,  44,
     31,  48,  31,  48,  31,  48,   5,  49,   5,  49,   5,  49,   5,  49,  91,  50,
     92,  50,  93,  50,  35,  94,  35,  51,  35,  51,  35,  51,  35,  51,  35,  51,
     37,  53,  39,  52,  39,  40,  55,  40,  55,  40,  55,  31,  32,  44,  35,  51,
     95,  44,  31,  31,  31,  48,  30,  43,  31,  96,  32,  44,  35,  51,  35,  51,
     35,  51,  35,  51,  35,  51,  90,  30,  43,  30,  43,  30,  43,  32,  44,  32,
     44,  31,  31,  32,  44,  32,  44,  50,  47,  31,  90,  32,  44,  95,  31,  48,
     30,  43,  30,  43,  32,  44,  30,  43,  30,  43,  31,  44,  31,  44,  71,  97,
     71,  98,  32,  44,  32,  44,  31,  48,  31,  48,  35,  51,  35,  51,   5,  49,
     34,  50,  31,  31,  31,  31,  34,  31,  32,   5,  31,  71,  33,  99,  31,  34,
     31,  31,  31,  30,  31,  31,  31, 100,  31, 101, 102,  95,  31,  31,  99,  31,
     31,  32,  31,  31,  32,  34,  36, 103,  38,  31, 104,  31,  31, 105,  31,  31,
     32,  31,  43,  16,  48,  48, 106,  44,  54,  44,  48,  48,  48, 107,  48,  48,
     44,  48,  48,  44, 108,  52,  44,  54,  48, 109,  48,  48, 110,  46,  48,  44,
     48, 111,  44,  44,  31,  48,  44,  49,  46,  80,  47, 107,  48,  31,  48,  48,
     52,  51,  31,  50,  31,  48,  30,  30,  31,  31,  31,  32,  44,  36,  52,  36,
     52,  32,  44,  44,  95,  48,  50,  31,  48,  31,  48,  50,  31,  48,  54,  31,
     48,  31,  48,  34,  50,  31,  48,  31,  48,  31,  48,  44,  32,  44,  34,  50,
     39,  52, 112,  52,  38,  54,  34,  50,  43,  43,  31,  31,  50,  31,  38,  31,
     48, 107,  95,  48,  31,  48,  31,  48,  31,  30,  43,  30,  43,  30,  43,  31,
     44,  44,  32,  44,  38,  50,  31,  48,  31,  48,  32,  44,  32,  44,  32,  44,
     44,  52,  52,  52,  48,  48,  50,  38,  54,  38,  54, 113, 114, 115, 116, 117,
    118, 117, 119, 120, 117, 119, 121, 117, 117, 122, 119, 123, 117, 119, 124, 121,
    117, 123, 117,  30,  43,  30,  43,  30,  43,  30,  43,  30,  43,  30,  43,  30,
     43,  30,  43,  30,  43,  30,  43,  30,  43,  30,  43,  31,  44,  31,  44,  31,
     44,  31,  44,  31,  44,  31,  44,  31,  44,  31,  44,  31,  46,  31,  46,  32,
     44,  32,  44,  32,  44,  32,  44,  32,  44,  32,  44,  32,  44,  32,  44,  32,
     44,  32,  44,  32,  44,  32,  44,  35,  51,  35,  51,  35,  51,  35,  51,  35,
     51,  35,  51,  35,  51,  39,  52, 125,  52, 125,  52, 125,  52, 126, 127, 128,
    129, 126, 127, 128, 130,  58,  58, 131, 131, 132, 133,  59,  69,  28, 131, 134,
     50,  31, 131,  48,  25, 135, 136, 137, 138, 139, 140, 140, 140, 140, 141, 140,
    142, 140, 140, 140, 140, 140, 140, 140, 140, 140, 140, 140, 140, 140, 140, 140,
    140, 140, 140,  32,  31,  31,  57,  44,  32, 143,  32, 144,  31,  11,  27,  30,
     11, 145,  47,  25,  27,  27,  27,  27, 146, 146, 146, 147, 146, 148, 148, 148,
    148, 148, 148, 148, 149, 147, 149, 146, 147, 146, 146, 146, 146,
};

static const uint16_t inter_12_boldKernRowOffsets[] = {
        0,    15,    29,    32,    49,    60,    62,    76,    99,   128,   136,   153,   167,   168,   178,   191,
      202,   207,   249,   256,   274,   293,   294,   318,   380,   390,   400,   405,   431,   448,   456,   494,
      535,   561,   582,   646,   694,   734,   772,   826,   842,   853,   915,   958,   977,  1009,  1059,  1066,
     1076,  1095,  1152,  1173,  1219,  1241,  1292,  1316,  1340,  1349,  1372,  1382,  1388,  1395,  1404,  1409,
     1412,  1434,  1435,  1436,  1458,  1481,  1482,  1509,  1519,  1524,  1537,  1551,  1561,  1566,  1576,  1606,
     1625,  1657,  1676,  1709,  1729,  1759,  1789,  1819,  1829,  1870,  1884,  1925,  1928,  1942,  1983,  1997,
     2061,  2125,  2189,  2213,  2217,  2222,  2227,  2236,  2245,  2255,  2287,  2288,  2310,  2315,  2325,  2355,
     2358,  2366,  2404,  2428,  2433,  2464,  2521,  2542,  2596,  2598,  2601,  2609,  2611,  2615,  2616,  2619,
     2624,  2625,  2626,  2629,  2632,  2642,  2674,  2678,  2732,  2752,  2803,  2829,  2842,  2871,  2872,  2874,
     2878,  2880,  2881,  2902,  2903,  2904,  2905,  2906,  2911,  2912,  2916,
};

static const uint8_t inter_12_boldKernSparseCols[] = {
      6,  11,  13,  19,  29,  32,  43,  48,  75,  80,  89,  98,  99, 110, 131,  21,
     29,  33,  37,  79,  86,  87,  90,  91,  92,  97, 100, 104, 140, 125, 126, 132,
      2,  33,  35,  36,  38,  51,  52,  57,  61,  82,  90,  91,  92, 104, 111, 124,
    125,  30,  43,  46,  47,  75,  80,  85,  88,  89,  94,  96,  96, 125,   6,  11,
     13,  19,  28,  29,  31,  32,  41,  71,  98,  99, 102, 131,  17,  18,  21,  29,
     32,  33,  35,  36,  37,  38,  51,  53,  65,  82,  90,  91,  92, 100, 101, 104,
    111, 124, 125,   0,   1,   2,  15,  16,  18,  20,  21,  22,  23,  27,  28,  31,
     33,  38,  65,  90,  91,  92, 101, 102, 104, 108, 111, 124, 126, 128, 129, 132,
     11,  13,  29,  32,  35,  36,  96, 131,  11,  13,  21,  29,  35,  37,  38,  41,
     49, 100, 107, 109, 111, 124, 125, 127, 131,   8,  41,  49,  51,  71,  79,  82,
     84,  86,  87,  96,  97, 107, 109,  19,   9,  11,  13,  37,  40,  58,  62, 100,
    127, 131,   9,  11,  13,  16,  21,  40,  49,  61,  62,  65, 107, 109, 131,   9,
     11,  13,  16,  40,  49,  61,  62, 107, 109, 131,  11,  13,  41, 127, 131,   3,
      5,   6,   9,  11,  13,  15,  18,  19,  20,  21,  22,  23,  24,  25,  29,  32,
     40,  41,  42,  43,  47,  48,  58,  62,  73,  74,  75,  79,  80,  83,  86,  87,
     89,  97,  98,  99, 101, 110, 127, 131, 140,  33,  35,  90,  91,  92, 104, 125,
     29,  33,  35,  36,  37,  38,  51,  53,  82,  90,  91,  92, 100, 104, 111, 124,
    125, 143,  21,  29,  33,  35,  36,  37,  38,  39,  90,  91,  92,  98,  99, 100,
    104, 111, 124, 125, 143,  29,  11,  13,  14,  29,  33,  35,  36,  37,  38,  41,
     61,  90,  91,  92,  96, 100, 104, 111, 124, 125, 127, 131, 139, 140,   2,   4,
      9,  10,  12,  14,  15,  16,  25,  26,  27,  28,  29,  31,  33,  34,  35,  36,
     38,  40,  43,  44,  45,  48,  49,  51,  52,  55,  57,  58,  59,  61,  62,  65,
     66,  68,  72,  75,  76,  77,  78,  80,  82,  89,  90,  91,  92,  95, 102, 104,
    107, 108, 109, 110, 111, 124, 125, 126, 130, 132, 133, 143,  33,  79,  86,  87,
     90,  91,  92,  97, 104, 125,  29,  37,  41,  51,  79,  82,  86,  87,  97, 100,
     79,  86,  87,  96,  97,  11,  13,  14,  29,  32,  41,  42,  43,  47,  50,  51,
     54,  64,  73,  74,  75,  80,  81,  82,  83,  89,  93,  96, 127, 131, 140,  29,
     33,  35,  37,  38,  79,  86,  87,  90,  91,  92,  96,  97, 100, 104, 111, 124,
     11,  13,  14,  29,  41,  96, 127, 131,   4,  10,  12,  25,  26,  28,  31,  43,
     45,  50,  51,  52,  55,  58,  59,  61,  64,  66,  72,  75,  76,  77,  78,  79,
     80,  81,  82,  86,  87,  89,  93,  95,  96,  97, 102, 108, 130, 144,   2,   9,
     10,  12,  16,  27,  28,  31,  33,  35,  36,  38,  40,  49,  51,  55,  57,  58,
     59,  61,  62,  65,  66,  72,  82,  90,  91,  92, 102, 104, 107, 108, 109, 111,
    124, 125, 126, 128, 129, 130, 132,   6,  10,  11,  12,  13,  29,  32,  33,  42,
     43,  55,  59,  66,  73,  74,  75,  80,  83,  89,  90,  91,  92, 104, 127, 131,
    140,  33,  35,  38,  42,  43,  73,  74,  75,  79,  80,  83,  86,  87,  89,  90,
     91,  92,  97, 104, 111, 124,   4,   6,  10,  11,  12,  13,  14,  15,  19,  21,
     24,  25,  26,  28,  29,  31,  32,  38,  41,  42,  43,  44,  47,  48,  49,  50,
     51,  52,  53,  54,  55,  58,  59,  64,  66,  68,  72,  73,  74,  75,  79,  80,
     81,  82,  83,  86,  87,  89,  93,  96,  97,  98,  99, 102, 107, 108, 109, 110,
    111, 124, 127, 130, 131, 140,   6,  10,  11,  12,  13,  14,  15,  19,  24,  25,
     26,  28,  29,  31,  32,  35,  41,  42,  43,  47,  48,  55,  58,  59,  66,  69,
     72,  73,  74,  75,  79,  80,  83,  86,  87,  89,  96,  97,  98,  99, 102, 108,
    110, 127, 130, 131, 139, 140,   4,   6,  10,  11,  12,  13,  14,  19,  24,  25,
     26,  28,  29,  31,  32,  35,  36,  42,  43,  47,  48,  55,  58,  59,  66,  69,
     73,  74,  75,  80,  83,  89,  96, 102, 108, 110, 127, 131, 139, 140,   4,  10,
     12,  15,  18,  19,  22,  25,  26,  28,  31,  33,  42,  43,  55,  58,  59,  61,
     66,  72,  73,  74,  75,  80,  83,  89,  90,  91,  92,  96, 101, 102, 103, 104,
    107, 108, 130, 142,   6,  10,  11,  12,  13,  19,  24,  25,  26,  28,  29,  31,
     32,  33,  42,  43,  45,  47,  48,  50,  55,  58,  59,  61,  64,  66,  68,  72,
     73,  74,  75,  76,  77,  78,  80,  81,  83,  89,  90,  91,  92,  93,  95,  96,
    102, 104, 108, 110, 127, 130, 131, 139, 140, 144,  10,  12,  25,  28,  31,  55,
     58,  59,  66,  79,  86,  87,  96,  97, 102, 108,  30,  43,  46,  47,  75,  80,
     85,  88,  89,  94,  96,   2,   4,   9,  10,  12,  14,  15,  16,  25,  26,  27,
     28,  29,  31,  33,  34,  35,  36,  38,  40,  43,  44,  45,  48,  49,  51,  52,
     55,  57,  58,  59,  61,  62,  65,  66,  68,  72,  75,  76,  77,  78,  80,  82,
     89,  90,  91,  92,  95, 102, 104, 107, 108, 109, 110, 111, 124, 125, 126, 130,
    132, 133, 143,   9,  15,  16,  18,  19,  20,  22,  23,  28,  30,  31,  33,  34,
     35,  40,  45,  46,  47,  51,  62,  65,  76,  77,  78,  82,  85,  88,  90,  91,
     92,  94,  95,  98,  99, 101, 102, 103, 104, 105, 106, 108, 125, 143,   2,  16,
     33,  35,  36,  38,  51,  61,  82,  90,  91,  92,  96, 104, 111, 124, 125, 126,
    132,   2,   8,  16,  29,  33,  35,  36,  37,  38,  42,  51,  52,  53,  54,  57,
     61,  73,  74,  82,  83,  90,  91,  92,  96, 100, 104, 108, 111, 124, 125, 126,
    132,  10,  11,  12,  13,  14,  19,  29,  32,  38,  41,  42,  43,  44,  45,  46,
     48,  49,  52,  55,  58,  59,  66,  72,  73,  74,  75,  76,  77,  78,  79,  80,
     83,  86,  87,  88,  89,  95,  96,  97,  98,  99, 107, 109, 110, 111, 124, 127,
    130, 131, 140,  33,  46,  88,  90,  91,  92, 104,   8,  49,  56,  79,  86,  87,
     96,  97, 107, 109,  10,  12,  19,  25,  33,  43,  51,  55,  58,  59,  66,  75,
     80,  82,  89,  90,  91,  92, 104,  10,  11,  12,  13,  14,  25,  29,  30,  32,
     33,  39,  42,  43,  44,  45,  46,  47,  49,  51,  52,  53,  55,  59,  66,  73,
     74,  75,  76,  77,  78,  79,  80,  82,  83,  85,  86,  87,  88,  89,  90,  91,
     92,  94,  95,  96,  97, 104, 105, 106, 107, 109, 125, 126, 127, 131, 132, 140,
      2,  33,  35,  36,  38,  49,  51,  61,  82,  90,  91,  92,  96, 104, 107, 108,
    109, 111, 124, 125, 127,  10,  12,  19,  25,  30,  33,  35,  36,  38,  42,  43,
     44,  46,  48,  49,  51,  52,  55,  59,  66,  72,  73,  74,  75,  80,  82,  83,
     85,  88,  89,  90,  91,  92,  94,  96, 104, 107, 109, 110, 111, 124, 125, 126,
    130, 132, 140,  10,  12,  14,  25,  33,  38,  41,  55,  59,  66,  71,  84,  90,
     91,  92, 104, 111, 124, 125, 126, 132, 140,  10,  11,  12,  13,  14,  25,  26,
     29,  30,  32,  33,  38,  41,  42,  43,  44,  48,  49,  55,  58,  59,  66,  73,
     74,  75,  79,  80,  83,  85,  86,  87,  89,  90,  91,  92,  94,  96,  97, 104,
    105, 106, 107, 109, 110, 111, 124, 126, 127, 131, 132, 140,   6,  11,  13,  29,
     32,  33,  39,  42,  43,  58,  73,  74,  75,  80,  83,  89,  90,  91,  92, 104,
    126, 127, 131, 132,  10,  12,  26,  33,  42,  43,  44,  49,  55,  58,  59,  66,
     73,  74,  75,  80,  83,  89,  90,  91,  92, 104, 107, 109,  33,  43,  75,  80,
     89,  90,  91,  92, 104,  17,  18,  21,  29,  32,  33,  35,  36,  37,  38,  51,
     53,  65,  82,  90,  91,  92, 100, 101, 104, 111, 124, 125,  33,  35,  38,  90,
     91,  92, 104, 111, 124, 125,  45,  76,  77,  78,  95,  96,   6,  29,  32,  43,
     75,  80,  89,  29,  33,  38,  90,  91,  92, 104, 111, 124,  33,  90,  91,  92,
    104, 112, 113, 115,   6,  19,  28,  29,  31,  32,  37,  38,  42,  43,  48,  73,
     74,  75,  80,  83,  89, 100, 102, 110, 111, 124, 134, 135,  10,  12,  14,  25,
     33,  38,  41,  55,  59,  66,  71,  84,  90,  91,  92, 104, 111, 124, 125, 126,
    132, 140,  17,  18,  21,  29,  32,  33,  35,  36,  37,  38,  51,  53,  65,  82,
     90,  91,  92, 100, 101, 104, 111, 124, 125, 137,  16,  17,  18,  21,  22,  29,
     33,  35,  36,  37,  38,  39,  51,  52,  53,  82,  90,  91,  92,  98,  99, 100,
    101, 104, 111, 124, 125,  33,  35,  36,  90,  91,  92, 104, 125, 126, 132,  79,
     86,  87,  96,  97,  29,  33,  35,  37,  38,  90,  91,  92, 100, 104, 111, 124,
    143,  11,  13,  29,  32,  33,  35,  39,  90,  91,  92, 104, 125, 127, 131,  33,
     79,  86,  87,  90,  91,  92,  97, 104, 125,  33,  90,  91,  92, 104,   8,  49,
     56,  79,  86,  87,  96,  97, 107, 109,  16,  21,  30,  33,  35,  39,  44,  45,
     46,  47,  49,  70,  76,  77,  78,  79,  85,  86,  87,  88,  90,  91,  92,  94,
     95,  96,  97, 104, 107, 109,   2,  16,  33,  35,  36,  38,  51,  61,  82,  90,
     91,  92,  96, 104, 111, 124, 125, 126, 132,   2,   8,  16,  29,  33,  35,  36,
     37,  38,  42,  51,  52,  53,  54,  57,  61,  73,  74,  82,  83,  90,  91,  92,
     96, 100, 104, 108, 111, 124, 125, 126, 132,   2,  16,  33,  35,  36,  38,  51,
     61,  82,  90,  91,  92,  96, 104, 111, 124, 125, 126, 132,   2,   7,   8,   9,
     16,  21,  30,  33,  40,  45,  46,  47,  57,  61,  62,  76,  77,  78,  79,  85,
     86,  87,  88,  90,  91,  92,  94,  95,  96,  97, 104, 125, 140,  30,  33,  45,
     46,  76,  77,  78,  79,  85,  86,  87,  88,  90,  91,  92,  94,  95,  96,  97,
    104,  16,  21,  30,  33,  35,  39,  44,  45,  46,  47,  49,  70,  76,  77,  78,
     79,  85,  86,  87,  88,  90,  91,  92,  94,  95,  96,  97, 104, 107, 109,  16,
     21,  30,  33,  35,  39,  44,  45,  46,  47,  49,  70,  76,  77,  78,  79,  85,
     86,  87,  88,  90,  91,  92,  94,  95,  96,  97, 104, 107, 109,  16,  21,  30,
     33,  35,  39,  44,  45,  46,  47,  49,  70,  76,  77,  78,  79,  85,  86,  87,
     88,  90,  91,  92,  94,  95,  96,  97, 104, 107, 109,   8,  49,  56,  79,  86,
     87,  96,  97, 107, 109,   2,   9,  10,  12,  16,  27,  28,  31,  33,  35,  36,
     38,  40,  49,  51,  55,  57,  58,  59,  61,  62,  65,  66,  72,  82,  90,  91,
     92, 102, 104, 107, 108, 109, 111, 124, 125, 126, 128, 129, 130, 132,   8,  41,
     49,  51,  71,  79,  82,  84,  86,  87,  96,  97, 107, 109,   2,   9,  10,  12,
     16,  27,  28,  31,  33,  35,  36,  38,  40,  49,  51,  55,  57,  58,  59,  61,
     62,  65,  66,  72,  82,  90,  91,  92, 102, 104, 107, 108, 109, 111, 124, 125,
    126, 128, 129, 130, 132,  38, 111, 124,   8,  41,  49,  51,  71,  79,  82,  84,
     86,  87,  96,  97, 107, 109,   2,   9,  10,  12,  16,  27,  28,  31,  33,  35,
     36,  38,  40,  49,  51,  55,  57,  58,  59,  61,  62,  65,  66,  72,  82,  90,
     91,  92, 102, 104, 107, 108, 109, 111, 124, 125, 126, 128, 129, 130, 132,   8,
     41,  49,  51,  71,  79,  82,  84,  86,  87,  96,  97, 107, 109,   4,   6,  10,
     11,  12,  13,  14,  15,  19,  21,  24,  25,  26,  28,  29,  31,  32,  38,  41,
     42,  43,  44,  47,  48,  49,  50,  51,  52,  53,  54,  55,  58,  59,  64,  66,
     68,  72,  73,  74,  75,  79,  80,  81,  82,  83,  86,  87,  89,  93,  96,  97,
     98,  99, 102, 107, 108, 109, 110, 111, 124, 127, 130, 131, 140,   4,   6,  10,
     11,  12,  13,  14,  15,  19,  21,  24,  25,  26,  28,  29,  31,  32,  38,  41,
     42,  43,  44,  47,  48,  49,  50,  51,  52,  53,  54,  55,  58,  59,  64,  66,
     68,  72,  73,  74,  75,  79,  80,  81,  82,  83,  86,  87,  89,  93,  96,  97,
     98,  99, 102, 107, 108, 109, 110, 111, 124, 127, 130, 131, 140,   4,   6,  10,
     11,  12,  13,  14,  15,  19,  21,  24,  25,  26,  28,  29,  31,  32,  38,  41,
     42,  43,  44,  47,  48,  49,  50,  51,  52,  53,  54,  55,  58,  59,  64,  66,
     68,  72,  73,  74,  75,  79,  80,  81,  82,  83,  86,  87,  89,  93,  96,  97,
     98,  99, 102, 107, 108, 109, 110, 111, 124, 127, 130, 131, 140,  42,  43,  44,
     47,  48,  49,  50,  51,  52,  53,  54,  64,  73,  74,  75,  80,  81,  82,  83,
     89,  93, 107, 109, 110,  11,  13,  29, 131,   7,   8,  11,  13, 131,  33,  90,
     91,  92, 104,  43,  49,  51,  75,  80,  82,  89, 107, 109,  33,  43,  75,  80,
     89,  90,  91,  92, 104,   8,  49,  56,  79,  86,  87,  96,  97, 107, 109,   2,
      8,  16,  29,  33,  35,  36,  37,  38,  42,  51,  52,  53,  54,  57,  61,  73,
     74,  82,  83,  90,  91,  92,  96, 100, 104, 108, 111, 124, 125, 126, 132,  96,
     10,  12,  14,  25,  33,  38,  41,  55,  59,  66,  71,  84,  90,  91,  92, 104,
    111, 124, 125, 126, 132, 140,  79,  86,  87,  96,  97,   8,  49,  56,  79,  86,
     87,  96,  97, 107, 109,  16,  21,  30,  33,  35,  39,  44,  45,  46,  47,  49,
     70,  76,  77,  78,  79,  85,  86,  87,  88,  90,  91,  92,  94,  95,  96,  97,
    104, 107, 109,  11,  13, 131,  33,  41,  90,  91,  92,  98,  99, 104,   4,  10,
     12,  15,  18,  19,  22,  25,  26,  28,  31,  33,  42,  43,  55,  58,  59,  61,
     66,  72,  73,  74,  75,  80,  83,  89,  90,  91,  92,  96, 101, 102, 103, 104,
    107, 108, 130, 142,  11,  13,  14,  29,  33,  35,  36,  37,  38,  41,  61,  90,
     91,  92,  96, 100, 104, 111, 124, 125, 127, 131, 139, 140,  11,  13,  41, 127,
    131,   2,   9,  10,  11,  12,  13,  15,  19,  22,  23,  40,  43,  44,  49,  51,
     52,  55,  59,  62,  65,  66,  75,  80,  82,  89, 107, 108, 109, 126, 131, 132,
     10,  11,  12,  13,  14,  25,  29,  30,  32,  33,  39,  42,  43,  44,  45,  46,
     47,  49,  51,  52,  53,  55,  59,  66,  73,  74,  75,  76,  77,  78,  79,  80,
     82,  83,  85,  86,  87,  88,  89,  90,  91,  92,  94,  95,  96,  97, 104, 105,
    106, 107, 109, 125, 126, 127, 131, 132, 140,   8,  33,  35,  37,  38,  49,  51,
     52,  53,  57,  82,  90,  91,  92, 100, 104, 107, 109, 111, 124, 125,   6,  10,
     11,  12,  13,  19,  24,  25,  26,  28,  29,  31,  32,  33,  42,  43,  45,  47,
     48,  50,  55,  58,  59,  61,  64,  66,  68,  72,  73,  74,  75,  76,  77,  78,
     80,  81,  83,  89,  90,  91,  92,  93,  95,  96, 102, 104, 108, 110, 127, 130,
    131, 139, 140, 144,  60, 117,  60, 120, 122,  60, 112, 113, 114, 115, 116, 118,
    120, 115, 118, 117, 118, 120, 123, 118, 113, 114, 120,  60, 114, 116, 118, 120,
    119, 118, 114, 117, 118,  60, 118, 121,   8,  49,  56,  79,  86,  87,  96,  97,
    107, 109,   2,   8,  16,  29,  33,  35,  36,  37,  38,  42,  51,  52,  53,  54,
     57,  61,  73,  74,  82,  83,  90,  91,  92,  96, 100, 104, 108, 111, 124, 125,
    126, 132,  11,  13,  96, 131,   6,  10,  11,  12,  13,  19,  24,  25,  26,  28,
     29,  31,  32,  33,  42,  43,  45,  47,  48,  50,  55,  58,  59,  61,  64,  66,
     68,  72,  73,  74,  75,  76,  77,  78,  80,  81,  83,  89,  90,  91,  92,  93,
     95,  96, 102, 104, 108, 110, 127, 130, 131, 139, 140, 144,   6,  11,  13,  14,
     19,  29,  32,  43,  48,  69,  75,  80,  89,  98,  99, 105, 106, 110, 127, 131,
      3,   6,  10,  11,  12,  13,  14,  15,  19,  21,  22,  24,  25,  26,  28,  29,
     31,  32,  41,  42,  43,  47,  48,  49,  50,  51,  55,  58,  59,  64,  65,  66,
     69,  73,  74,  75,  80,  81,  82,  83,  89,  93,  98,  99, 102, 105, 106, 107,
    109, 110, 131,  16,  33,  35,  36,  38,  42,  51,  73,  74,  82,  83,  90,  91,
     92,  98,  99, 103, 104, 105, 106, 107, 111, 124, 125, 126, 132,  29,  33,  35,
     37,  38,  90,  91,  92, 100, 104, 111, 124, 143,   0,   1,   2,  15,  16,  18,
     20,  21,  22,  23,  27,  28,  31,  33,  38,  65,  90,  91,  92, 101, 102, 104,
    108, 111, 124, 126, 128, 129, 132, 137,  67, 135, 134, 135, 136, 138,  63, 135,
    138,  16,  28,  31,  33,  35,  36,  38,  46,  51,  82,  88,  90,  91,  92, 102,
    103, 104, 111, 124, 140, 141, 139, 140,  96,  15,  11,  13,  14,  41, 131,  60,
    145, 146, 147, 148,
};

static const int8_t inter_12_boldKernSparseValues[] = {
     -13,  -36,  -36,  -25,  -32,  -66,   -9,   -5,   -9,   -9,   -9,  -18,  -18,   -5,  -36,   -1,
      -6,   -4,   -6,   18,   18,   18,   -4,   -4,   -4,   18,   -6,   -4,  -25,  -25,  -27,  -27,
     -13,  -23,  -25,  -16,  -29,  -13,  -13,  -16,   -9,  -13,  -23,  -23,  -23,  -23,  -29,  -29,
     -36,    6,   -2,    5,    6,   -2,   -2,    6,    5,   -2,    6,   44,    9,  -13,  -13,  -54,
     -54,  -18,   -5,  -38,   -5,  -38,  -27,    7,  -13,  -13,   -5,  -54,   -9,   -2,  -11,  -13,
     -18,  -31,  -18,  -11,  -17,  -26,   -2,   -9,   -3,   -2,  -54,  -54,  -31,  -44,  -12,  -60,
     -26,  -26,  -12,  -12,   -5,  -40,  -12,  -38,   -8,   -3,  -11,  -10,   -5,  -40,  -18,  -18,
     -13,  -26,  -24,  -13,  -13,  -13,   -8,  -18,  -13,  -17,  -26,  -39,  -38,  -54,  -54,  -38,
     -16,  -16,  -13,  -25,    3,    3,   21,  -16,  -12,  -12,   -8,   -3,  -12,  -15,  -13,  -18,
       7,  -15,    7,    7,  -13,  -13,  -18,  -20,  -12,    6,    6,    5,    4,   14,   27,    4,
      14,   27,   27,   16,   27,    5,    5,   -6,   -4,   -8,   -8,   -9,   -4,  -13,   -4,   -9,
     -20,   -8,  -16,  -13,  -13,  -16,   -4,  -16,   -3,   -2,  -16,  -18,   -3,   -3,  -13,   -3,
      -9,   -9,   -2,   -3,   -1,   -2,   -3,   -1,   -1,   -9,  -12,  -12,  -18,  -18,  -12,  -23,
       1,  -18,    2,  -50,  -50,   -6,   -7,  -23,   -4,    8,   -6,   -4,  -13,  -36,  -43,  -38,
       2,  -63,  -18,  -20,  -20,  -18,  -25,    2,  -18,  -18,  -20,   36,  -20,  -18,   36,   36,
     -20,   36,  -44,  -44,   -7,  -18,  -57,  -50,  -17,  -13,  -25,  -13,  -13,  -13,  -34,  -18,
     -20,  -18,  -27,  -25,  -20,  -38,  -16,  -13,  -16,  -18,  -18,  -18,  -20,  -18,  -38,  -38,
     -23,  -16,  -29,  -15,  -32,  -29,  -29,  -23,  -36,  -25,  -32,  -32,  -32,  -13,  -13,  -20,
     -29,  -36,  -36,  -38,  -29,  -25,  -18,  -18,  -16,  -17,  -13,  -16,  -10,  -22,  -18,  -16,
      -2,  -13,  -13,  -13,   10,  -42,  -27,  -18,  -18,  -13,  -16,  -18,  -16,  -40,  -32,   -6,
     -38,  -13,  -13,    5,   -3,  -24,  -15,  -20,  -25,  -17,    6,  -17,  -36,  -10,  -34,  -30,
     -34,  -38,   -9,   -5,    1,   -4,  -12,  -27,  -27,  -13,  -29,  -13,  -13,  -28,  -38,  -21,
     -13,  -13,  -13,   -9,    1,    1,    1,   -9,  -27,   -9,  -36,  -36,  -59,    1,  -17,  -36,
     -12,  -27,  -12,   -4,  -34,  -34,  -52,  -41,  -13,  -41,   -5,  -20,  -20,   13,   13,   13,
     -20,  -20,  -20,   13,  -20,  -23,  -11,   -6,  -16,    2,   13,    2,   13,   13,   13,   -6,
      29,   29,   29,   18,   29,  -16,  -29,   -3,  -36,  -27,  -13,   -7,  -10,   -7,  -13,  -13,
     -13,  -13,   -7,   -7,  -10,  -10,  -13,  -13,   -7,  -10,  -13,   37,  -48,  -50,  -10,  -12,
     -12,   -9,   -6,  -11,   13,   13,   13,  -12,  -12,  -12,   14,   13,   -6,  -12,  -11,  -11,
     -13,  -13,  -23,  -10,  -20,   16,  -32,  -13,   -6,  -31,  -31,  -27,  -13,  -17,  -17,  -16,
       2,  -13,  -16,  -25,  -31,  -20,  -51,   -6,  -13,  -49,  -13,  -16,    2,    2,    2,   34,
     -16,  -13,  -16,   34,   34,  -16,  -13,    2,   34,   34,  -17,  -44,  -13,  -13,  -36,  -68,
     -27,  -47,  -18,   -3,  -11,  -11,  -37,  -31,  -15,  -39,  -52,   -9,  -27,  -42,  -38,  -25,
     -79,  -32,  -70,  -32,  -52,  -13,  -27,  -37,  -37,  -37,  -11,  -37,   -9,  -50,   -9,  -39,
     -57,  -34,  -35,  -18,  -18,  -13,  -62,  -13,   -8,  -16,   -8,  -29,  -33,  -38,   -1,   -6,
      -5,   -8,   -8,   -8,   -6,   -6,   -5,   -5,   -6,   -5,   -1,   -1,   -1,   -1,  -57,  -54,
     -15,   -2,   -8,  -12,   -3,   -6,   -3,   -3,   -6,   18,   -6,   -3,   18,   18,   -6,   -2,
      -2,   -2,   18,   -2,  -12,  -12,   -2,  -13,  -23,  -13,  -23,  -13,  -52,  -13,  -27,  -32,
     -13,  -32,  -13,  -13,  -36,  -13,  -36,    3,  -23,  -32,  -35,   -1,  -24,  -31,  -37,  -32,
     -27,  -27,  -14,  -21,  -23,  -52,  -23,  -73,  -55,  -20,  -13,  -48,  -48,  -55,   36,  -55,
     -57,  -40,  -32,   36,   36,  -35,  -48,   57,   36,  -54,  -54,  -13,  -37,  -23,  -37,  -31,
       3,    3,  -48,  -13,  -47,  -23,  -20,  -23,  -38,  -23,  -38,  -22,  -12,  -13,  -25,  -29,
     -25,  -30,  -34,  -16,  -38,    6,  -32,  -25,  -26,   -6,  -18,  -23,  -23,  -48,  -39,  -12,
     -16,  -25,  -41,  -26,   34,  -44,  -25,   34,   34,  -26,   16,   34,  -48,  -48,  -16,   -7,
     -18,  -45,  -16,  -38,  -57,  -61,   -2,  -20,  -17,  -38,  -17,  -38,  -12,  -13,  -20,  -29,
     -25,  -10,  -30,  -10,  -25,    2,    8,  -23,  -21,  -13,  -13,  -17,  -23,  -17,  -30,  -12,
     -23,  -23,  -21,  -21,  -23,  -21,   34,  -10,  -13,  -13,  -43,  -38,  -40,  -45,   -6,  -17,
     -17,  -15,   -9,  -16,   -9,  -23,  -20,  -22,  -22,  -12,  -23,  -11,  -30,  -16,  -37,   -3,
     -35,  -18,  -23,  -23,  -11,  -11,  -23,  -11,  -12,  -12,  -12,   34,   -9,  -42,  -13,  -12,
     -25,  -35,  -18,  -13,  -25,  -26,  -26,  -26,  -26,  -27,  -25,  -41,  -38,  -18,  -34,  -18,
     -13,    3,  -42,  -45,   -8,  -19,  -27,  -16,  -26,  -36,  -46,   -3,  -16,  -46,  -25,  -34,
     -69,  -62,  -45,   -8,  -23,   -8,  -45,  -16,  -79,  -67,    3,    3,    3,  -16,   -8,   34,
     -18,    3,  -23,  -27,  -43,  -16,  -64,  -70,  -75,  -13,  -15,  -15,  -25,  -13,  -13,  -15,
     -13,  -15,  -28,   34,   34,   34,   13,   34,  -13,  -11,    6,   -2,    5,    6,   -2,   -2,
       6,    5,   -2,    6,   35,  -32,   -6,  -38,  -13,  -13,    5,   -3,  -24,  -15,  -20,  -25,
     -17,    6,  -17,  -52,  -10,  -56,  -53,  -34,  -38,   -9,   -5,    1,   -4,  -12,  -47,  -27,
     -13,  -29,  -13,  -13,  -28,  -38,  -21,  -13,  -13,  -13,   -9,    1,    1,    1,   -9,  -47,
      -9,  -52,  -52,  -52,    1,  -17,  -52,  -12,  -27,  -12,   -4,  -34,  -34,  -69,  -63,  -13,
     -63,   -5,  -20,  -27,  -18,  -43,  -18,  -23,  -18,  -18,  -18,  -16,   11,  -16,  -23,  -16,
     -32,  -27,    5,   38,   12,  -32,  -27,  -18,    5,    5,    5,  -32,   11,   38,  -23,  -23,
     -23,   11,    5,   23,   23,  -18,  -16,  -43,  -20,   16,   16,   -4,  -16,  -20,  -10,  -16,
     -31,  -20,  -20,  -39,   -7,   -3,   -7,  -31,  -31,  -31,    2,  -31,  -39,  -39,  -18,  -11,
     -11,  -10,   -5,  -13,  -13,  -35,  -26,  -21,  -11,  -46,    4,   -7,   -5,   -9,   -8,  -13,
      -4,    4,    4,   -7,    4,  -35,  -35,  -35,   16,  -11,  -35,   -5,  -89,  -46,  -25,   -9,
      -9,   -8,  -23,   -8,  -23,   -5,  -25,  -13,  -25,    2,   -6,   -8,   -8,  -18,    3,    2,
      -7,  -16,    8,   -8,  -16,   -8,   -8,   -7,   -8,   -8,   -8,    3,    3,    3,   41,   -8,
      -8,   41,   56,    2,   -8,    3,   18,   54,  -32,  -32,  -16,  -16,   -7,    2,    2,  -36,
      -7,  -23,   -7,  -20,    4,    4,  -20,  -20,  -20,  -20,    1,    1,    1,   26,   40,   26,
      35,   40,    1,    1,  -23,  -23,  -18,  -34,  -23,   -9,    3,  -23,  -20,  -50,  -23,   -9,
      -9,    3,   -9,  -23,  -23,  -23,  -23,  -13,  -25,  -13,  -25,  -12,  -14,  -16,    5,  -23,
     -23,  -13,   -5,   -8,    8,    2,    5,    3,    8,    6,    4,    6,  -13,  -25,  -13,   -5,
      -5,   -8,    2,    2,    2,    5,   -8,    6,   -5,    5,    5,    5,    5,   -8,  -23,  -23,
     -23,    5,    2,   14,    5,  -23,   -9,   -9,    8,    8,  -16,    6,  -32,  -25,    6,   -9,
      -5,  -29,  -18,  -13,  -29,    1,   -1,   -3,   -1,  -29,  -29,  -29,    2,  -29,    1,   -1,
       1,  -29,  -29,  -20,   -2,   -7,   -7,   -3,  -11,    1,  -13,   -2,   -2,   -3,    2,   -4,
     -13,    3,   -3,   -7,    9,    8,   -7,   -7,   -7,   -2,    2,    2,   -4,   -4,    9,    2,
       1,    3,   -4,  -13,  -13,  -13,    1,   18,  -13,   -7,   -7,   -3,   -3,   -3,  -16,    6,
      -2,    6,    6,  -15,  -15,  -13,  -16,  -20,  -23,  -13,  -15,  -28,  -15,    2,    9,  -20,
     -50,  -20,  -20,  -23,  -23,  -16,    6,    6,  -12,  -14,  -18,  -14,  -18,  -23,  -13,  -16,
     -27,    1,  -25,  -13,  -13,  -32,   -5,   -7,    6,   -1,    7,  -14,  -16,  -14,  -14,   -5,
      -5,   -7,    8,   -7,   -5,    1,    8,    8,   -7,  -13,  -38,  -13,    1,    1,    8,  -13,
     -18,  -18,    7,    7,   -1,  -13,  -13,    3,  -32,  -48,    3,   -9,  -13,  -29,  -29,  -27,
     -23,  -20,  -13,   -2,   -5,  -13,   -2,   -2,   -5,   -5,   -2,   -5,  -20,  -20,  -20,  -20,
       4,  -32,  -29,    4,   -9,   -9,  -13,  -13,   -2,   -9,    6,    6,   -9,  -13,   -9,   -9,
      -2,   -2,   -9,   -9,   -2,   -9,  -13,  -13,  -13,  -13,    6,    6,  -13,   -8,   -8,   -8,
      -8,  -13,  -13,  -13,  -13,   -9,   -2,  -11,  -13,  -18,  -31,  -18,  -11,  -33,  -26,   -2,
      -9,   -3,   -2,  -54,  -54,  -31,  -33,  -12,  -60,  -26,  -26,  -12,  -27,  -13,  -27,  -27,
     -27,  -27,  -27,  -27,  -27,  -13,   12,   12,   12,   12,   12,   18,  -16,  -29,  -29,  -13,
     -13,  -13,  -13,  -13,  -20,  -25,  -20,  -20,  -20,  -47,  -25,  -25,  -20,  -20,  -20,  -20,
     -20,   -6,   -8,   -8,  -13,  -20,   -2,  -28,   -2,  -28,   -3,   -3,   -4,  -11,   -4,   -4,
      -4,  -11,  -11,   -4,  -11,   -3,   -2,   -4,   -3,   -3,   -4,   -1,  -15,  -15,  -13,  -16,
     -20,  -23,  -13,  -15,  -28,  -15,    2,    9,  -20,  -50,  -20,  -20,  -23,  -23,  -36,    6,
       6,  -12,   -9,   -2,  -11,  -13,  -18,  -62,  -34,  -11,  -35,  -46,   -2,   -9,   -3,   -2,
     -62,  -62,  -62,  -35,  -12,  -62,  -46,  -46,  -12,    5,  -16,  -20,  -18,  -20,  -13,  -13,
     -52,  -25,  -23,  -16,  -36,  -13,  -13,  -13,  -13,  -13,  -52,  -52,  -52,  -13,  -13,  -36,
     -18,  -79,  -36,  -36,  -34,  -27,  -48,  -40,  -27,  -27,  -27,  -27,  -25,  -13,  -13,   16,
      16,   16,   16,   16,  -13,  -36,  -16,  -18,  -18,  -36,  -36,  -36,  -18,  -36,  -18,  -18,
     -13,  -41,  -41,  -16,  -16,  -23,  -20,  -16,  -23,  -23,  -23,  -23,  -23,  -50,  -41,  -20,
      13,   13,   13,  -20,  -20,  -20,   13,  -20,  -50,  -32,  -32,  -32,  -32,  -32,    1,    1,
       1,   41,   42,   41,   30,   41,    1,    1,   18,   36,   27,   36,   34,   36,   16,   26,
      26,    5,   20,   16,   39,   26,   39,   66,   27,   66,   66,   39,   36,   36,   36,   56,
      39,   20,   66,   36,   20,   20,  -10,  -16,  -51,  -20,  -20,  -39,   -7,   -3,   -7,  -51,
     -51,  -51,    2,  -51,  -39,  -39,  -18,  -11,  -11,  -10,   -5,  -13,  -13,  -55,  -26,  -21,
     -11,  -46,    4,   -7,   -5,   -9,   -8,  -13,   -4,    4,    4,   -7,    4,  -55,  -55,  -55,
      16,  -11,  -55,   -5,  -89,  -46,  -25,   -9,   -9,  -10,  -16,  -60,  -20,  -20,  -39,   -7,
      -3,   -7,  -60,  -60,  -60,    2,  -60,  -39,  -39,  -18,  -11,  -11,   13,    3,   49,   23,
      18,   18,   12,   16,   23,   16,   11,   11,   16,    7,   23,   16,   16,   32,   16,   12,
      16,   16,   11,   16,   16,   16,   12,   32,   18,   16,   16,   13,   -7,   14,   13,   13,
      16,   13,   13,   16,   16,   16,   16,   16,   16,   13,   13,   13,   14,   13,   16,   16,
      13,   18,   36,   27,   36,   34,   36,   16,   43,   39,    5,   20,   16,   43,   43,   43,
      66,   27,   66,   66,   39,   36,   36,   36,   56,   43,   43,   66,   36,   20,   20,   18,
      36,   27,   36,   34,   36,   16,   43,   43,    5,   20,   16,   43,   43,   43,   66,   27,
      66,   66,   43,   36,   36,   36,   56,   43,   20,   66,   36,   20,   20,   18,   36,   27,
      36,   34,   36,   16,   43,   26,    5,   20,   16,   43,   43,   43,   66,   27,   66,   66,
      39,   36,   36,   36,   56,   43,   20,   66,   36,   20,   20,    1,    1,    1,   41,   42,
      41,   30,   42,    1,    1,  -36,  -70,  -46,  -46,  -18,   -3,  -11,  -11,  -37,  -31,  -15,
     -39,  -70,   -9,  -27,  -45,  -38,  -25,  -46,  -32,  -70,  -32,  -46,  -13,  -27,  -37,  -37,
     -37,  -11,  -37,   -9,  -50,   -9,  -39,  -57,  -34,  -35,  -18,  -18,  -13,  -62,    6,    6,
       5,    4,   14,   27,    4,   14,   27,   27,   32,   27,    5,    5,  -36,  -68,  -41,  -41,
     -18,   -3,  -11,  -11,  -37,  -31,  -15,  -39,  -52,   -9,  -27,  -40,  -38,  -25,  -41,  -32,
     -70,  -32,  -41,  -13,  -27,  -37,  -37,  -37,  -11,  -37,   -9,  -50,   -9,  -39,  -57,  -34,
     -35,  -18,  -18,  -13,  -62,  -13,  -13,  -13,    6,    6,    5,    4,   27,   27,    4,   13,
      27,   27,   16,   27,    5,    5,  -36,  -66,  -27,  -47,  -18,   -3,  -11,  -11,  -37,  -31,
     -15,  -57,  -66,   -9,  -27,  -42,  -38,  -25,  -79,  -32,  -66,  -32,  -52,  -13,  -27,  -37,
     -37,  -37,  -11,  -37,   -9,  -50,   -9,  -57,  -57,  -34,  -48,  -18,  -18,  -13,  -48,    6,
       6,   13,    4,   27,   27,    4,   13,   27,   27,   16,   27,   13,   13,   -2,  -13,  -39,
     -13,  -39,  -13,  -52,  -13,  -27,  -32,  -13,  -32,  -13,  -13,  -36,  -13,  -36,    3,  -23,
     -32,  -35,   -1,  -24,  -31,  -37,  -56,  -27,  -27,  -34,  -37,  -39,  -52,  -39,  -56,  -39,
     -20,  -13,  -48,  -48,  -55,   36,  -55,  -56,  -40,  -32,   36,   36,  -35,  -56,   57,   36,
     -54,  -54,  -13,  -37,  -23,  -37,  -31,    3,    3,  -48,  -13,  -47,  -23,   -2,  -13,  -39,
     -13,  -39,  -13,  -52,  -13,  -27,  -32,  -13,  -32,  -13,  -13,  -36,  -13,  -36,    3,  -23,
     -32,  -35,   -1,  -24,  -31,  -37,  -32,  -27,  -27,  -14,  -21,  -39,  -52,  -39,  -73,  -39,
     -20,  -13,  -48,  -48,  -55,   36,  -55,  -57,  -40,  -32,   36,   36,  -35,  -48,   57,   36,
     -54,  -54,  -13,  -37,  -23,  -37,  -31,    3,    3,  -48,  -13,  -47,  -23,   -2,  -13,  -23,
     -13,  -23,  -13,  -52,  -13,  -27,  -32,  -13,  -32,  -13,  -13,  -61,  -13,  -84,    3,  -23,
     -32,  -35,   -1,  -24,  -31,  -37,  -32,  -27,  -27,  -14,  -21,  -23,  -52,  -23,  -73,  -55,
     -20,  -13,  -48,  -48,  -55,   36,  -55,  -57,  -40,  -32,   36,   36,  -35,  -48,   57,   36,
     -54,  -54,  -13,  -37,  -23,  -37,  -31,    3,    3,  -48,  -13,  -47,  -37,  -24,  -25,  -16,
     -24,  -24,  -16,  -24,  -23,  -22,  -23,  -24,  -24,  -24,  -24,  -25,  -25,  -24,  -23,  -24,
     -25,  -24,  -16,  -16,  -24,  -18,  -18,  -14,  -18,    3,    9,  -18,  -18,  -18,   20,   20,
      20,   20,   20,  -22,   12,    7,  -22,  -22,    7,  -22,   12,   12,  -29,   -8,   -8,   -8,
      -8,  -29,  -29,  -29,  -29,    1,    1,    1,   41,   41,   41,   42,   41,    1,    1,  -10,
      -5,  -13,  -13,  -66,  -26,  -21,  -11,  -46,    4,   -7,   -5,   -9,   -8,  -13,   -4,    4,
       4,   -7,    4,  -66,  -66,  -66,   16,  -11,  -66,   -5,  -89,  -46,  -25,   -9,   -9,   13,
     -15,  -15,  -13,  -16,  -38,  -23,  -13,  -15,  -28,  -15,    2,    9,  -38,  -38,  -38,  -38,
     -23,  -23,  -16,    6,    6,  -12,   16,   16,   16,   29,   16,    1,    1,    1,   41,   41,
      41,   35,   41,    1,    1,   18,   36,   27,   36,   34,   36,   16,   39,   43,    5,   20,
      16,   39,   39,   39,   66,   27,   66,   66,   43,   36,   36,   36,   56,   39,   38,   81,
      36,   20,   20,  -18,  -18,  -18,  -23,   25,  -23,  -23,  -23,    8,    8,  -23,   -6,  -46,
     -46,  -15,   -9,  -16,   -9,  -20,  -20,  -22,  -22,  -12,  -23,  -11,  -46,  -36,  -46,   -3,
     -46,  -18,  -23,  -23,  -11,  -11,  -23,  -11,  -12,  -12,  -12,   34,   -9,  -42,  -13,  -12,
     -25,  -35,  -18,  -13,  -18,  -18,  -16,  -17,  -13,  -16,  -10,  -22,  -18,  -16,   -2,  -13,
     -13,  -13,   10,  -42,  -27,  -18,  -18,  -13,  -36,  -18,  -16,  -40,  -18,  -18,  -16,  -13,
     -18,  -13,  -13,  -13,    8,  -13,    8,   -7,   -5,   -4,   -1,  -13,   -8,  -12,  -12,  -11,
     -12,  -13,  -13,  -13,  -12,  -13,   -8,   -8,  -11,   -8,  -12,  -17,  -12,  -13,    8,  -13,
     -13,  -50,  -13,  -50,  -12,  -14,  -16,    5,  -23,  -23,  -13,   -5,   -8,    8,    2,    5,
       3,    8,    6,    4,    6,  -13,  -25,  -13,   -5,   -5,   -8,    2,    2,    2,    5,   -8,
       6,   -5,    5,    5,    5,    5,   -8,  -23,  -23,  -23,    5,    2,   14,    5,  -23,   -9,
      -9,    8,    8,  -16,    6,  -61,  -50,    6,   -9,  -11,  -43,  -43,  -11,  -68,  -13,  -14,
     -11,   -7,  -20,  -14,  -43,  -43,  -43,  -11,  -43,  -13,  -47,  -68,  -68,  -28,  -25,  -26,
     -26,  -26,  -26,  -27,  -25,  -41,  -38,  -18,  -34,  -18,  -13,    3,  -42,  -87,   -8,  -19,
     -27,  -16,  -26,  -36,  -46,   -3,  -16,  -46,  -25,  -34,  -69,  -62,  -87,   -8,  -23,   -8,
     -87,  -16,  -79,  -87,    3,    3,    3,  -16,   -8,   34,  -18,    3,  -23,  -27,  -43,  -16,
     -64,  -70,  -75,  -13,   -8,   -8,   -8,    4,   -4,  -18,   -2,   -8,  -16,    4,   -8,   -8,
       6,   -4,   -4,   -8,   -4,   -4,   -4,    4,  -12,   -8,    4,  -18,   -8,   -8,  -12,    8,
       8,   -4,   -4,   -4,   -4,   -8,   -4,   -2,    1,    1,    1,   26,   40,   26,   30,   40,
       1,    1,  -10,   -5,  -13,  -13,  -35,  -26,  -21,  -11,  -46,    4,   -7,   -5,   -9,   -8,
     -13,   -4,    4,    4,   -7,    4,  -35,  -35,  -35,   32,  -11,  -35,   -5,  -89,  -46,  -25,
      -9,   -9,  -13,  -13,   16,  -13,  -25,  -26,  -39,  -26,  -39,  -27,  -25,  -41,  -38,  -18,
     -34,  -18,  -13,    3,  -42,  -45,   -8,  -19,  -27,  -16,  -26,  -36,  -46,   -3,  -16,  -46,
     -25,  -34,  -69,  -62,  -45,   -8,  -23,   -8,  -45,  -16,  -79,  -67,    3,    3,    3,  -16,
      -8,   34,  -18,    3,  -23,  -27,  -43,  -16,  -39,  -70,  -75,  -13,  -25,  -43,  -43,  -38,
     -25,  -38,  -59,  -16,   -8,  -25,  -16,  -16,  -16,  -25,  -45,  -57,  -34,   -8,  -38,  -43,
     -50,  -27,  -21,  -52,  -21,  -52,  -57,  -18,  -38,  -25,  -16,  -23,  -38,  -23,  -23,  -55,
     -23,  -50,  -16,  -23,  -25,  -12,  -28,    4,  -16,    4,  -39,  -34,  -21,  -34,   -4,  -21,
     -27,  -23,  -23,  -25,  -25,  -16,    4,  -23,  -25,  -16,  -20,  -36,  -23,  -48,  -25,    4,
       4,  -41,  -52,  -27,  -38,  -36,  -25,  -43,  -13,  -20,  -13,  -13,  -20,  -13,  -38,  -38,
     -38,   20,   20,  -25,  -59,   25,   25,  -20,  -43,  -43,  -50,  -38,  -38,  -13,  -13,  -16,
     -18,  -18,  -13,  -13,  -13,  -18,  -43,  -18,  -18,  -13,  -12,   -5,  -40,  -12,  -38,   -8,
      -3,  -11,  -10,   -5,  -40,  -18,  -18,  -13,  -26,  -24,  -13,  -13,  -13,   -8,  -18,  -13,
     -17,  -26,  -39,  -38,  -54,  -73,  -38,    9,   -3,   -6,  -20,    5,   -3,  -13,   -6,   -7,
       4,  -17,  -16,  -16,  -23,  -57,  -40,  -70,    3,   -9,   -9,    3,  -23,  -23,  -37,  -16,
      -7,  -29,  -70,  -70,  -11,   -6,   -6,  -17,   16,   -3,  -27,  -27,  -16,  -20,  -27,   -4,
     -16,  -10,  -12,   20,
};

static constexpr EpdFontData inter_12_bold = {
    nullptr,  // packed: inter_12_boldBitmapsPacked
    inter_12_boldGlyphs,
    inter_12_boldIntervals,
    77,
    30,
    25,
    -7,
    false,
    nullptr,
    0,
    nullptr,
    nullptr,  // kernLeftClasses: built-in fonts use split arrays
    nullptr,  // kernRightClasses
    inter_12_boldKernLeftCodepoints,
    inter_12_boldKernLeftClassIds,
    inter_12_boldKernRightCodepoints,
    inter_12_boldKernRightClassIds,
    nullptr,  // kernMatrix: built-in fonts use sparse rows
    inter_12_boldKernRowOffsets,
    inter_12_boldKernSparseCols,
    inter_12_boldKernSparseValues,
    781,
    797,
    154,
    149,
    nullptr,
    0,
};
