/**
 * generated by fontconvert.py
 * name: inter_12_regular
 * size: 12
 * mode: 1-bit  packed bitmaps: true
 * Command used: fontconvert.py inter_12_regular 12 ../builtinFonts/source/Inter/Inter-Regular.ttf ../builtinFonts/source/IBMPlexSansHebrew/IBMPlexSansHebrew-Regular.ttf ../builtinFonts/source/NotoSansArabic/NotoSansArabic-Regular.ttf --additional-intervals 0x05D0,0x05EA --additional-intervals 0x060C,0x060C --additional-intervals 0x061B,0x061B --additional-intervals 0x061F,0x061F --additional-intervals 0x0621,0x0621 --additional-intervals 0x0640,0x0640 --additional-intervals 0x0660,0x0669 --additional-intervals 0x06BA,0x06BA --additional-intervals 0x06D4,0x06D4 --additional-intervals 0x06F0,0x06F9 --additional-intervals 0xFB56,0xFB59 --additional-intervals 0xFB66,0xFB69 --additional-intervals 0xFB7A,0xFB7D --additional-intervals 0xFB88,0xFB95 --additional-intervals 0xFB9E,0xFB9F --additional-intervals 0xFBA6,0xFBB1 --additional-intervals 0xFBFC,0xFBFF --additional-intervals 0xFE80,0xFEFC --pack-bitmaps --zopfli
 */
#pragma once
#include "EpdFontData.h"

// Bitmaps: 40694 bytes raw, 17398 packed (raw DEFLATE).
// EpdFontData::bitmap stays nullptr until the app inflates them (PackedAsset).
static constexpr uint32_t inter_12_regularBitmapsSize = 40694;
static const uint8_t inter_12_regularBitmapsPacked[17398] = {
    0xC5, 0xFD, 0x4F, 0x70, 0x23, 0x47, 0x9A, 0x27, 0x88, 0xFE, 0x5C, 0xAE, 0x07, 0xD7, 0x01, 0x15,
    0xAE, 0x79, 0x73, 0x81, 0x4C, 0x41, 0x84, 0xFA, 0xCD, 0xE1, 0x1D, 0x1F, 0x34, 0x69, 0xF6, 0x14,
    0x5C, 0x42, 0x0C, 0x4D, 0xCF, 0x7D, 0xE7, 0x7E, 0x5A, 0x68, 0x35, 0x56, 0x79, 0x69, 0x53, 0x39,
    0x1B, 0x66, 0x22, 0x64, 0xC9, 0x42, 0x38, 0x1B, 0xBD, 0x85, 0x39, 0x68, 0xC9, 0xD9, 0x5B, 0xB5,
    0x0D, 0x4B, 0x69, 0x7B, 0xBF, 0xD4, 0xD8, 0x1C, 0x9A, 0xB2, 0xD6, 0x56, 0x3A, 0x06, 0xB3, 0x85,
    0x39, 0x68, 0xC9, 0xC3, 0x5E, 0xD4, 0x36, 0x2C, 0xA5, 0xA3, 0xD0, 0x26, 0xEC, 0xA1, 0x86, 0x74,
    0x1A, 0xDB, 0x9A, 0x91, 0xC6, 0xC8, 0xF8, 0x36, 0x3C, 0x00, 0x32, 0x99, 0xA9, 0x24, 0x93, 0xA9,
    0xAE, 0xB1, 0xF5, 0x70, 0x04, 0x3C, 0x22, 0x3C, 0x3E, 0x7C, 0xEE, 0x11, 0xEE, 0xDF, 0x5F, 0xFF,
    0xF0, 0xC9, 0xDE, 0x7C, 0xF5, 0xA0, 0xBB, 0x37, 0x8F, 0xB1, 0xB9, 0xF7, 0xD1, 0xFD, 0xC7, 0x8F,
    0xFA, 0x4F, 0x2F, 0xCE, 0x6B, 0x6F, 0xD5, 0xC2, 0x5A, 0x18, 0x34, 0x82, 0x46, 0x52, 0xA4, 0x94,
    0x16, 0xF5, 0x38, 0x6C, 0x95, 0x9B, 0xA2, 0x82, 0xF2, 0x86, 0x8A, 0x3B, 0xE5, 0x66, 0x63, 0xCB,
    0x51, 0x47, 0x4F, 0x64, 0xC9, 0xE9, 0x7F, 0x9D, 0xDF, 0xDB, 0x9F, 0x9C, 0xB1, 0x3F, 0x08, 0x27,
    0xB3, 0xF2, 0x63, 0xEF, 0x99, 0xC9, 0x2C, 0xFA, 0xE6, 0xFC, 0xAF, 0x1F, 0x16, 0x91, 0x6D, 0xA2,
    0x05, 0xD3, 0x66, 0x43, 0x1B, 0xA7, 0x22, 0x50, 0x6A, 0x16, 0x04, 0x1B, 0x66, 0x1E, 0x8A, 0x99,
    0x5E, 0x57, 0x10, 0x80, 0x45, 0xB8, 0xC5, 0x0E, 0x6D, 0xFC, 0xBD, 0xA8, 0xAB, 0xCE, 0x24, 0xA8,
    0x6F, 0x98, 0x22, 0x16, 0x16, 0xB1, 0x44, 0xA2, 0x89, 0x4F, 0x44, 0x10, 0x84, 0x81, 0x8A, 0x6C,
    0xA4, 0xDB, 0xC8, 0x79, 0x7E, 0xF2, 0xE1, 0x51, 0xB2, 0xBF, 0xAE, 0xDA, 0x2E, 0xA3, 0x8C, 0x7A,
    0x2D, 0xA4, 0x44, 0x61, 0x77, 0x67, 0x75, 0x12, 0xCE, 0x76, 0xE2, 0x32, 0x4F, 0x27, 0x61, 0xF9,
    0x19, 0xEF, 0x84, 0x6A, 0x71, 0xB0, 0x71, 0x10, 0xCF, 0xF6, 0xCA, 0x5D, 0x9D, 0x6D, 0xB7, 0x3E,
    0x3B, 0xC9, 0xFB, 0x72, 0x52, 0xFC, 0xD7, 0x91, 0x6E, 0x01, 0x02, 0x31, 0x33, 0x01, 0x54, 0x7A,
    0x41, 0xC6, 0x2E, 0x0F, 0x3E, 0xD8, 0x3C, 0xFE, 0x03, 0xD1, 0x63, 0xCB, 0xBF, 0xFE, 0x3D, 0xC0,
    0x8C, 0xB1, 0xAA, 0x15, 0x87, 0x41, 0x4D, 0xF0, 0x6D, 0x5F, 0x8E, 0x17, 0x65, 0x2D, 0x74, 0x3A,
    0xA0, 0x66, 0xA8, 0x56, 0xCD, 0x31, 0xDF, 0xAF, 0xD9, 0x48, 0xF7, 0x59, 0x26, 0xEC, 0xBB, 0x7A,
    0xCE, 0xF7, 0x9A, 0xB1, 0xA3, 0xED, 0x1C, 0x26, 0xF8, 0x90, 0x8A, 0x27, 0xE3, 0x61, 0x10, 0xC6,
    0x6A, 0x5A, 0x7D, 0x49, 0x5D, 0xC8, 0x6C, 0x3A, 0x17, 0xEA, 0x9D, 0x6D, 0x13, 0xC0, 0x09, 0x28,
    0xA1, 0x7B, 0xCB, 0x4C, 0x54, 0x08, 0x4D, 0x32, 0x77, 0x73, 0xF1, 0xEB, 0x10, 0x36, 0x10, 0x6E,
    0x9D, 0xE5, 0x70, 0x5C, 0x47, 0xBA, 0x10, 0xBD, 0x07, 0x34, 0xCC, 0x02, 0xA0, 0xC3, 0x4D, 0x84,
    0x9C, 0xBB, 0x15, 0x53, 0xFE, 0x4C, 0xE8, 0xA1, 0x86, 0xA1, 0xEB, 0x52, 0x89, 0x6D, 0x01, 0xC5,
    0x8C, 0x40, 0x32, 0xA3, 0x87, 0xF9, 0xA2, 0x21, 0x32, 0xA3, 0xF9, 0xE1, 0x2F, 0xC3, 0x05, 0x88,
    0x3C, 0xE8, 0x9D, 0x91, 0x74, 0x01, 0xAA, 0xDF, 0x50, 0xE7, 0x7C, 0x3F, 0xD2, 0x2B, 0x65, 0x05,
    0xFA, 0x3A, 0xB2, 0xFD, 0x12, 0x9E, 0x3E, 0x16, 0xBD, 0x53, 0x1A, 0x66, 0x35, 0x50, 0x99, 0x9C,
    0x80, 0x0D, 0x98, 0x09, 0xB9, 0x8E, 0x05, 0x54, 0x00, 0x1B, 0x32, 0x13, 0x73, 0xAD, 0x70, 0x89,
    0x61, 0xBC, 0x32, 0x3A, 0x08, 0x12, 0x5B, 0xC8, 0xDC, 0x1E, 0x73, 0x57, 0x82, 0xF7, 0x18, 0xEE,
    0x66, 0x01, 0x24, 0x2B, 0xA2, 0xEC, 0xF4, 0x44, 0x54, 0xE7, 0xEC, 0xDA, 0xE0, 0x71, 0x91, 0xBA,
    0x0B, 0xDF, 0x04, 0xFF, 0xFB, 0xC2, 0xD5, 0x51, 0x75, 0x2A, 0x70, 0x12, 0x6B, 0xFE, 0x65, 0x55,
    0xBA, 0xBF, 0x7A, 0x34, 0x6F, 0xA1, 0x25, 0xB9, 0x2B, 0x92, 0xA1, 0x71, 0x72, 0xD1, 0x8F, 0x11,
    0x14, 0x23, 0xA2, 0xD4, 0x01, 0x92, 0xCA, 0x64, 0x84, 0x4E, 0xD0, 0x47, 0xCE, 0x32, 0x6E, 0x23,
    0x61, 0xF3, 0x68, 0xDB, 0x05, 0x78, 0x0F, 0x92, 0xE7, 0xC9, 0x7C, 0x57, 0x6D, 0x0A, 0x28, 0xC9,
    0xEC, 0x96, 0xD0, 0x1E, 0x59, 0x00, 0x12, 0x4E, 0x02, 0x28, 0x10, 0x15, 0xF0, 0xFD, 0xDA, 0x6E,
    0x63, 0xC3, 0x9A, 0xB9, 0x3C, 0xDD, 0x4B, 0x27, 0xB3, 0x61, 0xF4, 0x45, 0xD8, 0x57, 0xEF, 0x3F,
    0x31, 0x93, 0x39, 0xF7, 0xC5, 0x78, 0xE3, 0x5B, 0x2A, 0x36, 0xE8, 0xC9, 0x68, 0x3E, 0xD6, 0x10,
    0x1A, 0x72, 0xAC, 0xA3, 0x02, 0x91, 0x03, 0x33, 0xB0, 0xC8, 0xB0, 0x85, 0x4D, 0xAC, 0xE9, 0x15,
    0x13, 0xAA, 0x20, 0x16, 0xA1, 0x10, 0x7C, 0xB0, 0x4D, 0x23, 0x72, 0x36, 0x76, 0x4D, 0x25, 0x62,
    0xFE, 0x35, 0x2C, 0x89, 0x22, 0x79, 0x3A, 0x3A, 0x16, 0xCA, 0x77, 0x34, 0x9D, 0x97, 0x07, 0xA6,
    0x58, 0x74, 0x8B, 0x25, 0x7A, 0x94, 0x71, 0x2B, 0xB3, 0x28, 0x6F, 0x37, 0x7B, 0x52, 0x09, 0x27,
    0x2C, 0x9E, 0x6D, 0x4A, 0x28, 0xD1, 0x93, 0xEB, 0xEB, 0x51, 0x2E, 0x33, 0x66, 0x0A, 0x46, 0x63,
    0x9A, 0x88, 0x03, 0x7E, 0xC4, 0xF7, 0x85, 0x12, 0x56, 0x9A, 0x68, 0xD1, 0x6A, 0x7F, 0x18, 0x4E,
    0x9F, 0xD0, 0x8C, 0x40, 0x27, 0x44, 0x05, 0x6C, 0xE0, 0x33, 0x9D, 0x14, 0x74, 0xBC, 0x2C, 0x5B,
    0x49, 0xE4, 0xAE, 0x5F, 0xB4, 0xF2, 0xEA, 0x62, 0x95, 0xC1, 0xAD, 0xC8, 0x05, 0x89, 0xC1, 0x44,
    0x9F, 0xE9, 0x35, 0xB3, 0x62, 0x60, 0xA1, 0xA2, 0xFD, 0xE8, 0x48, 0x1E, 0xA3, 0xAB, 0x57, 0x4D,
    0xE8, 0x9A, 0xEB, 0xEB, 0xB2, 0xE0, 0x05, 0x62, 0x98, 0x9F, 0x98, 0xE8, 0xAA, 0xBF, 0x9D, 0xA0,
    0x2A, 0x5D, 0x1D, 0x56, 0x78, 0xC5, 0x8F, 0xA9, 0x4A, 0x1A, 0x9D, 0x90, 0x6B, 0x15, 0x30, 0x13,
    0x0B, 0xD8, 0xB2, 0xB8, 0x25, 0x47, 0x59, 0x22, 0x4E, 0x4F, 0xB2, 0x42, 0xC0, 0xF8, 0x77, 0x77,
    0xBF, 0x3D, 0x9D, 0xED, 0x06, 0xBD, 0x35, 0x53, 0xF0, 0x5C, 0xBA, 0x0F, 0xED, 0xAC, 0x1C, 0x0A,
    0x41, 0xDC, 0xB6, 0x0F, 0xF4, 0x31, 0x37, 0xE6, 0xF9, 0x9B, 0x2F, 0x8B, 0x11, 0x91, 0xB6, 0xEC,
    0x3B, 0xA4, 0x46, 0xE6, 0x8C, 0x74, 0x9A, 0x49, 0xE2, 0x8F, 0xEC, 0xE6, 0x71, 0xF0, 0x74, 0xFC,
    0xF0, 0xEB, 0xEE, 0xD9, 0x5E, 0xBF, 0xBB, 0x3B, 0xD9, 0xC8, 0xF2, 0x24, 0x1A, 0x4E, 0x5D, 0xDE,
    0x8E, 0x06, 0x03, 0x6D, 0x7F, 0x62, 0x23, 0x93, 0x98, 0xD4, 0xD0, 0x36, 0x0D, 0xCE, 0xC5, 0x5C,
    0x1E, 0x46, 0x3B, 0x49, 0xD0, 0x6F, 0xE6, 0x2B, 0x59, 0xE2, 0x12, 0x5B, 0x5E, 0xD1, 0xBD, 0xE7,
    0x7B, 0x20, 0x32, 0xC2, 0x72, 0xC7, 0x32, 0xE4, 0xE8, 0x63, 0xED, 0x85, 0x1E, 0x28, 0x96, 0x4F,
    0x74, 0xF1, 0x10, 0x53, 0xF1, 0xE8, 0x29, 0x1D, 0x3A, 0xC5, 0x75, 0x08, 0x2B, 0x10, 0xE3, 0x36,
    0x48, 0xC3, 0xD5, 0xF1, 0x9E, 0x2B, 0x2A, 0x48, 0x54, 0x42, 0x85, 0x2A, 0xBF, 0x77, 0x29, 0x6E,
    0xDB, 0x35, 0x5D, 0xCE, 0x14, 0x81, 0x7D, 0x40, 0x87, 0x45, 0xE2, 0xCA, 0xA1, 0xBB, 0xE3, 0x7B,
    0xA1, 0xBB, 0x7D, 0x7C, 0x39, 0x97, 0x34, 0xD5, 0x9A, 0x4E, 0xD1, 0x44, 0x0A, 0x2A, 0xBF, 0xD7,
    0xD1, 0x46, 0x9F, 0xE5, 0xB2, 0xF7, 0x39, 0x4D, 0x0B, 0x66, 0xC9, 0xA7, 0x91, 0x15, 0xBA, 0x89,
    0x1E, 0x7B, 0xD9, 0xD7, 0x8B, 0x0F, 0xCD, 0xCA, 0x67, 0x87, 0xA2, 0x17, 0xF4, 0xB6, 0x52, 0x97,
    0x9A, 0x36, 0x3A, 0xBC, 0xC7, 0x8F, 0xD8, 0x01, 0x66, 0xFA, 0xD4, 0x28, 0x1B, 0xC7, 0x71, 0x18,
    0x06, 0x01, 0xDF, 0x61, 0x13, 0x9C, 0x69, 0xFF, 0x92, 0xD7, 0x2C, 0xB7, 0xCC, 0x41, 0xA1, 0xD3,
    0xE0, 0xB6, 0x2D, 0x54, 0x99, 0xD7, 0xA5, 0x5A, 0x0F, 0x54, 0x3F, 0x88, 0xCB, 0xBC, 0x19, 0xC6,
    0xF7, 0xC3, 0x70, 0x1E, 0x86, 0xB3, 0x32, 0xEF, 0xAF, 0x8C, 0xF7, 0x65, 0x99, 0x47, 0x65, 0x76,
    0x72, 0xDB, 0x89, 0x32, 0x6B, 0xAB, 0x44, 0x5B, 0xEC, 0xF0, 0xE1, 0x60, 0x7B, 0x66, 0x36, 0xCC,
    0x87, 0x46, 0x5A, 0x6E, 0xAB, 0x61, 0x54, 0x60, 0x13, 0x5D, 0xD3, 0x73, 0x71, 0x1C, 0x37, 0xDB,
    0x62, 0x8F, 0x99, 0x0E, 0x8F, 0xF9, 0x97, 0x7C, 0xC2, 0xC6, 0x23, 0x33, 0xB5, 0xB1, 0x6D, 0x5A,
    0xA1, 0x98, 0x43, 0x86, 0x18, 0x21, 0x02, 0x08, 0x70, 0x5D, 0x0D, 0x40, 0x85, 0xF4, 0x82, 0x88,
    0x4C, 0x00, 0xC5, 0x4D, 0xB3, 0xDC, 0xE9, 0xE7, 0x77, 0xFE, 0xDA, 0x03, 0xCA, 0xFC, 0xC4, 0x7F,
    0x95, 0x89, 0xA0, 0x1A, 0x81, 0xE0, 0xDA, 0xA8, 0x38, 0xAC, 0xF1, 0x6D, 0x63, 0xE3, 0x30, 0xE0,
    0xCC, 0xD8, 0xF2, 0xEC, 0x05, 0x95, 0xF4, 0xE0, 0x59, 0x8E, 0xA8, 0x08, 0x98, 0xDD, 0x2A, 0xDB,
    0xD1, 0xDD, 0xEB, 0x0E, 0x01, 0x22, 0x02, 0xBA, 0x3B, 0x2A, 0xDA, 0x7D, 0x42, 0xEE, 0xCF, 0x03,
    0x76, 0x78, 0x41, 0x59, 0x1E, 0x0D, 0x1C, 0x15, 0x34, 0x41, 0x67, 0x49, 0x22, 0xBA, 0xB3, 0x47,
    0x0F, 0x8B, 0x6C, 0x73, 0x3B, 0x97, 0xA6, 0xCF, 0x5D, 0x64, 0x0A, 0x99, 0x6D, 0xD2, 0xDF, 0x64,
    0x35, 0xC8, 0x41, 0x91, 0xCE, 0x85, 0xED, 0x2F, 0x47, 0x9D, 0xDB, 0xDC, 0x4D, 0xA6, 0xB9, 0x00,
    0x5A, 0xAC, 0xC2, 0x7F, 0x77, 0xAF, 0x38, 0x21, 0x45, 0x3C, 0x5B, 0xDC, 0xB7, 0x5D, 0xC8, 0xDE,
    0x05, 0x1D, 0x1E, 0xD7, 0x21, 0xB7, 0x8B, 0x28, 0xB3, 0xC7, 0x42, 0xBD, 0x4B, 0x44, 0x56, 0x20,
    0x0E, 0x4F, 0x67, 0x85, 0xB4, 0x21, 0xE4, 0xEE, 0x64, 0xC2, 0x87, 0x17, 0x4F, 0x8B, 0x38, 0x0C,
    0x84, 0x6F, 0x88, 0x2A, 0x0B, 0x88, 0xDE, 0xA7, 0xC7, 0x85, 0x2D, 0x96, 0xAF, 0x67, 0xC2, 0xF3,
    0xE6, 0xC5, 0x19, 0xED, 0x1E, 0xE1, 0xEF, 0x02, 0xD5, 0xA5, 0xDD, 0xAC, 0x89, 0xCE, 0x72, 0xDC,
    0xF7, 0xE8, 0xA4, 0x70, 0x54, 0x22, 0x74, 0x2D, 0xAB, 0x9F, 0xFD, 0x7D, 0xED, 0xB8, 0x4A, 0xB6,
    0x71, 0xF6, 0x9F, 0xF0, 0xC9, 0xB5, 0x8E, 0x3B, 0xF9, 0xFA, 0xAA, 0x89, 0x6A, 0x6D, 0xB0, 0x17,
    0xCF, 0x86, 0xF1, 0x5A, 0xD9, 0x48, 0xF7, 0x60, 0xF0, 0x65, 0xD8, 0x9B, 0xCE, 0x45, 0x1C, 0x7E,
    0x7A, 0xBC, 0x4C, 0xF6, 0xFE, 0xEE, 0xC3, 0x8B, 0x0B, 0xA2, 0xAC, 0x97, 0x06, 0x72, 0x34, 0xCA,
    0xE2, 0x44, 0x08, 0x6B, 0xF3, 0xB0, 0x1C, 0x8C, 0x4E, 0xF5, 0xFD, 0x29, 0x73, 0x7F, 0xB7, 0xA0,
    0x13, 0xE9, 0xFA, 0xCF, 0xFD, 0xBC, 0xDC, 0xA6, 0x45, 0x4B, 0x17, 0xA8, 0xB3, 0xFC, 0xB2, 0xA5,
    0xF7, 0x27, 0x69, 0xF2, 0xD4, 0x9D, 0xF0, 0x6C, 0x71, 0x61, 0x3B, 0x8F, 0xDC, 0x09, 0x6D, 0x9E,
    0x7D, 0xB1, 0x1C, 0x72, 0x28, 0x1B, 0xFD, 0xF4, 0x71, 0x31, 0xBD, 0xDE, 0xE8, 0xD3, 0x73, 0x7A,
    0x78, 0xD4, 0xB8, 0xA4, 0xDB, 0xF8, 0x19, 0x91, 0x73, 0xF6, 0x32, 0x45, 0xF2, 0x09, 0xA9, 0x3E,
    0xB3, 0xD1, 0xA8, 0x10, 0x36, 0x1A, 0x64, 0xE7, 0x79, 0xCA, 0x75, 0x1C, 0xC7, 0x44, 0x45, 0x7C,
    0x99, 0x92, 0x08, 0x9D, 0xE7, 0xD1, 0x53, 0x9B, 0xBB, 0xE9, 0x19, 0xBD, 0x09, 0xBB, 0x5A, 0x91,
    0x58, 0x4F, 0xB9, 0x0F, 0x44, 0x1C, 0xDA, 0x04, 0x39, 0xAF, 0x06, 0x5A, 0x47, 0x6D, 0xCA, 0x40,
    0xB9, 0xB9, 0x0C, 0x56, 0xB3, 0xD9, 0xC3, 0xBD, 0xD5, 0xBF, 0x1D, 0xFD, 0xD5, 0x5E, 0xF4, 0x70,
    0xFB, 0x49, 0x16, 0x49, 0xED, 0x9C, 0x94, 0x70, 0x4A, 0xAD, 0x8D, 0x77, 0xDA, 0xAB, 0xA3, 0x23,
    0x61, 0x9B, 0x70, 0xD2, 0x93, 0xEF, 0x8D, 0xC9, 0x30, 0x6E, 0xBF, 0x00, 0xD2, 0x5C, 0x81, 0x54,
    0x1E, 0xFB, 0x4C, 0x98, 0x3A, 0xAA, 0x19, 0xD5, 0xC6, 0x92, 0x19, 0x15, 0x8A, 0xED, 0xB2, 0x40,
    0x64, 0xB8, 0x18, 0x8C, 0x97, 0xCF, 0x3D, 0x88, 0xE4, 0xC0, 0xA8, 0xE5, 0x9B, 0x90, 0xB5, 0x6B,
    0x09, 0x55, 0x29, 0x37, 0x2E, 0x8B, 0x1B, 0x3E, 0x85, 0x4D, 0x29, 0xA3, 0xB0, 0x2A, 0xC6, 0x99,
    0xB3, 0x21, 0xF2, 0xCD, 0x27, 0x47, 0xC5, 0xC7, 0x0E, 0xD8, 0xDC, 0xB3, 0xEC, 0xA0, 0xBB, 0xE0,
    0xF0, 0xDE, 0x40, 0xA7, 0xC6, 0xF2, 0x64, 0x7E, 0xF2, 0x0F, 0xFD, 0xFF, 0xF1, 0xFB, 0xA0, 0xE3,
    0xF3, 0xE6, 0xFD, 0xF4, 0xAC, 0x88, 0x74, 0xA7, 0x06, 0xAE, 0x53, 0x91, 0xF7, 0xCE, 0x06, 0x7B,
    0xA1, 0xEF, 0x57, 0x51, 0x24, 0x97, 0xD3, 0x9E, 0x50, 0x09, 0x51, 0x0E, 0xFC, 0xEC, 0x7B, 0xA2,
    0xAD, 0x7E, 0xAF, 0xA9, 0x82, 0x4E, 0x60, 0x85, 0xDF, 0x3A, 0x81, 0x0A, 0x7A, 0xCD, 0xAD, 0x75,
    0xA2, 0x9F, 0xFD, 0x03, 0xD3, 0xF6, 0xDD, 0x65, 0x33, 0x67, 0xDB, 0x07, 0x42, 0x49, 0x93, 0x08,
    0x8A, 0x72, 0xC1, 0x68, 0x42, 0xCC, 0x08, 0x84, 0x50, 0x78, 0x4C, 0x64, 0x91, 0x10, 0x65, 0x9E,
    0x7C, 0x4F, 0x02, 0x35, 0x47, 0x9B, 0xDB, 0x74, 0xA7, 0x3D, 0x3D, 0x16, 0x6A, 0x73, 0x12, 0xD9,
    0x82, 0x9B, 0x66, 0x67, 0x1E, 0xA4, 0xB3, 0x3C, 0xD2, 0xB3, 0xEE, 0x93, 0xFF, 0xFC, 0x11, 0x32,
    0xA4, 0x56, 0xD2, 0xB6, 0xDB, 0x6A, 0x6F, 0x8C, 0x1F, 0x1E, 0x74, 0x8B, 0x79, 0x6F, 0xBE, 0x29,
    0x3E, 0x53, 0xE2, 0x3E, 0x36, 0xD5, 0xFD, 0xCD, 0x9D, 0xCD, 0xE4, 0x78, 0x35, 0x9F, 0xFD, 0xC7,
    0x76, 0x24, 0x35, 0x39, 0x5E, 0x40, 0x20, 0x92, 0xF3, 0xA7, 0x13, 0x7E, 0x78, 0x4E, 0xC3, 0xE9,
    0xE3, 0xB3, 0x1C, 0x40, 0x77, 0xB8, 0xFF, 0x60, 0xF2, 0xF5, 0xDA, 0x78, 0xAF, 0xE9, 0x1E, 0x8C,
    0x4E, 0xFC, 0x13, 0xFD, 0x04, 0x88, 0x88, 0x2A, 0x92, 0xD3, 0x10, 0x3A, 0x31, 0x54, 0xE2, 0xFB,
    0xE4, 0x77, 0x4F, 0xFE, 0xC3, 0x7F, 0x98, 0xCF, 0x0F, 0x0F, 0x7F, 0xF7, 0xEF, 0xFE, 0xA6, 0xBB,
    0x3D, 0x9B, 0x0C, 0x0A, 0xEE, 0x40, 0x45, 0x18, 0x3D, 0x3C, 0xEA, 0x27, 0x2B, 0xDF, 0x15, 0xEB,
    0x10, 0x50, 0x65, 0x26, 0xA2, 0xAA, 0xD0, 0x81, 0x24, 0x3A, 0xA7, 0x7E, 0xBA, 0x9F, 0x29, 0xA5,
    0x9C, 0x23, 0x32, 0x58, 0x4F, 0xF6, 0xED, 0x86, 0xCB, 0xE4, 0x84, 0x1E, 0x0D, 0xB1, 0x7A, 0x64,
    0x3A, 0xDD, 0xED, 0xEA, 0x0D, 0xBA, 0xFA, 0x3A, 0x14, 0xEB, 0x6D, 0xA2, 0xDF, 0x14, 0xEF, 0xC5,
    0xB0, 0x5C, 0x07, 0x00, 0xC4, 0x19, 0xA5, 0xE7, 0xE7, 0x94, 0x56, 0x79, 0xF3, 0x3C, 0xED, 0x9E,
    0xD7, 0x94, 0xC0, 0x32, 0x7B, 0x8E, 0xE9, 0xE3, 0xE1, 0x97, 0x0F, 0x2C, 0x52, 0xF2, 0x0F, 0xD0,
    0x48, 0xF1, 0x84, 0xE2, 0xCD, 0x60, 0xF4, 0xED, 0xDA, 0x70, 0x63, 0x9E, 0xF5, 0x01, 0xB0, 0x03,
    0xBE, 0x27, 0xE2, 0x66, 0x49, 0x5C, 0xBB, 0x83, 0xEF, 0x02, 0xD7, 0x1D, 0xEC, 0x55, 0xCD, 0x63,
    0x42, 0x6F, 0xB8, 0xB0, 0x2F, 0x98, 0xB1, 0x71, 0x2C, 0x02, 0xCC, 0x74, 0xA8, 0xF8, 0x5E, 0x6F,
    0x53, 0x62, 0x66, 0xE3, 0x3C, 0x88, 0xB6, 0x27, 0x4A, 0x51, 0x18, 0xCD, 0x06, 0xB9, 0x15, 0x00,
    0xE3, 0x26, 0xDE, 0x12, 0xD2, 0xD8, 0x30, 0x60, 0x23, 0x13, 0xC6, 0x6C, 0x82, 0x50, 0xB1, 0x83,
    0xFE, 0xCA, 0xC4, 0x86, 0x73, 0xAE, 0x95, 0x0A, 0x04, 0xB3, 0xB6, 0x1D, 0x8A, 0x6D, 0x93, 0xC6,
    0xD2, 0x01, 0x43, 0x13, 0x16, 0x7C, 0x47, 0xA9, 0x9A, 0xE0, 0xD6, 0xAE, 0x87, 0xD8, 0xD0, 0x93,
    0x58, 0x9E, 0x37, 0xFB, 0x53, 0x1B, 0xAC, 0xB3, 0x89, 0x8D, 0xFB, 0x7C, 0xC7, 0x2A, 0x0A, 0xA4,
    0xB3, 0x14, 0xC2, 0xD6, 0x98, 0x6D, 0x73, 0xA0, 0xCE, 0xB4, 0x0A, 0xF8, 0xC8, 0xB5, 0x3D, 0xA5,
    0x4F, 0xC4, 0xD9, 0x49, 0x56, 0x40, 0x2C, 0x38, 0xAD, 0x18, 0xA8, 0xE6, 0x7D, 0x61, 0xB8, 0xE5,
    0xFB, 0xEC, 0x08, 0xC7, 0x98, 0xE9, 0x0D, 0x13, 0x5B, 0x4F, 0xA4, 0x64, 0x21, 0x69, 0xC8, 0x3C,
    0xBD, 0x5D, 0x35, 0x2B, 0x56, 0x40, 0x95, 0x5B, 0xFC, 0x5A, 0xB7, 0x30, 0xC3, 0x5C, 0x59, 0x63,
    0xF2, 0x1A, 0xB7, 0xF0, 0x16, 0xCF, 0x58, 0x0E, 0xBC, 0xC6, 0x2D, 0xB5, 0x96, 0xF8, 0x9A, 0x7F,
    0x87, 0xBF, 0x78, 0x9D, 0x5F, 0xB1, 0x3C, 0x2B, 0x6B, 0x7C, 0x8F, 0x14, 0x51, 0x45, 0xF6, 0x3C,
    0x05, 0xAE, 0x6E, 0xD9, 0x84, 0xBF, 0x25, 0x54, 0x9E, 0x46, 0x0B, 0x12, 0x34, 0xD6, 0x33, 0xF3,
    0xB9, 0x09, 0x6D, 0xE0, 0xB8, 0x46, 0x5A, 0x80, 0x08, 0x54, 0xE0, 0x18, 0xEC, 0xC0, 0x67, 0xBE,
    0xE3, 0xB3, 0x90, 0xB9, 0x90, 0x45, 0x50, 0xE6, 0x26, 0xA2, 0xC2, 0xE7, 0x76, 0x80, 0x38, 0x40,
    0x2F, 0x80, 0x92, 0xE4, 0x24, 0xDD, 0x95, 0x1B, 0x65, 0x16, 0x8E, 0xB9, 0x72, 0x8F, 0x36, 0x33,
    0x01, 0x2C, 0x64, 0x41, 0x44, 0xCF, 0x98, 0xCB, 0x93, 0xE2, 0x8A, 0xB9, 0x24, 0xA2, 0x4A, 0x54,
    0xE8, 0xDC, 0x5E, 0x47, 0x32, 0x57, 0x12, 0x95, 0xDB, 0xEB, 0xBC, 0x3F, 0xD9, 0x5B, 0x1D, 0xBD,
    0x75, 0x7B, 0x9D, 0x79, 0xD8, 0x69, 0x54, 0x13, 0xD9, 0x62, 0xF7, 0xE0, 0xAF, 0xCC, 0x27, 0x7B,
    0xCF, 0x8E, 0xDB, 0xD1, 0xCA, 0x51, 0x07, 0x57, 0xD3, 0xA4, 0xBD, 0x56, 0xA8, 0x26, 0x93, 0x97,
    0x5F, 0x8A, 0x4C, 0x94, 0x4B, 0x12, 0x62, 0xAC, 0x4F, 0x4D, 0x6C, 0x03, 0xCF, 0xD8, 0xD3, 0x94,
    0xDC, 0x7C, 0xC1, 0x1B, 0xDB, 0x50, 0x35, 0xE3, 0x7E, 0x54, 0xC8, 0x02, 0xB5, 0x4E, 0x64, 0x52,
    0x0D, 0x20, 0x64, 0x5F, 0xF3, 0x4C, 0x64, 0x32, 0x8B, 0x5C, 0xE2, 0xFA, 0x36, 0x9F, 0x3E, 0x99,
    0x9D, 0x4E, 0xA6, 0x87, 0xE3, 0xC7, 0x83, 0x47, 0xA2, 0x10, 0x79, 0x79, 0xC5, 0xC9, 0x6B, 0x6F,
    0x76, 0x84, 0xC4, 0x26, 0x59, 0xBB, 0x62, 0x7D, 0xBE, 0x43, 0x81, 0x04, 0x91, 0x96, 0x0B, 0xC6,
    0xD1, 0xF3, 0x63, 0x73, 0x7D, 0x7A, 0xEA, 0x52, 0x17, 0x39, 0x66, 0xB0, 0x78, 0xB9, 0x5F, 0xF7,
    0xAE, 0xCB, 0xF7, 0xFB, 0xF5, 0xEE, 0xBA, 0x7C, 0xC5, 0x5F, 0xEF, 0xAE, 0xCB, 0xB7, 0xFC, 0xF5,
    0xEE, 0xEA, 0xFC, 0xFF, 0x44, 0xEF, 0xEC, 0xBB, 0xC8, 0x64, 0x72, 0x3B, 0xFF, 0x70, 0xBE, 0xEB,
    0x3E, 0x7B, 0x83, 0xFF, 0x5E, 0xD0, 0x90, 0x26, 0x83, 0xC9, 0xF6, 0xD9, 0xF6, 0xC5, 0x88, 0xCC,
    0xDC, 0xCE, 0xDC, 0x34, 0x73, 0xB9, 0xEA, 0xAB, 0xB5, 0x6C, 0x35, 0x0B, 0xB3, 0x92, 0x23, 0x4F,
    0x8A, 0xA8, 0x78, 0x33, 0x46, 0x80, 0xB0, 0xDC, 0x1A, 0x40, 0x83, 0xED, 0xBF, 0xC0, 0xDE, 0x3E,
    0x3B, 0x3C, 0x61, 0x87, 0x72, 0xB7, 0x90, 0x99, 0xD0, 0xCC, 0xF8, 0xA9, 0x35, 0xBC, 0x6B, 0x75,
    0xA1, 0xA5, 0x5E, 0xD3, 0xF3, 0xBB, 0x56, 0x0F, 0x3B, 0xAB, 0xB6, 0xAB, 0xFF, 0xF4, 0xAE, 0xD5,
    0xAB, 0x07, 0xDA, 0x42, 0x0C, 0x70, 0xBC, 0xE3, 0xE5, 0x8C, 0x38, 0x68, 0x06, 0x42, 0xB2, 0x09,
    0xCE, 0xB1, 0xA6, 0xA5, 0x16, 0x66, 0xC1, 0xE9, 0x5E, 0x63, 0x7D, 0x3B, 0x15, 0xD1, 0xF5, 0x3A,
    0x15, 0x3A, 0x90, 0x6A, 0x6D, 0xFB, 0x28, 0xB0, 0x9B, 0x32, 0x79, 0x42, 0x01, 0x2A, 0x72, 0xDC,
    0xE4, 0x59, 0x7A, 0xD8, 0xB4, 0xC7, 0x41, 0x99, 0xE7, 0x07, 0xD9, 0xC9, 0xB1, 0x5C, 0xB0, 0x2F,
    0xD3, 0xA2, 0x38, 0xF1, 0xA2, 0x7A, 0x4B, 0x00, 0x49, 0x74, 0x46, 0xF6, 0xEF, 0x42, 0xFE, 0xF0,
    0x9C, 0x4E, 0xB3, 0x44, 0x4C, 0xE9, 0x29, 0xED, 0x80, 0x6B, 0x1B, 0xF2, 0x1B, 0xAE, 0x49, 0x6E,
    0x8F, 0x1B, 0xF6, 0xE5, 0xD7, 0x1A, 0xC3, 0xAC, 0xC0, 0x0D, 0xF7, 0xBD, 0x7F, 0x18, 0xCF, 0xDF,
    0xFA, 0xE8, 0xE5, 0xD7, 0x02, 0x6E, 0x8B, 0x70, 0xBC, 0x9F, 0x70, 0x9D, 0xA7, 0x87, 0x34, 0xF8,
    0xB7, 0x2A, 0x48, 0x1F, 0xD3, 0xC4, 0xE6, 0xD1, 0x90, 0xCE, 0x8B, 0x18, 0x91, 0x1C, 0x14, 0x14,
    0xD1, 0xD3, 0x91, 0xFD, 0xBD, 0xE4, 0x5A, 0x85, 0xE4, 0x45, 0xD8, 0xCC, 0x0A, 0x81, 0xB8, 0xFD,
    0x93, 0xB1, 0x2B, 0x0F, 0x92, 0x43, 0xA7, 0xC2, 0x9B, 0xF8, 0xEA, 0x9E, 0x30, 0x5B, 0x42, 0x23,
    0x84, 0xE5, 0xBA, 0x0E, 0x08, 0xE3, 0x95, 0x1B, 0x9B, 0x7C, 0xFF, 0x27, 0x44, 0xE4, 0xB8, 0x0E,
    0x83, 0xDE, 0x29, 0x09, 0x17, 0x80, 0x9B, 0x90, 0x99, 0xE0, 0x96, 0x0A, 0x12, 0x5B, 0x42, 0x75,
    0xF5, 0xCD, 0x15, 0xE2, 0xD1, 0x61, 0xA0, 0xFE, 0xE4, 0x16, 0x08, 0x1B, 0xE3, 0x9D, 0x6B, 0xAC,
    0xB4, 0x8E, 0xE7, 0x0D, 0xF6, 0x8C, 0xB1, 0x46, 0xBB, 0x7F, 0x3C, 0x47, 0x23, 0xBE, 0x9E, 0xBA,
    0x5F, 0x1D, 0xFD, 0xDD, 0x7B, 0xE8, 0x3C, 0x3F, 0x19, 0x01, 0x98, 0x89, 0x2C, 0xDA, 0xCE, 0x02,
    0xCB, 0x07, 0x79, 0x72, 0x76, 0xF8, 0xF5, 0x8A, 0xA9, 0x34, 0x2C, 0x47, 0x81, 0xED, 0x0E, 0x1F,
    0x66, 0xA9, 0x56, 0xA8, 0x8F, 0xF2, 0xC4, 0x00, 0xB5, 0x97, 0xF2, 0xF6, 0x21, 0xD4, 0x65, 0x57,
    0xEC, 0x56, 0x78, 0x2E, 0x24, 0x0D, 0x5D, 0x5C, 0xE2, 0xC9, 0x4C, 0x08, 0x13, 0xDC, 0x52, 0x41,
    0xF8, 0xAE, 0xD8, 0xD0, 0x37, 0x57, 0xA8, 0x9B, 0x42, 0x38, 0xDC, 0x02, 0xA1, 0x31, 0x3A, 0x09,
    0x7A, 0x7F, 0x72, 0x4B, 0x85, 0x1A, 0x9C, 0x84, 0x82, 0xA0, 0x32, 0x3D, 0xD3, 0xD6, 0x78, 0xA9,
    0xE6, 0xB0, 0x88, 0x3F, 0x1F, 0xCF, 0x57, 0x8E, 0xCE, 0xBB, 0xBF, 0x3A, 0xDA, 0x9C, 0x3E, 0x0E,
    0xDA, 0x9F, 0xD3, 0xA4, 0x78, 0xCB, 0x86, 0xCC, 0x06, 0xE8, 0xA0, 0xF6, 0x7C, 0x63, 0x37, 0x45,
    0xEF, 0x9C, 0x12, 0xF7, 0x11, 0x37, 0x31, 0x87, 0xBA, 0xE9, 0xAA, 0x44, 0xB6, 0x32, 0xFE, 0xE2,
    0xA6, 0xAB, 0xF1, 0xF8, 0x4B, 0x4F, 0x6F, 0x6E, 0xB8, 0xCA, 0x8C, 0x40, 0x0C, 0x03, 0xEE, 0xD5,
    0x7A, 0x81, 0xF2, 0x0A, 0x37, 0xE9, 0x79, 0x38, 0xE4, 0xDC, 0xC9, 0x4A, 0xF8, 0xF6, 0x15, 0xB8,
    0x8D, 0xD0, 0x7A, 0x85, 0x6C, 0xF8, 0xE4, 0xB7, 0xCB, 0x91, 0x0B, 0x54, 0xAC, 0xE0, 0x1B, 0x6F,
    0xDF, 0x09, 0xA8, 0x70, 0x3C, 0x83, 0x4F, 0x21, 0x02, 0xF8, 0x89, 0x42, 0x28, 0xCF, 0x4E, 0xB0,
    0x49, 0xC5, 0x4E, 0x28, 0x15, 0xC7, 0x51, 0x1E, 0x51, 0xC0, 0x77, 0x99, 0xA7, 0x54, 0x6B, 0x26,
    0x48, 0x86, 0x0E, 0x60, 0x19, 0x3D, 0x24, 0xF1, 0x9E, 0x0D, 0xE9, 0x11, 0xED, 0x8E, 0xB2, 0x44,
    0xD2, 0x49, 0xAE, 0x50, 0x6B, 0x95, 0xB7, 0xE6, 0xAF, 0xC5, 0x33, 0xBD, 0x3F, 0x69, 0xF5, 0x85,
    0x7E, 0xF9, 0xC8, 0x66, 0x06, 0x0A, 0xEB, 0x1E, 0x29, 0x55, 0x02, 0xD9, 0x44, 0x6C, 0x83, 0x98,
    0xEF, 0xB0, 0x91, 0x51, 0xCA, 0x93, 0xD2, 0x81, 0x9E, 0xDA, 0xB6, 0x12, 0x21, 0x3B, 0x5C, 0xCE,
    0x6A, 0x5C, 0x23, 0xC3, 0x3A, 0x38, 0xA2, 0x61, 0x9E, 0x1E, 0x07, 0xEF, 0xD9, 0x20, 0x99, 0x17,
    0x99, 0x9F, 0xC1, 0x9A, 0x34, 0x2F, 0x56, 0xBC, 0xFA, 0x27, 0x62, 0xEE, 0x4D, 0x28, 0x58, 0x58,
    0x66, 0x80, 0x3B, 0x33, 0x2A, 0x8B, 0xC7, 0x8F, 0xAC, 0x84, 0xA7, 0xFA, 0xE2, 0x92, 0x6B, 0x10,
    0xBD, 0xB3, 0x22, 0x32, 0x8A, 0x19, 0x6E, 0x85, 0x0A, 0x5A, 0x77, 0x87, 0x27, 0xAA, 0x17, 0xE6,
    0x66, 0x78, 0x7E, 0x83, 0x7E, 0x1D, 0x78, 0x4A, 0xE0, 0xBD, 0x9B, 0xE0, 0x05, 0x2D, 0xA1, 0xF8,
    0x6B, 0xB5, 0xB7, 0x94, 0x2C, 0xA5, 0xBE, 0xB1, 0xBD, 0x5D, 0xBD, 0x89, 0x2D, 0x28, 0x20, 0x32,
    0x49, 0x96, 0x66, 0xF6, 0x89, 0x79, 0x50, 0x9E, 0x39, 0xBE, 0x46, 0x9A, 0xFC, 0x21, 0xDF, 0x4B,
    0x92, 0x3C, 0xB5, 0x00, 0xDE, 0xD1, 0x81, 0x11, 0x1D, 0xFE, 0x6B, 0xF6, 0xED, 0x96, 0x4D, 0x55,
    0x9A, 0xC5, 0x5B, 0x71, 0x33, 0x14, 0x01, 0x1F, 0xB2, 0xB1, 0x9E, 0x1A, 0xE7, 0x7A, 0xED, 0xAD,
    0xA8, 0x10, 0xE7, 0xE8, 0xE0, 0xCE, 0x2C, 0x12, 0x5A, 0x50, 0xD2, 0x45, 0x96, 0x0F, 0xE6, 0xF2,
    0x38, 0xC9, 0xD5, 0x13, 0x73, 0xA6, 0xE7, 0x4B, 0x19, 0xA5, 0xD7, 0xEE, 0x65, 0xE4, 0x0A, 0xDB,
    0x42, 0x32, 0xCE, 0x81, 0xDB, 0xF5, 0x99, 0xC9, 0xA8, 0x00, 0x80, 0x2C, 0x9A, 0xD2, 0x4E, 0x60,
    0x37, 0xD9, 0x23, 0x5F, 0x57, 0xF1, 0xED, 0xC3, 0x66, 0x62, 0x0B, 0x66, 0xDE, 0x1F, 0xFF, 0x32,
    0xD2, 0xEE, 0x76, 0x5E, 0x31, 0x36, 0x07, 0xC2, 0x36, 0x6F, 0x99, 0xB7, 0x03, 0x94, 0xBB, 0x8F,
    0x6E, 0x07, 0x22, 0xFC, 0x98, 0x7C, 0xF3, 0x16, 0x20, 0x34, 0xA7, 0x47, 0x4F, 0xCD, 0x62, 0x84,
    0xFB, 0x83, 0xE4, 0xC9, 0xE5, 0x81, 0x15, 0xF4, 0x28, 0x67, 0xC6, 0x17, 0xCC, 0x3A, 0x3A, 0x2F,
    0xD3, 0xF3, 0x90, 0x74, 0x11, 0x62, 0xAF, 0xA5, 0xDF, 0x62, 0x66, 0x75, 0x9C, 0x45, 0xAF, 0xE2,
    0xB5, 0x57, 0x4D, 0xCE, 0xED, 0x6D, 0xD4, 0x6C, 0xC1, 0x0A, 0xB2, 0xDF, 0xFE, 0x80, 0x3D, 0x3B,
    0xAE, 0x78, 0x8B, 0xA7, 0xA6, 0xB0, 0xA9, 0xE2, 0x7B, 0x2F, 0xB0, 0x67, 0x72, 0x39, 0xF1, 0xCB,
    0x5F, 0xD2, 0x09, 0xA9, 0xF4, 0x9A, 0x92, 0xEA, 0xE7, 0x4F, 0x68, 0x72, 0x8C, 0x3F, 0x17, 0xF1,
    0x2A, 0x4D, 0x72, 0x79, 0x35, 0x91, 0xBC, 0x1E, 0xF8, 0xE5, 0x93, 0x78, 0x35, 0xF8, 0x25, 0x2F,
    0xF4, 0xF6, 0xEB, 0x81, 0x5F, 0x3C, 0xA3, 0x3B, 0x80, 0x7F, 0x0D, 0x3D, 0x78, 0x88, 0x60, 0xC9,
    0x8E, 0xC1, 0xA7, 0x06, 0x5B, 0x3C, 0x55, 0xF0, 0xEF, 0x93, 0x0B, 0x3A, 0x8A, 0xAE, 0x94, 0xFC,
    0xE9, 0xE0, 0x71, 0x3F, 0x3D, 0xBD, 0xD0, 0xE1, 0xF6, 0x41, 0x90, 0x9E, 0x12, 0x37, 0x42, 0x47,
    0x2F, 0x65, 0x27, 0xA9, 0x4A, 0x2F, 0xB0, 0x8B, 0x6D, 0x96, 0x05, 0x76, 0xD5, 0x00, 0x1D, 0xCF,
    0xB2, 0xC6, 0xB0, 0xFC, 0x4B, 0x59, 0x24, 0x99, 0x3B, 0x1B, 0x5D, 0xD7, 0x1B, 0xF8, 0xAF, 0x16,
    0x0F, 0xD9, 0x04, 0x1B, 0x26, 0x24, 0x7A, 0x44, 0x27, 0xF4, 0xC4, 0x84, 0x29, 0x45, 0x34, 0xA1,
    0x53, 0x13, 0x2A, 0x51, 0x5D, 0xBA, 0x2C, 0xA8, 0x16, 0xD7, 0xC9, 0xA8, 0x10, 0x58, 0x9D, 0xD2,
    0x61, 0xD1, 0x7B, 0x30, 0xF2, 0xFC, 0x23, 0xDF, 0x2F, 0x99, 0x09, 0x51, 0x31, 0x93, 0xF7, 0x52,
    0x02, 0x1A, 0xE1, 0x0F, 0x52, 0x97, 0x0A, 0xBC, 0xC0, 0xA7, 0x50, 0xFA, 0xD2, 0x9A, 0x44, 0x2F,
    0x56, 0x9C, 0xDD, 0xEF, 0xB7, 0x5F, 0x56, 0x73, 0x32, 0xEF, 0xB7, 0x5F, 0xA8, 0xDA, 0x7A, 0x4E,
    0x5B, 0xBB, 0x37, 0xDB, 0xFD, 0x4D, 0xEB, 0x05, 0x55, 0xE4, 0xC6, 0xF0, 0x71, 0x23, 0xFD, 0xF3,
    0xDA, 0xE6, 0x65, 0x5A, 0xEA, 0x1D, 0x0D, 0x57, 0x0B, 0x3D, 0xFB, 0x75, 0x39, 0xA3, 0x3A, 0xD1,
    0x4A, 0xE2, 0x68, 0x4F, 0x1E, 0xCA, 0xD9, 0x64, 0x83, 0xF6, 0x53, 0x5D, 0xC3, 0x27, 0x5F, 0xD3,
    0xEA, 0x9B, 0x68, 0x1C, 0xAF, 0xED, 0xCC, 0xF6, 0xAF, 0xED, 0xE2, 0x80, 0x6B, 0x9B, 0xB5, 0x01,
    0x38, 0x61, 0xAB, 0x67, 0xC4, 0x96, 0xBD, 0x7E, 0xFD, 0x6B, 0xC6, 0x77, 0x82, 0x38, 0xB6, 0xB3,
    0xC9, 0x30, 0x97, 0x36, 0x78, 0x09, 0xFB, 0xE6, 0x53, 0xE6, 0xEE, 0x60, 0xE1, 0x80, 0x40, 0xB8,
    0x78, 0xB2, 0x78, 0x95, 0x6E, 0x75, 0x59, 0x41, 0xD7, 0x7D, 0xD5, 0x7E, 0x30, 0x3D, 0x68, 0xCF,
    0x77, 0x5C, 0x21, 0xCD, 0x71, 0xA0, 0xE6, 0x5E, 0x3B, 0x26, 0x7B, 0x01, 0xD3, 0x0A, 0x4C, 0xBF,
    0x60, 0x2D, 0x59, 0x16, 0x13, 0xA2, 0x2B, 0xAE, 0xF3, 0x2A, 0xDF, 0x62, 0x60, 0x81, 0x0D, 0xFD,
    0x49, 0xE0, 0xDE, 0x35, 0xE9, 0x59, 0xAC, 0x7E, 0xD3, 0x01, 0x1A, 0xB3, 0xBD, 0xEE, 0xCE, 0xC6,
    0x37, 0x3F, 0xF8, 0x1D, 0x22, 0x07, 0x6F, 0x18, 0xCE, 0xD4, 0xF4, 0xCA, 0xAE, 0x89, 0x67, 0x3F,
    0x11, 0xCF, 0xC3, 0xD9, 0xBF, 0xB9, 0xFE, 0x13, 0x1D, 0xBB, 0x48, 0xF3, 0x93, 0x13, 0xBB, 0x4C,
    0x0D, 0x38, 0x6E, 0x24, 0xDA, 0x38, 0xF3, 0x9D, 0x95, 0xB0, 0x4C, 0x9A, 0x04, 0x5F, 0x5F, 0x9E,
    0xA4, 0x33, 0x32, 0x55, 0x3F, 0xFF, 0x77, 0xEB, 0xEB, 0x5B, 0x59, 0x16, 0x2F, 0x13, 0xB3, 0x5C,
    0xD7, 0x10, 0xDE, 0x4D, 0xE8, 0x5E, 0xB0, 0x83, 0x37, 0xF0, 0xC7, 0x77, 0xB1, 0x13, 0x01, 0x31,
    0x3A, 0xCC, 0xF8, 0x9F, 0x04, 0x5E, 0xAA, 0xC4, 0x06, 0x54, 0x0D, 0x36, 0x80, 0x01, 0xC2, 0x12,
    0x5E, 0x74, 0x57, 0xD4, 0x56, 0x47, 0xB9, 0xD4, 0xFF, 0x28, 0xD4, 0x14, 0x2C, 0x33, 0x91, 0x5E,
    0x47, 0xEB, 0xE5, 0x88, 0xA9, 0x32, 0x47, 0xDC, 0x36, 0xAE, 0x18, 0xC7, 0x75, 0xA4, 0x26, 0x75,
    0x25, 0xD9, 0x95, 0x31, 0xFF, 0x9A, 0x3D, 0x37, 0x72, 0xF6, 0xF9, 0x1E, 0x3B, 0x64, 0xB3, 0x99,
    0x25, 0x9B, 0x58, 0xAE, 0x23, 0xB3, 0xA4, 0xB6, 0xA7, 0x0B, 0x6A, 0xBB, 0x9C, 0x41, 0x47, 0x4B,
    0x6A, 0xBB, 0x98, 0xF5, 0x5F, 0x57, 0x2B, 0x11, 0x9B, 0x63, 0x61, 0x9B, 0xB7, 0xC8, 0x02, 0x15,
    0x16, 0x47, 0xF8, 0xE6, 0xF5, 0xC0, 0x36, 0xAD, 0xD7, 0x15, 0xDF, 0x02, 0x16, 0x94, 0x47, 0x94,
    0xA7, 0xF4, 0xC4, 0x59, 0xB1, 0x6D, 0x02, 0xAE, 0xC3, 0x85, 0x25, 0x3B, 0x7A, 0x6A, 0x92, 0x0B,
    0x9D, 0x9E, 0xC3, 0x06, 0x6C, 0x79, 0x3A, 0x0C, 0x90, 0x84, 0x48, 0xFC, 0x0D, 0x99, 0x1C, 0xD8,
    0xF4, 0xF1, 0x29, 0xD1, 0xD9, 0xC0, 0x1E, 0x8B, 0xED, 0x5C, 0xB0, 0x4C, 0x92, 0x8B, 0xC8, 0xC6,
    0xCC, 0x28, 0x3E, 0x72, 0xF7, 0x26, 0x6E, 0x56, 0xD0, 0x38, 0xA3, 0xF2, 0x10, 0x7E, 0x4C, 0x2B,
    0xA6, 0xC1, 0x33, 0x59, 0x24, 0xB9, 0x3D, 0x5B, 0x98, 0xF7, 0xD6, 0xB6, 0x4F, 0x28, 0xC9, 0xA8,
    0x1C, 0x1E, 0xCD, 0x38, 0xB6, 0x67, 0xE5, 0xAC, 0xBD, 0x1F, 0x04, 0x41, 0xD8, 0x78, 0xC1, 0x3A,
    0xF1, 0x6A, 0xA3, 0x20, 0x6A, 0x88, 0x97, 0x72, 0x2D, 0x3E, 0x78, 0xF4, 0xF8, 0x44, 0x0C, 0xAE,
    0x34, 0x56, 0x1A, 0x65, 0xA1, 0x51, 0x07, 0x56, 0x4D, 0x9F, 0x39, 0x7E, 0x17, 0x14, 0xCA, 0x39,
    0xB8, 0xFD, 0x02, 0x0A, 0x97, 0xC2, 0x0D, 0x9A, 0xAC, 0x90, 0x79, 0xEF, 0x73, 0x73, 0xCC, 0x72,
    0xF4, 0x58, 0xCE, 0x8B, 0xF2, 0x3B, 0x83, 0x63, 0x99, 0x70, 0x1F, 0x4E, 0xE7, 0x34, 0xCC, 0x84,
    0xF6, 0x6A, 0x03, 0x01, 0xAC, 0x47, 0x67, 0x85, 0xCD, 0xB9, 0x49, 0x06, 0xB9, 0x34, 0x97, 0x56,
    0x5E, 0xA1, 0x13, 0x76, 0x24, 0xE2, 0x3B, 0xC1, 0x09, 0x2A, 0x15, 0xC3, 0x4D, 0x70, 0x5E, 0x69,
    0x05, 0xAD, 0x26, 0x09, 0xE6, 0x80, 0x97, 0x1A, 0x77, 0x7A, 0x62, 0xDB, 0xB5, 0x81, 0xD0, 0x26,
    0xC8, 0xD8, 0xDD, 0xDA, 0xB5, 0x3A, 0x51, 0x5B, 0x37, 0xB5, 0xEB, 0x0E, 0x26, 0xD7, 0x2B, 0x7C,
    0xE2, 0x30, 0x88, 0x4E, 0xCE, 0xDD, 0x33, 0x8D, 0x62, 0x3F, 0xAA, 0xF1, 0x91, 0x75, 0x99, 0xC7,
    0xC6, 0xDF, 0x00, 0x4E, 0x3E, 0xDD, 0x0C, 0x8C, 0x59, 0x30, 0x6D, 0x3E, 0xF9, 0xF7, 0xDF, 0x4E,
    0x0B, 0x4A, 0xAF, 0x69, 0x04, 0xA6, 0xEE, 0x07, 0x88, 0xD0, 0x98, 0x5E, 0x40, 0x64, 0x69, 0xD6,
    0x2A, 0x88, 0x2E, 0xCD, 0x5A, 0xC1, 0x42, 0x4D, 0x79, 0x57, 0x0D, 0xD5, 0x42, 0xA7, 0x70, 0x93,
    0x18, 0x1C, 0x59, 0x7F, 0x11, 0x75, 0x1C, 0xB1, 0xEC, 0x06, 0x60, 0x9B, 0x7A, 0x3E, 0x9C, 0x90,
    0xF0, 0x7D, 0x38, 0xCA, 0x81, 0x9B, 0xCC, 0x6A, 0x61, 0xE7, 0x1D, 0x93, 0xA0, 0x7D, 0x57, 0xB4,
    0xE2, 0xD1, 0x5E, 0xA4, 0xDD, 0x4D, 0x68, 0x79, 0x2E, 0xEB, 0x9E, 0xBE, 0x8F, 0x1C, 0x59, 0x8B,
    0xAB, 0x1B, 0x80, 0xF5, 0xD9, 0x77, 0xFC, 0xCB, 0x28, 0xCA, 0x23, 0x27, 0x21, 0x90, 0x45, 0xA3,
    0xBD, 0x95, 0x51, 0x26, 0x6E, 0x80, 0x18, 0xA8, 0x15, 0x73, 0x4F, 0x1F, 0xDF, 0x59, 0x0D, 0x38,
    0x3D, 0x7A, 0x67, 0xBC, 0x7F, 0x13, 0x7A, 0xB7, 0x19, 0xE4, 0xB3, 0xA5, 0x41, 0x7E, 0xBD, 0x9A,
    0xD0, 0x1D, 0xB7, 0x4C, 0x77, 0xAE, 0xF3, 0x67, 0x76, 0x93, 0xEF, 0x85, 0xA7, 0x73, 0x8A, 0xB2,
    0x7F, 0xEA, 0x55, 0x57, 0x52, 0xAF, 0xC3, 0xA0, 0x0D, 0xAC, 0x03, 0x9B, 0xC0, 0x1C, 0xC0, 0x8F,
    0x37, 0xD0, 0xC3, 0x21, 0xD2, 0x3C, 0xC7, 0x6A, 0xF5, 0xC0, 0x45, 0x65, 0xCB, 0x54, 0x6E, 0xF6,
    0x70, 0x67, 0xF5, 0xC9, 0xF8, 0x57, 0x7B, 0xEF, 0xFC, 0xD5, 0xE8, 0x49, 0x56, 0x1A, 0x34, 0x5D,
    0x26, 0x25, 0x9C, 0x93, 0xE2, 0x4A, 0x9A, 0x78, 0x0D, 0xED, 0xE5, 0x72, 0x4A, 0xB8, 0x93, 0x8A,
    0xA3, 0xD2, 0x25, 0x7F, 0x89, 0xBF, 0x7C, 0x0D, 0xF0, 0x97, 0x33, 0x17, 0xF3, 0xD2, 0x23, 0x55,
    0xCE, 0x4E, 0x1E, 0x64, 0xF0, 0xFC, 0x4E, 0x12, 0xD1, 0x62, 0xDE, 0x62, 0x54, 0x26, 0x66, 0x54,
    0xB3, 0x3C, 0x8C, 0x25, 0x37, 0xCA, 0xF3, 0x26, 0x1C, 0x7E, 0xE4, 0xE8, 0x3B, 0x00, 0xF1, 0x0C,
    0xCD, 0x1B, 0x2F, 0x07, 0xB2, 0x9C, 0x6B, 0xEE, 0x00, 0xA4, 0x9A, 0x69, 0x5E, 0x0E, 0x64, 0xFD,
    0xE9, 0xF9, 0x92, 0x97, 0x5A, 0x7C, 0xE9, 0xAA, 0x89, 0x34, 0xA5, 0x53, 0x3A, 0xB5, 0xA7, 0xB6,
    0x6D, 0x03, 0x27, 0xDC, 0x35, 0xB6, 0x37, 0xF0, 0xC2, 0x77, 0x5B, 0xEC, 0xEE, 0x0E, 0x48, 0x93,
    0x0E, 0x16, 0x82, 0x49, 0x74, 0x46, 0x8F, 0x4E, 0x3D, 0x9B, 0x9F, 0x2C, 0x08, 0x77, 0xB6, 0x3A,
    0x9B, 0xE4, 0x91, 0x89, 0xE1, 0x81, 0x39, 0x9E, 0xB3, 0x02, 0xE7, 0x0B, 0x01, 0xA7, 0x12, 0xDD,
    0x2B, 0xF9, 0xE9, 0x4A, 0x74, 0xEF, 0x05, 0xCD, 0x48, 0x10, 0x23, 0xB4, 0x81, 0x3A, 0x14, 0xFB,
    0x36, 0xB2, 0xE9, 0x73, 0x56, 0xCB, 0x8D, 0xD1, 0x64, 0x37, 0xCA, 0x13, 0xF7, 0x36, 0x0A, 0xAC,
    0x1E, 0x16, 0xEC, 0x88, 0x9C, 0xDC, 0x91, 0x5A, 0xD9, 0x36, 0x02, 0x36, 0x21, 0x1B, 0xA6, 0x05,
    0xE6, 0x64, 0x03, 0x1C, 0xC3, 0x86, 0x36, 0xE0, 0x07, 0xB0, 0x3D, 0x1B, 0x88, 0x80, 0x19, 0x6B,
    0xC3, 0x66, 0xC0, 0x07, 0x66, 0x9A, 0xC5, 0x92, 0x04, 0x91, 0x49, 0x1D, 0x5A, 0x5D, 0x1D, 0xAC,
    0x18, 0x3E, 0xB0, 0xB0, 0x0A, 0x31, 0xC4, 0x41, 0x7A, 0x76, 0xF1, 0xF0, 0x29, 0xCD, 0x49, 0x65,
    0x7C, 0xBF, 0xC9, 0x8E, 0xB9, 0x3E, 0xD3, 0x36, 0xB6, 0x71, 0x18, 0x07, 0x41, 0x20, 0x86, 0x83,
    0xD1, 0xCC, 0xF4, 0x32, 0x1B, 0x15, 0xBE, 0x5A, 0xDE, 0x00, 0x0C, 0xB8, 0x85, 0x78, 0x45, 0xAE,
    0x09, 0x2B, 0xAE, 0xF2, 0x2E, 0xCD, 0x0A, 0x9A, 0xE6, 0x80, 0x32, 0x5C, 0x55, 0x16, 0x8F, 0xFF,
    0x1E, 0x02, 0xEF, 0xEA, 0x15, 0x13, 0xD8, 0x85, 0x4A, 0xAD, 0x32, 0xB7, 0xAD, 0x2D, 0x4E, 0xA4,
    0x67, 0x8F, 0x9E, 0x5C, 0xBE, 0x73, 0x5B, 0x68, 0x03, 0xF8, 0x64, 0xBF, 0x58, 0xFB, 0x4B, 0x1B,
    0xDF, 0x28, 0x4C, 0xD8, 0x3A, 0x3E, 0xD0, 0x8A, 0xE5, 0x5C, 0x4B, 0x17, 0x22, 0x35, 0x96, 0x17,
    0x02, 0x51, 0x16, 0xE3, 0xE9, 0xC8, 0x88, 0x79, 0x80, 0xA4, 0xAD, 0x58, 0x36, 0xD3, 0x72, 0xBC,
    0x87, 0x7E, 0x73, 0xC6, 0xDD, 0x66, 0x1C, 0x0D, 0x9E, 0x98, 0x5C, 0x4E, 0x84, 0x5D, 0x6F, 0x6F,
    0xB2, 0x53, 0xDA, 0x17, 0x83, 0x0C, 0xA8, 0x95, 0x80, 0xD6, 0x4C, 0x7C, 0x82, 0xD9, 0x6F, 0xF8,
    0x5F, 0xE6, 0x01, 0x77, 0xF1, 0x89, 0x9D, 0xFD, 0xCD, 0x60, 0x67, 0x1E, 0xAC, 0x7D, 0x19, 0x1F,
    0xC7, 0xB3, 0xFD, 0xEE, 0xCE, 0xF4, 0x78, 0x6D, 0xB0, 0x7F, 0x2C, 0x67, 0xFB, 0xD1, 0x8E, 0x5D,
    0x5F, 0xD3, 0xD9, 0x31, 0x9B, 0x69, 0x04, 0x40, 0x0C, 0x58, 0x48, 0x54, 0xD8, 0x2E, 0x74, 0x73,
    0x21, 0xDE, 0x00, 0xDE, 0xB1, 0x69, 0x11, 0xD1, 0xD0, 0x9D, 0xE6, 0x61, 0x5F, 0x44, 0xDB, 0x13,
    0xBB, 0x91, 0x5D, 0x2F, 0x84, 0x10, 0x8B, 0xCA, 0x3D, 0x34, 0x01, 0x88, 0x98, 0xEF, 0x23, 0x7B,
    0x2D, 0x15, 0xE1, 0xEA, 0xC4, 0x6D, 0xDD, 0x64, 0x6C, 0x98, 0x27, 0xBB, 0x03, 0xFD, 0x72, 0x7B,
    0x5B, 0xC9, 0x8F, 0xC4, 0x2F, 0x48, 0x54, 0xB5, 0xEA, 0xC7, 0x5F, 0x97, 0xC1, 0xF4, 0xFE, 0x97,
    0xF6, 0x36, 0x7D, 0x76, 0x68, 0x23, 0x1D, 0xDD, 0xDD, 0x12, 0x54, 0xB1, 0xE8, 0x37, 0x2B, 0x93,
    0x2B, 0x4A, 0xF8, 0xA7, 0xEC, 0x80, 0x7F, 0x29, 0x1A, 0xB8, 0xA3, 0xCF, 0x55, 0x34, 0xCA, 0xC1,
    0xDE, 0x5A, 0x9D, 0x7D, 0xD9, 0x30, 0x37, 0xD1, 0x45, 0x66, 0x17, 0xE6, 0xAA, 0xBF, 0xE4, 0x7B,
    0xA2, 0x1D, 0xB4, 0xC0, 0xF4, 0xBB, 0x37, 0xC0, 0xE5, 0x2E, 0x70, 0xA1, 0xCB, 0xC8, 0x92, 0xEE,
    0xA1, 0x92, 0xB4, 0xD4, 0xDB, 0x83, 0x2F, 0x57, 0xA7, 0x37, 0x6A, 0xB8, 0x43, 0xBB, 0x62, 0xA2,
    0xD7, 0x07, 0xBD, 0xD0, 0x32, 0xDE, 0x0E, 0x7A, 0x69, 0x93, 0x7B, 0x5D, 0xD0, 0x95, 0x2D, 0xA6,
    0x73, 0x3B, 0xE8, 0x68, 0x50, 0x44, 0x4F, 0x46, 0xBF, 0x17, 0x58, 0xA3, 0xC7, 0x44, 0xE7, 0x7C,
    0x3F, 0x9C, 0x4E, 0x8A, 0xC8, 0x36, 0x2E, 0x35, 0xE2, 0xFF, 0x11, 0xE7, 0xFA, 0x81, 0x69, 0x18,
    0xDC, 0xDD, 0x4B, 0xD3, 0xAB, 0xC6, 0xDF, 0xFA, 0x97, 0x7B, 0x67, 0x5F, 0x28, 0xBC, 0xD4, 0xB9,
    0x6B, 0x09, 0xF9, 0xED, 0x25, 0x99, 0x79, 0x4D, 0xC8, 0x6F, 0xC0, 0x36, 0x99, 0x7E, 0x39, 0x64,
    0x48, 0xE7, 0x73, 0x95, 0x7E, 0xBC, 0xDD, 0x3E, 0x47, 0x64, 0xE1, 0x13, 0x73, 0x59, 0x72, 0x72,
    0x4A, 0x74, 0xD4, 0x0C, 0xDE, 0x73, 0xB1, 0x60, 0x87, 0x54, 0x10, 0xD1, 0x0E, 0x94, 0xE2, 0x03,
    0x73, 0x94, 0x04, 0x44, 0x67, 0x39, 0x09, 0x66, 0x6E, 0xD3, 0x74, 0x0D, 0x9E, 0x8E, 0x8A, 0x6B,
    0x9A, 0xAE, 0xA8, 0xE5, 0x95, 0xC5, 0xAA, 0x67, 0x7B, 0x36, 0x9E, 0x16, 0xD3, 0xC2, 0xC6, 0xB6,
    0xE7, 0x7A, 0x3F, 0xCF, 0x92, 0x2C, 0xDA, 0x47, 0xFC, 0x9E, 0x52, 0x2A, 0x75, 0x89, 0x95, 0x08,
    0x94, 0x1F, 0xA3, 0xAF, 0xAB, 0xFA, 0x5B, 0x35, 0x05, 0xB7, 0xC1, 0x1D, 0x74, 0x73, 0xAB, 0x66,
    0xB3, 0x22, 0xA7, 0x1C, 0x7D, 0x9E, 0x35, 0xED, 0xD9, 0x70, 0xA7, 0xBD, 0x6A, 0x4F, 0xCA, 0xFA,
    0x2E, 0x31, 0xE7, 0x83, 0xDD, 0x20, 0xAC, 0xE4, 0x99, 0x52, 0xC8, 0x91, 0x73, 0xE4, 0xF0, 0xA0,
    0xC1, 0x11, 0x20, 0x44, 0x0C, 0x85, 0x92, 0x48, 0x8D, 0x87, 0x22, 0xF4, 0x3C, 0x5C, 0xA2, 0x53,
    0x7D, 0xCE, 0x0E, 0xF9, 0xAE, 0x90, 0xDE, 0x6F, 0xFC, 0x56, 0xC7, 0xCF, 0x0F, 0xAF, 0xA9, 0xFC,
    0xDA, 0xE5, 0x16, 0x42, 0x6A, 0x6E, 0x60, 0x70, 0x83, 0xA7, 0x5A, 0xD3, 0xBF, 0xBD, 0x5B, 0xDC,
    0xD6, 0x70, 0x37, 0x19, 0xFB, 0xE8, 0x9A, 0x8C, 0x6D, 0xB8, 0x61, 0x06, 0x19, 0xDA, 0xA8, 0xE3,
    0x76, 0x71, 0xDB, 0x5E, 0x6A, 0x8C, 0x2F, 0x87, 0x2F, 0x24, 0x3D, 0xA4, 0xC4, 0xA3, 0xB8, 0x54,
    0x95, 0x38, 0xE6, 0x78, 0xC6, 0x32, 0xF4, 0xA0, 0xE0, 0x60, 0x99, 0xF1, 0x43, 0x6E, 0xC5, 0xAE,
    0x4E, 0x4F, 0x69, 0x44, 0x70, 0x08, 0xED, 0x62, 0x62, 0x8C, 0x9E, 0xD0, 0x09, 0xC1, 0xC9, 0x85,
    0xBF, 0xB9, 0x49, 0xF4, 0x7A, 0xC5, 0x92, 0x98, 0x94, 0x7F, 0xFD, 0x21, 0x8D, 0x73, 0x01, 0x3F,
    0x15, 0xBF, 0x54, 0xB9, 0x55, 0x20, 0x7D, 0x4A, 0x86, 0x2E, 0x4A, 0x78, 0xE7, 0xC2, 0xB0, 0x63,
    0x6E, 0xF8, 0x1E, 0xD7, 0x41, 0x2C, 0xD0, 0x56, 0x02, 0xCA, 0x56, 0x7E, 0x42, 0x62, 0xA0, 0xE3,
    0x40, 0x40, 0xC5, 0x01, 0xAC, 0x0B, 0xF9, 0xC0, 0xC4, 0x42, 0x40, 0x85, 0x21, 0xA6, 0x59, 0x8F,
    0x91, 0x25, 0x22, 0x46, 0x59, 0x01, 0xC8, 0x02, 0x20, 0x87, 0x40, 0x6A, 0xFC, 0x48, 0xA6, 0x01,
    0x08, 0x00, 0xAE, 0x01, 0x8B, 0x1F, 0xC3, 0x34, 0x2C, 0xBC, 0x2A, 0x5E, 0xF7, 0xD5, 0xAD, 0x2C,
    0xC7, 0x77, 0x79, 0x75, 0x4D, 0x1D, 0x36, 0xB8, 0x9E, 0xC5, 0x22, 0x53, 0xB1, 0xCC, 0x36, 0x78,
    0x3E, 0xCB, 0xC0, 0x8A, 0xC2, 0xF2, 0x1C, 0xB0, 0x27, 0x03, 0xDA, 0xA5, 0xF6, 0x7A, 0xA5, 0x0C,
    0xC8, 0xA4, 0x4D, 0x74, 0xC1, 0x33, 0x2F, 0xC6, 0x1F, 0x8B, 0xB8, 0x3D, 0x9D, 0x3D, 0x94, 0x59,
    0x62, 0xF2, 0x85, 0x5E, 0x12, 0x08, 0xAA, 0xF7, 0xBD, 0x71, 0x37, 0x7D, 0xD3, 0xC2, 0x6E, 0x7A,
    0x83, 0xBE, 0x69, 0xE9, 0x95, 0xB0, 0x85, 0x14, 0x6B, 0x3A, 0xBC, 0x74, 0xD4, 0x55, 0xD8, 0xC2,
    0xFA, 0x92, 0x11, 0xF2, 0xF3, 0x1D, 0xDF, 0x29, 0xE7, 0xBB, 0x91, 0x21, 0x4B, 0x99, 0x0A, 0xFD,
    0x0B, 0xEE, 0xBB, 0x4C, 0x71, 0xAD, 0x1A, 0x82, 0xB9, 0x34, 0xF8, 0xF8, 0x28, 0xDA, 0x36, 0xFD,
    0x64, 0x4E, 0xA3, 0xFF, 0x1C, 0x8B, 0xE4, 0x84, 0x66, 0xAE, 0x2F, 0xC7, 0x74, 0x41, 0x21, 0x00,
    0xEB, 0x33, 0x33, 0x3E, 0xFF, 0x23, 0xE6, 0x3D, 0xC4, 0x1E, 0x40, 0x58, 0x81, 0x83, 0x1C, 0x8E,
    0x28, 0xDD, 0xA5, 0xC2, 0xBA, 0x0D, 0xB1, 0x6D, 0xE2, 0x20, 0xA5, 0x73, 0xA2, 0x5C, 0xF1, 0x81,
    0x0E, 0x9B, 0xB5, 0x69, 0xB6, 0x49, 0xF4, 0x70, 0x9E, 0xC5, 0xC1, 0x73, 0x0F, 0xFB, 0xED, 0x24,
    0x4F, 0x8A, 0xF2, 0x61, 0xCB, 0x3D, 0xF9, 0x9D, 0x2C, 0x44, 0x22, 0xA2, 0xA1, 0x9C, 0x0C, 0x67,
    0x83, 0xB3, 0xED, 0xC7, 0xA3, 0x43, 0x33, 0x37, 0xA7, 0xA7, 0xA7, 0xE4, 0xC8, 0xFD, 0x89, 0x01,
    0xAC, 0x40, 0x03, 0xF6, 0x36, 0x4B, 0xF4, 0x4A, 0x65, 0x81, 0xC5, 0xF1, 0x6B, 0x70, 0x48, 0xF3,
    0x60, 0xFA, 0xCD, 0x8A, 0x79, 0x39, 0x87, 0x04, 0x30, 0xC7, 0x72, 0xFC, 0x16, 0x9F, 0x00, 0xAF,
    0xE1, 0xFB, 0xC5, 0x6D, 0xD1, 0x98, 0x85, 0x10, 0xB3, 0x22, 0xCD, 0xC3, 0x81, 0xEE, 0x16, 0x54,
    0x24, 0xC2, 0xE6, 0x49, 0x29, 0x02, 0x98, 0xB9, 0x50, 0xF7, 0x06, 0xFB, 0xB7, 0x5B, 0x90, 0x4A,
    0xE9, 0x32, 0xB0, 0xF7, 0x6E, 0xB1, 0x20, 0x81, 0xB9, 0x64, 0x10, 0xB6, 0xCC, 0xED, 0xF6, 0x39,
    0x60, 0x4B, 0xB8, 0x8D, 0x41, 0x1D, 0x58, 0x17, 0x59, 0x3A, 0x1B, 0x94, 0xF2, 0xEB, 0xCF, 0x88,
    0x48, 0x87, 0xB0, 0xDD, 0xC9, 0x6E, 0x96, 0x68, 0x85, 0xCD, 0x70, 0xB6, 0xFF, 0x53, 0x30, 0xAD,
    0x42, 0xC1, 0xCC, 0x0F, 0x76, 0xF3, 0xB5, 0x9D, 0xB9, 0x42, 0xEB, 0x79, 0xFE, 0x50, 0x63, 0x3D,
    0x9D, 0x8D, 0x5F, 0x66, 0x49, 0x40, 0xBF, 0x98, 0x8F, 0x5F, 0x98, 0xAA, 0x2E, 0x1F, 0xC8, 0xEB,
    0x71, 0x8D, 0x8B, 0x0E, 0xB8, 0x4D, 0x7F, 0x78, 0xFD, 0xC1, 0x48, 0x1D, 0xB9, 0x28, 0x6F, 0xCA,
    0x26, 0x3F, 0xC0, 0x09, 0xD2, 0xEB, 0x96, 0x87, 0x63, 0xCC, 0xBD, 0x57, 0x7B, 0x96, 0x25, 0x99,
    0xCC, 0x60, 0xB1, 0xEC, 0x92, 0x2F, 0x7C, 0x97, 0xE4, 0x8B, 0x2E, 0xA9, 0x00, 0xE7, 0xC2, 0x5D,
    0x76, 0xC9, 0x9C, 0x1D, 0x79, 0x2D, 0xDD, 0x1D, 0x94, 0x76, 0xE7, 0x2B, 0xE3, 0xB2, 0xF3, 0x6A,
    0x67, 0x39, 0xB5, 0xA5, 0x17, 0x18, 0x83, 0xE5, 0x0E, 0x9E, 0x3C, 0x06, 0xAA, 0x65, 0x20, 0x6D,
    0x79, 0xCF, 0xD9, 0xE0, 0xA0, 0x82, 0xA0, 0x8F, 0xC5, 0xA3, 0x9C, 0x66, 0x14, 0x84, 0x71, 0xCF,
    0xCE, 0x06, 0x07, 0x22, 0x6E, 0xDA, 0x18, 0xFD, 0x74, 0x3E, 0x7E, 0x41, 0xF3, 0xB7, 0xA6, 0xBD,
    0x95, 0xF8, 0xA7, 0x77, 0x65, 0x89, 0x37, 0x45, 0xBC, 0xB6, 0xFD, 0xCB, 0x9B, 0x38, 0x35, 0x40,
    0xEA, 0x44, 0xCF, 0xD8, 0x2F, 0x80, 0xBB, 0x69, 0x61, 0x80, 0x2C, 0x1A, 0x7F, 0xD1, 0xBA, 0x89,
    0x17, 0xBE, 0x8B, 0x1E, 0xB0, 0xF2, 0x23, 0x66, 0xBA, 0x86, 0x1B, 0x34, 0x81, 0x2A, 0x60, 0xE5,
    0x07, 0x77, 0x50, 0xE1, 0x81, 0x3F, 0x03, 0xF5, 0x43, 0xE7, 0xF0, 0x30, 0x6C, 0xC4, 0x31, 0xA4,
    0xA6, 0x61, 0x89, 0x90, 0x5B, 0xD3, 0x15, 0x97, 0xDE, 0xE3, 0x26, 0x62, 0x45, 0xF2, 0x55, 0x36,
    0xE7, 0x46, 0x22, 0x86, 0x15, 0xDA, 0xFB, 0x2F, 0x8B, 0x2C, 0xC2, 0x7B, 0x15, 0xFF, 0x97, 0xF5,
    0x03, 0x2F, 0xE2, 0xCB, 0xC3, 0xA7, 0x67, 0xBF, 0x56, 0x65, 0xB1, 0xD7, 0x8C, 0x76, 0xA7, 0xEE,
    0xED, 0x4B, 0x49, 0xE4, 0x6E, 0x56, 0xC1, 0x79, 0xB9, 0x37, 0x01, 0xEE, 0x60, 0x15, 0xEC, 0xEE,
    0xA8, 0xD5, 0x23, 0xD3, 0xEE, 0x6F, 0xCE, 0xBD, 0x55, 0x8F, 0x8A, 0xC9, 0xF7, 0xFD, 0xF6, 0xCF,
    0xFE, 0xBE, 0xF2, 0x75, 0x3C, 0xFF, 0xC2, 0xC6, 0x17, 0xB4, 0x7E, 0x72, 0x80, 0x7B, 0x9B, 0x3F,
    0x3D, 0xFE, 0x66, 0xDE, 0x5F, 0x0F, 0x37, 0x4B, 0xC1, 0xB5, 0xF5, 0x41, 0xFF, 0xD8, 0xBE, 0x7F,
    0xD0, 0xFD, 0xEA, 0x9B, 0x6A, 0xB7, 0xF9, 0xD9, 0x1F, 0x7E, 0xF6, 0xF7, 0x1F, 0x6C, 0x7E, 0xBF,
    0xF0, 0x32, 0xBE, 0xF7, 0xD5, 0x61, 0x6E, 0x7C, 0x4D, 0xD8, 0x86, 0x80, 0x89, 0x6B, 0xCC, 0xB4,
    0x7C, 0x77, 0xD6, 0xB9, 0xEE, 0x84, 0x1C, 0x1D, 0xA0, 0x86, 0x06, 0x14, 0x0C, 0x47, 0x70, 0xBD,
    0xD0, 0x61, 0xD7, 0x0B, 0xE8, 0xA6, 0x05, 0x36, 0x3F, 0xB5, 0x44, 0xD9, 0xD6, 0x7A, 0x03, 0x44,
    0x48, 0x09, 0xEC, 0xBF, 0xFC, 0xF5, 0xA7, 0xBF, 0xD3, 0x74, 0x3E, 0x09, 0xDF, 0x43, 0x42, 0xF4,
    0xD4, 0x99, 0x40, 0x68, 0x3B, 0x4F, 0xFF, 0xCB, 0xF7, 0xAE, 0x17, 0x00, 0x6F, 0x3F, 0xA4, 0x27,
    0xF3, 0xF4, 0x2B, 0xF3, 0xCE, 0x2F, 0x56, 0xE9, 0xD1, 0x59, 0x78, 0x0F, 0x8D, 0xCF, 0x8B, 0xD3,
    0x01, 0x10, 0xCB, 0x51, 0x2E, 0x47, 0xA7, 0x94, 0x65, 0x2D, 0xA4, 0x9F, 0x7E, 0xD4, 0x2E, 0xE6,
    0x93, 0xB8, 0x1D, 0xE3, 0x77, 0xA7, 0xF3, 0xFF, 0x63, 0x04, 0x84, 0x74, 0x38, 0x1E, 0x69, 0x36,
    0x76, 0xE7, 0x45, 0x0B, 0xF8, 0x67, 0xA3, 0xC9, 0x44, 0x7C, 0xBD, 0xFE, 0xB7, 0xF3, 0x7F, 0xFD,
    0x8E, 0xF9, 0x57, 0xDD, 0xB4, 0xF3, 0xB3, 0xBF, 0xC7, 0xE1, 0xA3, 0x8D, 0xBF, 0xC3, 0xBD, 0xE4,
    0x0F, 0x87, 0xF7, 0xE8, 0xB1, 0x7D, 0xFF, 0xB7, 0x51, 0xEF, 0x13, 0xFD, 0x11, 0xBE, 0xC6, 0xFC,
    0xCC, 0xA5, 0x19, 0x77, 0xB8, 0x5E, 0x4E, 0x0B, 0x2A, 0xB7, 0xC5, 0x3E, 0xD1, 0x3C, 0xA5, 0x32,
    0x15, 0x46, 0xE4, 0x30, 0x9C, 0x38, 0x9D, 0xDA, 0xA6, 0xAD, 0x98, 0x53, 0xB4, 0x89, 0x4E, 0xA8,
    0x00, 0x33, 0x88, 0x57, 0x2F, 0xEE, 0x9D, 0xFC, 0xED, 0xA3, 0xF5, 0xD5, 0x8B, 0x0F, 0xCA, 0xAF,
    0x90, 0xC8, 0xB5, 0xFB, 0x3F, 0xBD, 0x7F, 0xFF, 0xA7, 0xFD, 0xF6, 0x61, 0xFB, 0xEC, 0x30, 0x79,
    0xDC, 0x7E, 0xFA, 0xEF, 0x6A, 0xF5, 0xC7, 0x5F, 0xD6, 0xEA, 0xEF, 0x9C, 0xFF, 0xE1, 0xC9, 0xD9,
    0x4F, 0xF3, 0x6C, 0x5C, 0x5F, 0xA7, 0xF2, 0x4A, 0xDB, 0x5C, 0x3C, 0xCA, 0x0F, 0xEF, 0x7D, 0x73,
    0xD6, 0x3E, 0xBC, 0x77, 0xFE, 0xD5, 0x17, 0x9F, 0x34, 0xFE, 0xD9, 0xA3, 0xF3, 0xD5, 0x83, 0x55,
    0xF3, 0xD3, 0x9F, 0xF6, 0xD7, 0xDB, 0xED, 0x46, 0xE3, 0xFB, 0xDF, 0x9D, 0x8E, 0x77, 0xFF, 0xDD,
    0xD9, 0xED, 0xAE, 0xB7, 0x77, 0x77, 0x99, 0xA5, 0x3C, 0xA2, 0x01, 0x39, 0x6E, 0xD0, 0x83, 0x04,
    0xB3, 0x68, 0x5B, 0x41, 0x20, 0x17, 0xED, 0x72, 0xE3, 0x7A, 0x81, 0x64, 0x23, 0x1B, 0xB7, 0x85,
    0xD8, 0xB6, 0x2E, 0x6B, 0xF6, 0x21, 0x35, 0xC0, 0xB5, 0xBA, 0xEE, 0xD0, 0xFB, 0xD2, 0xFC, 0xA2,
    0xC7, 0x0A, 0x19, 0xB2, 0x64, 0x5F, 0xE2, 0x01, 0xF3, 0xEA, 0x11, 0x7D, 0xB9, 0x9C, 0xEC, 0x16,
    0x17, 0xDD, 0xDB, 0x56, 0x9A, 0xC9, 0x02, 0x9C, 0x34, 0xC8, 0xA2, 0x15, 0x23, 0x0C, 0x20, 0xBC,
    0x06, 0xCD, 0x42, 0x95, 0x07, 0xB2, 0x10, 0x9C, 0x46, 0xC6, 0x66, 0x2A, 0x96, 0x61, 0xC0, 0x26,
    0x5C, 0x6F, 0x18, 0x1B, 0xDA, 0x38, 0x88, 0x03, 0xF9, 0x1B, 0x4E, 0x87, 0x20, 0x6B, 0xEA, 0x50,
    0x02, 0x31, 0xD7, 0x61, 0xD5, 0xDD, 0x02, 0x8A, 0xEB, 0x98, 0x99, 0x10, 0x44, 0x79, 0x4A, 0xB4,
    0xCF, 0x07, 0x47, 0xCC, 0x14, 0xB0, 0x09, 0x54, 0xA4, 0x63, 0x69, 0x42, 0x69, 0x03, 0xA9, 0x44,
    0x79, 0x81, 0x40, 0x85, 0x24, 0x4B, 0x05, 0x7A, 0x10, 0xFA, 0x6A, 0x47, 0x3A, 0xCD, 0xC5, 0xCC,
    0xF6, 0x02, 0xA1, 0x5F, 0xDC, 0xF9, 0x41, 0xDD, 0xAA, 0xDE, 0xA2, 0x4F, 0x2B, 0x11, 0x67, 0xB0,
    0xD3, 0x8C, 0xDD, 0x7C, 0x90, 0x7B, 0xCD, 0xC2, 0xBC, 0x12, 0x71, 0x7A, 0x4B, 0x11, 0x27, 0x40,
    0x70, 0xE5, 0xF1, 0x2A, 0x9C, 0xD7, 0xC1, 0xD3, 0x80, 0x44, 0xBF, 0x99, 0x7F, 0x9E, 0xCD, 0xCE,
    0x26, 0x73, 0x79, 0x14, 0x65, 0x89, 0x4D, 0x35, 0xB1, 0x9C, 0x67, 0xA2, 0xAE, 0x42, 0x13, 0xE9,
    0x26, 0x50, 0x47, 0x5E, 0xDE, 0xDB, 0x0B, 0x55, 0xEC, 0xEC, 0x74, 0x34, 0xD9, 0x3E, 0xE0, 0x7B,
    0x8B, 0xB9, 0x46, 0xA2, 0x89, 0x18, 0x4E, 0x94, 0x05, 0x73, 0xB9, 0xCA, 0xF2, 0xA5, 0x5F, 0x7E,
    0xCA, 0x5C, 0xAC, 0xD4, 0xB8, 0xBB, 0x04, 0xFC, 0x9C, 0xCF, 0x0B, 0x0D, 0xE9, 0x6A, 0x05, 0xA4,
    0xB4, 0xE7, 0xF4, 0xC8, 0xBD, 0x62, 0x81, 0xE4, 0x25, 0x93, 0xF1, 0xB2, 0x0C, 0x41, 0x8C, 0x6C,
    0x92, 0x0B, 0xAE, 0xAD, 0x0A, 0x03, 0xBE, 0x6D, 0x54, 0x1C, 0x54, 0x4B, 0x1A, 0x9E, 0x1D, 0x8C,
    0x4C, 0xDC, 0x13, 0x0F, 0xE9, 0x82, 0x48, 0xE1, 0x53, 0xFC, 0xC4, 0xB0, 0x7D, 0xB4, 0x6E, 0x65,
    0x5C, 0x54, 0xA3, 0xDE, 0x8B, 0x9B, 0x71, 0x1C, 0xB6, 0xCB, 0x4F, 0xDC, 0x0B, 0x62, 0x25, 0x63,
    0x27, 0x62, 0x2B, 0xFE, 0x37, 0xC3, 0xC9, 0x88, 0x32, 0xC7, 0xB6, 0x3C, 0x53, 0x9E, 0x2F, 0xAF,
    0xB6, 0xE3, 0x32, 0x85, 0x65, 0x7D, 0x15, 0x07, 0xAF, 0x5A, 0xA2, 0xEB, 0x35, 0x42, 0x89, 0x26,
    0x56, 0x88, 0x3C, 0xCA, 0xD6, 0xDC, 0xF9, 0xEC, 0x70, 0x12, 0x7D, 0x99, 0xC4, 0x7D, 0x4B, 0x23,
    0xE2, 0x9E, 0x27, 0xB7, 0x91, 0x89, 0xC3, 0xCE, 0x8A, 0x37, 0x82, 0xDC, 0xED, 0xC1, 0x9A, 0x77,
    0x2B, 0x0F, 0x03, 0x3B, 0xAB, 0x64, 0x61, 0xF2, 0xB2, 0xF0, 0x6A, 0xE5, 0x61, 0xD0, 0xBC, 0xF4,
    0x30, 0xF0, 0xEC, 0xA6, 0xA4, 0x40, 0x84, 0x2F, 0xDD, 0x62, 0xD1, 0x13, 0x99, 0x70, 0xE2, 0xF5,
    0x96, 0x53, 0xDE, 0x65, 0x05, 0xE8, 0x6B, 0x2C, 0xA7, 0xA4, 0xA7, 0x3F, 0xBC, 0x3F, 0x79, 0x01,
    0xDC, 0xED, 0x4B, 0x2E, 0xEF, 0xEC, 0x1D, 0xF7, 0x6A, 0x92, 0xDF, 0x11, 0x76, 0xC5, 0x3C, 0x30,
    0xB3, 0xED, 0xC9, 0x50, 0x04, 0x41, 0x3B, 0x50, 0xA1, 0x5D, 0x60, 0xD3, 0x83, 0x63, 0x46, 0x78,
    0xF9, 0x18, 0x30, 0x08, 0xC1, 0x35, 0x2F, 0x18, 0xB9, 0x94, 0x9A, 0xF1, 0x6C, 0x18, 0xD8, 0xE9,
    0x51, 0xB8, 0xB6, 0x58, 0xDC, 0xB6, 0x32, 0x1A, 0xEF, 0xC5, 0xDD, 0x49, 0x3B, 0xA1, 0x01, 0x99,
    0xC8, 0x41, 0x21, 0x00, 0x80, 0x3B, 0xAF, 0x7C, 0x34, 0x75, 0x1B, 0xDE, 0xBE, 0x55, 0xDD, 0x25,
    0x16, 0x5B, 0xA7, 0xF2, 0x0B, 0xD0, 0x29, 0x0A, 0x56, 0xAD, 0x04, 0x6E, 0xBA, 0x9C, 0x32, 0x72,
    0x2D, 0x2F, 0xF2, 0x6B, 0xB1, 0x50, 0x7F, 0x98, 0xCE, 0xA7, 0x81, 0xB0, 0xB6, 0xFF, 0xEA, 0x5D,
    0x45, 0xD3, 0x9C, 0xE9, 0x7C, 0x32, 0xD8, 0x3E, 0x08, 0x44, 0x1C, 0x87, 0xD6, 0x76, 0x5F, 0x59,
    0x24, 0x9F, 0x0C, 0x04, 0x10, 0xA2, 0x9A, 0x16, 0x0A, 0x44, 0x96, 0xE7, 0xE0, 0xDA, 0xB7, 0xBD,
    0xA2, 0x83, 0xA8, 0xE8, 0x49, 0x18, 0x3D, 0x37, 0x4C, 0x85, 0x21, 0x17, 0xE5, 0xF0, 0x03, 0xB2,
    0x8F, 0x48, 0x0B, 0xCB, 0xB2, 0x45, 0x81, 0x46, 0x94, 0xF7, 0xE5, 0x43, 0x3D, 0xB7, 0xAB, 0x59,
    0xD0, 0xE7, 0xBE, 0x70, 0x4A, 0x79, 0x9A, 0x87, 0x46, 0x20, 0x66, 0x57, 0x13, 0xC9, 0x84, 0xF6,
    0x93, 0x4B, 0xFE, 0xB9, 0x9A, 0x48, 0x84, 0x89, 0x5C, 0x92, 0xF5, 0xDA, 0xAA, 0x69, 0x03, 0x2B,
    0x20, 0x38, 0xF9, 0x0D, 0x02, 0xC2, 0x0A, 0x1B, 0xA8, 0xE6, 0xD6, 0x56, 0x92, 0x45, 0x8E, 0x6B,
    0x13, 0xF1, 0x6D, 0x0A, 0x64, 0x11, 0x6F, 0xB5, 0xA7, 0xE6, 0xC1, 0x0E, 0x8E, 0x63, 0xF6, 0xC4,
    0x0A, 0x42, 0x94, 0x23, 0x75, 0xEC, 0x89, 0x11, 0x33, 0x1D, 0xED, 0xA0, 0x1F, 0xF3, 0x7D, 0xD5,
    0x9C, 0x9E, 0x9E, 0x0D, 0x68, 0xA7, 0x6A, 0x0D, 0xCB, 0xD3, 0x33, 0x3A, 0x14, 0xBD, 0x15, 0xB3,
    0xC9, 0x8E, 0x44, 0x2F, 0xA4, 0x53, 0x1A, 0x53, 0x10, 0xF6, 0x36, 0x46, 0x87, 0x22, 0x5E, 0xB1,
    0x9B, 0xCC, 0xBC, 0x5C, 0xBF, 0xF7, 0x1E, 0x1F, 0x64, 0xE9, 0xC4, 0xC6, 0xFC, 0x51, 0x94, 0x67,
    0xE7, 0x83, 0x4B, 0x69, 0x22, 0x0F, 0xD4, 0x42, 0x9A, 0x48, 0x77, 0x73, 0xF2, 0x2E, 0xFA, 0x01,
    0x1D, 0x16, 0xB6, 0x10, 0xB6, 0xEF, 0x3D, 0x72, 0xFD, 0x93, 0xB8, 0xC6, 0xD4, 0xDB, 0x18, 0x32,
    0x4B, 0x5C, 0x6A, 0xA7, 0xA3, 0xF1, 0xC0, 0xBF, 0x99, 0x61, 0x18, 0xB7, 0x94, 0x9D, 0x8D, 0x0E,
    0x89, 0x68, 0x39, 0x4C, 0xC2, 0x1B, 0xD7, 0x89, 0xAA, 0xCE, 0x7C, 0xD8, 0x8C, 0x4B, 0x33, 0x4D,
    0x1C, 0x6C, 0xE2, 0xDC, 0x89, 0x02, 0xA9, 0x2D, 0x77, 0x73, 0xD5, 0xDC, 0x1C, 0x4C, 0xDA, 0xBD,
    0x8D, 0xB9, 0x08, 0x22, 0x79, 0x46, 0xCA, 0x86, 0x62, 0x60, 0xB7, 0xB8, 0x59, 0x1B, 0xAA, 0x93,
    0x9C, 0x78, 0xC5, 0x83, 0x17, 0xD1, 0xB4, 0x48, 0xE6, 0xFD, 0xCD, 0xE3, 0x74, 0x92, 0xA7, 0x43,
    0x97, 0x8A, 0x6B, 0x66, 0x57, 0x39, 0x2D, 0xA2, 0x59, 0xB1, 0x39, 0xEF, 0xCF, 0xF3, 0x74, 0x92,
    0xA5, 0xC2, 0xA9, 0xCE, 0xA6, 0xD8, 0xFF, 0x7C, 0xB2, 0xD3, 0xEB, 0x0E, 0xB2, 0xC8, 0x90, 0x68,
    0xC7, 0xA7, 0xE3, 0x83, 0x40, 0xF5, 0xA2, 0x8C, 0x26, 0x45, 0xBC, 0x51, 0xC5, 0x5C, 0x10, 0xF1,
    0xEA, 0xE8, 0x20, 0x70, 0x29, 0xCF, 0x42, 0x25, 0xB6, 0x44, 0xC1, 0x69, 0x40, 0x23, 0xDA, 0x78,
    0xBC, 0x7F, 0x72, 0xB4, 0x39, 0xEF, 0x9E, 0x7D, 0x95, 0x65, 0xF9, 0x56, 0x3F, 0x4C, 0x82, 0xF0,
    0x4A, 0x02, 0x20, 0xA2, 0x57, 0xAF, 0x10, 0xF5, 0x1D, 0xE6, 0x3B, 0xEF, 0xB9, 0xFC, 0xAA, 0x65,
    0xA3, 0x37, 0x2D, 0x1D, 0xA8, 0x86, 0xC1, 0x8B, 0xC4, 0xE6, 0x0E, 0x4B, 0x34, 0x19, 0x96, 0x43,
    0x8E, 0xE5, 0xB2, 0x48, 0x8A, 0xEE, 0xAF, 0x26, 0xD1, 0x4E, 0x12, 0xF6, 0xE3, 0x7C, 0x23, 0x9B,
    0x3D, 0x39, 0xEC, 0xEE, 0x2D, 0xAC, 0xBA, 0xF1, 0xC2, 0x51, 0x07, 0xB8, 0x61, 0x2D, 0xE8, 0x8B,
    0x8B, 0x02, 0xAB, 0x2F, 0x8F, 0xD1, 0x72, 0x8D, 0xE4, 0xB2, 0x63, 0x3E, 0x13, 0x6A, 0x93, 0x92,
    0x53, 0x5A, 0xAC, 0x05, 0xEC, 0x8C, 0xB2, 0xB8, 0x1F, 0x44, 0x83, 0xA1, 0x9D, 0xBE, 0x58, 0xA8,
    0x5A, 0xD3, 0x29, 0x3B, 0x3D, 0xB4, 0xD3, 0x1B, 0x76, 0xE4, 0x13, 0xA0, 0x20, 0xAA, 0x5D, 0xEE,
    0xA9, 0x4B, 0x85, 0x25, 0x71, 0x12, 0x54, 0xBD, 0x6E, 0xB1, 0x72, 0x34, 0x22, 0x3F, 0x41, 0x2E,
    0x37, 0x1A, 0xD2, 0x9C, 0xE6, 0x76, 0xD3, 0x6F, 0xD3, 0xF3, 0xB2, 0x3C, 0xE9, 0x2C, 0x89, 0x68,
    0xE6, 0x19, 0x4C, 0x8F, 0x64, 0x44, 0x27, 0x79, 0x24, 0xBC, 0x47, 0xB7, 0x55, 0x22, 0x3A, 0x25,
    0xE9, 0x84, 0xA5, 0x66, 0x3A, 0xCE, 0x02, 0x74, 0xD6, 0xC3, 0xE8, 0x6C, 0x58, 0x28, 0x7B, 0x1C,
    0xAF, 0x4C, 0x16, 0x44, 0x9C, 0x74, 0xAE, 0xA2, 0x5D, 0xA1, 0x4E, 0x8F, 0xE5, 0x13, 0x53, 0x40,
    0x40, 0xFA, 0xA5, 0x8F, 0x65, 0x2B, 0x45, 0xAF, 0x4B, 0xD1, 0xE9, 0xA4, 0xDD, 0x1D, 0xAA, 0x54,
    0x5C, 0xAE, 0xE7, 0xF8, 0xF1, 0xAB, 0x31, 0x6E, 0x77, 0x7F, 0x5C, 0x4C, 0x2F, 0xDC, 0x36, 0x61,
    0x3C, 0x27, 0xD1, 0x42, 0x44, 0x44, 0xD7, 0x47, 0x62, 0xF0, 0xEC, 0xAD, 0xA1, 0xDD, 0x8C, 0xAE,
    0xDE, 0x9A, 0x97, 0x4B, 0x9B, 0xCF, 0xD6, 0x53, 0xBF, 0x7C, 0x4D, 0xC7, 0x4B, 0x56, 0x59, 0x47,
    0x99, 0x9F, 0x87, 0xC8, 0x08, 0x89, 0xB0, 0x0D, 0x45, 0xA3, 0x31, 0x0D, 0x25, 0x85, 0xED, 0x50,
    0xB9, 0xEE, 0x60, 0x74, 0x20, 0x65, 0x96, 0x5C, 0x18, 0x32, 0x1D, 0x25, 0xB8, 0x8E, 0x43, 0x66,
    0x6C, 0xA5, 0x62, 0xE5, 0x44, 0x11, 0x15, 0x4E, 0x9D, 0xF3, 0xC1, 0x7E, 0xB8, 0x62, 0xA6, 0xC7,
    0x82, 0x54, 0xE2, 0x5E, 0xD1, 0xD6, 0x8A, 0x95, 0xAD, 0x03, 0xAD, 0xB5, 0xC1, 0x51, 0x7B, 0x36,
    0x69, 0x7B, 0x03, 0x97, 0x4D, 0x2F, 0x9D, 0x0E, 0xDB, 0x21, 0xBC, 0x8A, 0xF0, 0x86, 0xB1, 0xDE,
    0xB0, 0x5D, 0x9D, 0x33, 0x7B, 0xB7, 0xF5, 0x0F, 0xFD, 0x17, 0x87, 0xE6, 0xE5, 0x2A, 0x59, 0x65,
    0x8C, 0x27, 0x9D, 0x43, 0xA5, 0x8E, 0x3D, 0xE9, 0xDC, 0x8F, 0x37, 0x45, 0x60, 0xA7, 0x2F, 0x9C,
    0x92, 0xC1, 0xD9, 0xD9, 0x21, 0xB9, 0x22, 0xAF, 0xD5, 0xD0, 0x19, 0xED, 0xB7, 0x3E, 0xAD, 0xBF,
    0x3B, 0xA8, 0xD9, 0xEB, 0x85, 0xFB, 0xCD, 0xD5, 0xC9, 0x4E, 0x4A, 0xBB, 0x87, 0xC6, 0x98, 0x06,
    0xC2, 0x6A, 0x23, 0x4B, 0xC6, 0x7F, 0x47, 0x79, 0x54, 0x84, 0xD1, 0x35, 0xBE, 0x27, 0x8A, 0x8A,
    0x28, 0x6B, 0x5C, 0x8E, 0xC3, 0xA8, 0x9A, 0x58, 0x43, 0xC4, 0x48, 0x0D, 0x8D, 0x68, 0x39, 0xBF,
    0xB6, 0xCB, 0x93, 0xC6, 0x34, 0x05, 0x2F, 0xE2, 0xF4, 0xC9, 0x78, 0x7C, 0x1C, 0x8B, 0xAE, 0x49,
    0xF6, 0x90, 0x5B, 0x50, 0x2E, 0xC8, 0x25, 0xB4, 0x7D, 0x80, 0x40, 0xA1, 0xAB, 0xA3, 0x1D, 0x76,
    0xD4, 0x6B, 0x4E, 0xCB, 0xFE, 0xA2, 0x38, 0xB2, 0x08, 0xD1, 0xD9, 0x8A, 0x93, 0x83, 0xE8, 0x62,
    0x37, 0x98, 0x6D, 0x7F, 0x65, 0x24, 0x8D, 0xC9, 0x51, 0xB6, 0x6A, 0x83, 0x78, 0x6D, 0x37, 0x98,
    0x52, 0x9C, 0x68, 0xAE, 0x6F, 0xE2, 0x9C, 0xA9, 0xE2, 0x9C, 0xE7, 0xF1, 0xD9, 0x97, 0x1B, 0x93,
    0x78, 0xF6, 0xB5, 0xB2, 0x95, 0x1B, 0x02, 0x77, 0xD2, 0x24, 0x7E, 0x0E, 0x48, 0x1C, 0x8D, 0x1F,
    0xED, 0x1D, 0x74, 0xD7, 0xBE, 0x50, 0xA6, 0x2E, 0xE0, 0x62, 0xB9, 0x6D, 0xB6, 0x02, 0xEE, 0xD4,
    0xDA, 0x60, 0xFB, 0x28, 0x0C, 0x94, 0x9D, 0x95, 0x98, 0xC7, 0xBD, 0x0D, 0xA2, 0x5D, 0x2A, 0x52,
    0x3A, 0xDB, 0xE9, 0x96, 0x8E, 0x9A, 0xF3, 0x70, 0x33, 0x9E, 0x3D, 0x99, 0x04, 0x9D, 0x38, 0x6E,
    0x06, 0x62, 0xB0, 0xED, 0x6C, 0x1E, 0xAF, 0xED, 0x84, 0x33, 0x8A, 0x89, 0x12, 0x3A, 0x58, 0xFB,
    0x9B, 0xBD, 0xE3, 0xF9, 0xDA, 0x57, 0x07, 0x2A, 0xA1, 0x21, 0xB9, 0x34, 0x97, 0x42, 0x5B, 0x1B,
    0xB4, 0xD9, 0x1C, 0x2B, 0x86, 0x67, 0x9C, 0x2C, 0x15, 0xEB, 0xDD, 0x79, 0x10, 0x4E, 0x47, 0x79,
    0x9C, 0x0C, 0x85, 0xB3, 0x45, 0x18, 0x8D, 0x07, 0x3A, 0xCD, 0x93, 0x3C, 0xC9, 0xC2, 0x5E, 0xA0,
    0x02, 0x2B, 0x5D, 0x92, 0xA7, 0xC5, 0xD9, 0xCE, 0x6C, 0x67, 0x36, 0xF4, 0x9B, 0x49, 0x0B, 0x95,
    0x52, 0x1C, 0xD1, 0x9E, 0xE0, 0x3B, 0x7C, 0x3C, 0xC4, 0x74, 0xAC, 0x57, 0x47, 0x66, 0xC5, 0x5A,
    0x61, 0x53, 0x2A, 0x12, 0xA2, 0xA3, 0x64, 0xE3, 0x38, 0x8C, 0xD3, 0x20, 0x8C, 0x86, 0x81, 0x1C,
    0x0F, 0xC5, 0x74, 0x3C, 0x70, 0xD3, 0x51, 0xA6, 0xAC, 0xED, 0xD0, 0xC5, 0x80, 0x0E, 0x04, 0xC5,
    0xCD, 0xD8, 0xAE, 0x8E, 0xF5, 0xA6, 0xA4, 0x3C, 0xA1, 0x9C, 0xE8, 0x62, 0x18, 0x16, 0x8D, 0x8D,
    0x6C, 0xEA, 0x03, 0xB4, 0xEC, 0x84, 0xAA, 0x35, 0xDA, 0x93, 0xDA, 0xBD, 0x21, 0x4C, 0x3A, 0xCC,
    0x59, 0x35, 0x3D, 0xB3, 0x69, 0x9E, 0x0C, 0x96, 0x65, 0xD8, 0x66, 0x32, 0xC9, 0x8A, 0x00, 0x56,
    0xE8, 0x98, 0xA1, 0xBB, 0x3B, 0x72, 0x31, 0x92, 0xDD, 0x0B, 0xF2, 0x5A, 0xC5, 0x22, 0xD9, 0x75,
    0xA1, 0xE0, 0x8F, 0xE9, 0x42, 0x9B, 0xB2, 0x03, 0x2D, 0x60, 0x4C, 0xA6, 0xFA, 0x61, 0x54, 0xA2,
    0x31, 0xBA, 0x2A, 0xE4, 0x6A, 0x1E, 0xF6, 0x28, 0x8F, 0x0A, 0x56, 0xE0, 0xCA, 0x0C, 0x1E, 0x2E,
    0xBD, 0xCF, 0xEB, 0xB1, 0xA7, 0x4F, 0xD1, 0xB0, 0x44, 0x7D, 0x3A, 0x76, 0xD3, 0x4C, 0x1D, 0xC7,
    0x9B, 0x61, 0x77, 0x27, 0x9E, 0xB7, 0xD3, 0x3C, 0xCA, 0x99, 0xBB, 0x72, 0x47, 0x01, 0x5E, 0xC2,
    0x06, 0x53, 0x99, 0x5E, 0xC6, 0x06, 0x3F, 0xA3, 0x6C, 0x4F, 0x89, 0x66, 0xF4, 0x8C, 0xB2, 0x75,
    0x58, 0xC6, 0x8E, 0x98, 0xD7, 0x21, 0x4F, 0xAF, 0xA2, 0x72, 0x34, 0xAB, 0xA8, 0x1C, 0xF3, 0xEA,
    0xF5, 0x11, 0x66, 0x19, 0x95, 0xC3, 0x86, 0xF6, 0xF3, 0xD1, 0xD9, 0x60, 0xE0, 0xED, 0x5C, 0xB1,
    0xB7, 0x74, 0x79, 0x83, 0xEB, 0x16, 0x7A, 0xB0, 0x08, 0xAD, 0x50, 0xFC, 0x97, 0x38, 0x06, 0x38,
    0xA4, 0x09, 0xAC, 0x54, 0x62, 0xB1, 0x8E, 0x63, 0x34, 0x32, 0xD6, 0x2A, 0x57, 0xBD, 0x82, 0x71,
    0xA5, 0x5B, 0x5E, 0x47, 0x04, 0xA9, 0x79, 0xA5, 0x05, 0xFC, 0xDE, 0xDF, 0x11, 0xF2, 0x3D, 0x19,
    0xAF, 0x2B, 0xA5, 0x6C, 0xC9, 0x15, 0xB3, 0x52, 0x9B, 0x58, 0x29, 0xF2, 0xB4, 0x44, 0x08, 0x6E,
    0x01, 0x99, 0x01, 0x51, 0x0E, 0xB4, 0x9B, 0x40, 0x4F, 0x02, 0x4A, 0xC4, 0x35, 0x27, 0xF6, 0x02,
    0xCB, 0xAB, 0x4F, 0x68, 0xF9, 0xCE, 0xF2, 0x33, 0x8C, 0xFD, 0x47, 0x09, 0x51, 0x7E, 0xB8, 0xEB,
    0x49, 0xEE, 0xD6, 0xD7, 0xB9, 0x8D, 0x72, 0x66, 0x65, 0xC6, 0x6C, 0xB5, 0x72, 0x06, 0xFE, 0xC3,
    0x35, 0x20, 0x35, 0x10, 0x01, 0x78, 0x13, 0x72, 0xA0, 0xE7, 0xB9, 0x5A, 0xA5, 0x1D, 0x11, 0xC7,
    0xF6, 0x58, 0x84, 0xAB, 0xA6, 0x3B, 0x8C, 0x83, 0xD5, 0x09, 0x9B, 0xC4, 0x36, 0x9E, 0x87, 0x42,
    0x8E, 0x47, 0xA3, 0xAC, 0xDD, 0x8B, 0x78, 0xC1, 0x4D, 0xA2, 0x2B, 0xAF, 0x9A, 0x0A, 0x4A, 0x0F,
    0x58, 0x07, 0x84, 0x06, 0x3E, 0xAA, 0xE4, 0x83, 0x24, 0x6F, 0xAF, 0x57, 0xEF, 0x2B, 0xAE, 0xB6,
    0x9A, 0x92, 0x3D, 0xD9, 0x4E, 0x12, 0x92, 0xE7, 0x7C, 0x02, 0xF1, 0x22, 0x33, 0x20, 0x74, 0xC2,
    0x9C, 0x80, 0xAA, 0x32, 0x62, 0x98, 0x21, 0xDF, 0x97, 0x36, 0x42, 0x84, 0xE2, 0x5F, 0xFE, 0xCD,
    0x91, 0xB4, 0x52, 0x47, 0x3A, 0x2D, 0x5B, 0x09, 0x05, 0x56, 0xB1, 0x6B, 0x90, 0x8F, 0x2F, 0x66,
    0xC0, 0x71, 0x17, 0x9B, 0x7F, 0x86, 0x7E, 0x74, 0x11, 0x01, 0x68, 0x03, 0x09, 0xF0, 0x8E, 0x66,
    0x5A, 0x94, 0xC0, 0x46, 0xBF, 0xE4, 0x1D, 0x5C, 0xA6, 0x06, 0x78, 0x13, 0xE2, 0x6F, 0x35, 0x57,
    0xB8, 0x96, 0x9A, 0xE8, 0x45, 0x7A, 0xBD, 0x6E, 0xFE, 0x29, 0x2A, 0x5D, 0x3E, 0xF8, 0xAF, 0xE1,
    0x53, 0x1D, 0x68, 0xF8, 0x5C, 0x6F, 0x20, 0x68, 0xC4, 0x35, 0x38, 0x01, 0xFB, 0x06, 0x96, 0xC9,
    0xA1, 0xD1, 0x43, 0xD4, 0x80, 0xC4, 0x65, 0x7A, 0x03, 0x1D, 0x81, 0x4E, 0xF3, 0x2D, 0xD5, 0x08,
    0x5B, 0x68, 0x94, 0x19, 0x68, 0x01, 0x40, 0xD8, 0x11, 0x8A, 0x3B, 0x38, 0xA0, 0x86, 0x4F, 0xF4,
    0xE7, 0x66, 0xCB, 0xAE, 0xAB, 0x24, 0x4E, 0xF6, 0x56, 0x0E, 0x9A, 0xF3, 0x66, 0x77, 0x67, 0xF5,
    0x30, 0x9C, 0x07, 0x9B, 0x22, 0x19, 0x3C, 0xDC, 0x3E, 0xD4, 0x73, 0xD3, 0x35, 0x89, 0x8D, 0xC0,
    0x97, 0x53, 0x56, 0x6C, 0xEE, 0x69, 0x2F, 0x08, 0xA1, 0x1E, 0xC4, 0xA1, 0xEA, 0x4D, 0x4F, 0xC7,
    0xB3, 0xDD, 0xC9, 0xDA, 0xCE, 0xE6, 0xCA, 0x81, 0xE7, 0x71, 0xB2, 0x0D, 0x7B, 0x31, 0x72, 0xB0,
    0xAC, 0x12, 0x3B, 0xEE, 0x36, 0x07, 0x57, 0xB6, 0x59, 0x51, 0xC8, 0x3C, 0xCA, 0xFC, 0x4D, 0xDE,
    0x58, 0x95, 0xBA, 0x05, 0x8F, 0x2B, 0xCB, 0x93, 0xEE, 0xBA, 0xD8, 0xF7, 0xC1, 0x8C, 0xA4, 0x17,
    0xFB, 0xCE, 0xD5, 0xDA, 0xA5, 0xD8, 0xF7, 0x02, 0x7B, 0xF7, 0x3F, 0xE5, 0xE9, 0xE9, 0x09, 0x6D,
    0xD2, 0x17, 0x47, 0x97, 0xEC, 0x1D, 0x3A, 0x35, 0xFC, 0x8C, 0x6E, 0x51, 0x52, 0x31, 0xA3, 0x56,
    0x88, 0xA8, 0xE0, 0xD7, 0x79, 0x6D, 0x44, 0x79, 0x92, 0xA7, 0xD9, 0x33, 0x11, 0x8A, 0xD1, 0x98,
    0xF4, 0xD5, 0x61, 0x85, 0x34, 0x92, 0x93, 0xA7, 0xB4, 0x2F, 0x60, 0x93, 0x49, 0x76, 0xA9, 0x76,
    0x7A, 0x6E, 0xA5, 0x8F, 0xA5, 0x09, 0xFD, 0xE6, 0x43, 0x7B, 0xB5, 0x0A, 0x44, 0x7E, 0x95, 0x4B,
    0x0D, 0xA4, 0x87, 0x39, 0x1D, 0xC0, 0x06, 0x98, 0xCB, 0x9C, 0x4E, 0x02, 0xF7, 0xA9, 0xB0, 0xFD,
    0x1A, 0xEC, 0xBA, 0x34, 0x99, 0x6A, 0xD4, 0xDB, 0xA1, 0x0C, 0x02, 0x21, 0x86, 0x82, 0x8D, 0x87,
    0x7A, 0x63, 0xAC, 0xDB, 0x33, 0x13, 0x6C, 0x98, 0x52, 0xF1, 0xC0, 0xC8, 0x32, 0x72, 0x98, 0x87,
    0x38, 0xDB, 0x45, 0x79, 0x41, 0x4D, 0x6D, 0x4F, 0x29, 0xAF, 0xA3, 0x08, 0xE5, 0x51, 0xC0, 0x2D,
    0xA0, 0x80, 0x18, 0x08, 0x81, 0x40, 0x75, 0x66, 0xE3, 0xDD, 0x20, 0x54, 0xF1, 0x1C, 0x73, 0x25,
    0x1E, 0xE9, 0x28, 0x03, 0x19, 0x51, 0xA0, 0xBB, 0x2F, 0x7E, 0x65, 0x7B, 0xF3, 0xE1, 0x30, 0xDA,
    0x8F, 0xB7, 0x00, 0x0B, 0x81, 0xCA, 0x7C, 0xF6, 0x4A, 0xB5, 0x45, 0x9B, 0x59, 0x89, 0x0C, 0x78,
    0xA9, 0x8C, 0xD0, 0xF3, 0xB1, 0xB5, 0x00, 0xD3, 0xB0, 0x6D, 0xDB, 0xB3, 0xCE, 0xDA, 0xA9, 0x9D,
    0x99, 0xB9, 0x26, 0x14, 0x20, 0xCC, 0xF5, 0xCC, 0x4C, 0xCD, 0xD4, 0x5A, 0x57, 0x5E, 0x5B, 0xB7,
    0xEB, 0x08, 0x16, 0xDB, 0xCB, 0xC4, 0x04, 0xE9, 0xB6, 0xB0, 0x88, 0xD6, 0xE2, 0xB5, 0x1A, 0x7C,
    0xBF, 0x69, 0xBB, 0x83, 0xDD, 0x83, 0x44, 0xD1, 0xB8, 0xF0, 0xA2, 0xCF, 0xD3, 0xD9, 0xD9, 0x8E,
    0x8C, 0x43, 0xAF, 0xD5, 0x60, 0xA6, 0xB3, 0x30, 0x7F, 0x1E, 0xCF, 0x1E, 0x95, 0x97, 0x6C, 0x49,
    0x15, 0x77, 0x8E, 0xAB, 0x4B, 0xB6, 0xC0, 0x89, 0x6B, 0x12, 0x37, 0xAA, 0x32, 0x34, 0x3B, 0xD1,
    0xC4, 0x86, 0x11, 0x19, 0x52, 0x5D, 0xEE, 0xBA, 0xA6, 0x3C, 0x54, 0xD6, 0x5F, 0xE8, 0x09, 0xEE,
    0xAD, 0x4C, 0xB0, 0x79, 0x50, 0x34, 0x8B, 0xB6, 0x9F, 0x2D, 0x03, 0x27, 0xAD, 0xDF, 0xCA, 0x52,
    0x2F, 0x68, 0x07, 0xCD, 0x20, 0x30, 0xF5, 0x17, 0x5C, 0xE1, 0x3C, 0x51, 0x4D, 0xE8, 0xDA, 0x89,
    0xB2, 0xB2, 0xD8, 0xE7, 0x57, 0x0E, 0x88, 0xCF, 0xF8, 0xF6, 0x43, 0x4A, 0x72, 0xBB, 0x3C, 0x4A,
    0xB7, 0x2F, 0xF9, 0x76, 0x23, 0x2F, 0x74, 0x52, 0x80, 0x32, 0xAE, 0xAD, 0xE7, 0xBC, 0x02, 0xD8,
    0x98, 0x6B, 0x2A, 0x38, 0x65, 0x92, 0x6C, 0x7C, 0x75, 0xF6, 0x7A, 0x11, 0x9D, 0xD4, 0xFA, 0x4D,
    0xF9, 0x8D, 0x1C, 0x39, 0xAB, 0x9E, 0x6D, 0x94, 0x23, 0x25, 0x24, 0xF4, 0xA2, 0x6A, 0xD2, 0x58,
    0x99, 0x2B, 0x41, 0x31, 0x9F, 0x1C, 0x31, 0x73, 0x0C, 0x9B, 0x5E, 0x53, 0x4D, 0x0A, 0x25, 0xE4,
    0x3E, 0x7F, 0xA4, 0x11, 0x69, 0x00, 0xA9, 0x13, 0xA4, 0x93, 0xFC, 0x8A, 0x87, 0xDC, 0x2E, 0x42,
    0x99, 0xDB, 0xB4, 0xE4, 0x21, 0xB3, 0x50, 0x1A, 0xDB, 0x17, 0xDC, 0xC5, 0x15, 0xD9, 0x5B, 0x07,
    0xB3, 0xA8, 0x83, 0x6B, 0x44, 0x40, 0x1F, 0xCC, 0xA6, 0x62, 0x40, 0x81, 0xF8, 0xB2, 0xDD, 0x0C,
    0x54, 0x1C, 0x5A, 0xB5, 0x6A, 0xCA, 0xF6, 0x9A, 0x39, 0x2F, 0xDB, 0x2C, 0x76, 0x44, 0x10, 0xCA,
    0x76, 0x5B, 0xBA, 0xF5, 0xE8, 0x3F, 0x25, 0x94, 0x45, 0x94, 0x09, 0xAE, 0xAB, 0x15, 0xAA, 0x93,
    0xD1, 0x24, 0x9B, 0x9E, 0xC4, 0xD3, 0xE3, 0x92, 0x05, 0x09, 0x4A, 0xFB, 0xD7, 0xE9, 0x61, 0x49,
    0xE4, 0xB2, 0x84, 0x26, 0xE4, 0x62, 0xF5, 0xFA, 0xB1, 0x27, 0x6E, 0x5F, 0xF8, 0x7D, 0xBB, 0xB2,
    0x27, 0xC2, 0x16, 0x54, 0xF5, 0x60, 0x5E, 0x22, 0xED, 0x49, 0x9D, 0x71, 0x1D, 0x97, 0xF9, 0xCE,
    0x61, 0xA8, 0x6E, 0x0C, 0x09, 0xB4, 0xFC, 0x0D, 0x05, 0xDC, 0x06, 0x8B, 0x6C, 0xEA, 0x5E, 0x09,
    0x8B, 0x15, 0x22, 0x5B, 0xC2, 0x52, 0xA2, 0xC9, 0xC7, 0xDA, 0x3A, 0xD5, 0x6C, 0xF3, 0x1D, 0x9C,
    0x23, 0x32, 0xDC, 0xDF, 0xB9, 0x5E, 0x16, 0x84, 0xE2, 0x5F, 0xB2, 0x99, 0x51, 0x2A, 0x6E, 0x36,
    0xF9, 0x39, 0xB6, 0xAE, 0xB8, 0x17, 0xB5, 0x3A, 0x1D, 0xEF, 0x8A, 0x78, 0xC5, 0x54, 0x3E, 0xE7,
    0x52, 0xA7, 0xEC, 0xBB, 0x20, 0xEE, 0xFD, 0x7C, 0x74, 0xF9, 0x7A, 0x52, 0xFE, 0x09, 0x9D, 0x1E,
    0xD2, 0x84, 0x99, 0x50, 0x40, 0x85, 0xCC, 0x28, 0x71, 0x5B, 0x31, 0x22, 0x97, 0x3E, 0xA7, 0xF6,
    0xA1, 0x9D, 0x74, 0x92, 0xCC, 0x06, 0xDB, 0x15, 0x47, 0xA1, 0x16, 0xC1, 0xC3, 0x2A, 0x75, 0xF0,
    0xC8, 0x73, 0xC0, 0xCF, 0x82, 0x17, 0xD4, 0x5D, 0xF0, 0x6C, 0x53, 0x81, 0x6A, 0xF6, 0xFA, 0x3E,
    0x8C, 0x03, 0x0F, 0x70, 0xB9, 0x49, 0xC8, 0x2B, 0xFD, 0xD6, 0xA5, 0x8F, 0xE9, 0xF6, 0x44, 0x78,
    0x1F, 0xD3, 0xB4, 0xC2, 0x75, 0x8B, 0x5D, 0x22, 0xFD, 0x9C, 0xFE, 0xEB, 0xAB, 0x49, 0xF7, 0xCB,
    0xF3, 0x4A, 0xFF, 0x15, 0xDB, 0x0D, 0x33, 0xBB, 0x9C, 0xAD, 0x2F, 0xE5, 0xE5, 0xCD, 0xCD, 0x4A,
    0x5E, 0x16, 0x6A, 0xB3, 0xA6, 0x84, 0xB9, 0xB6, 0xA4, 0x6B, 0xD5, 0xD1, 0x19, 0x9D, 0x88, 0x7D,
    0x79, 0x5D, 0xDB, 0x6D, 0x6E, 0x0D, 0x93, 0x85, 0x36, 0x22, 0xC7, 0xC9, 0x6C, 0xB5, 0x05, 0xB3,
    0x36, 0x38, 0x46, 0x61, 0x45, 0x81, 0x94, 0x28, 0xA5, 0x53, 0x8B, 0x00, 0xB0, 0x42, 0xC2, 0xAA,
    0xA6, 0x18, 0x9B, 0x24, 0x03, 0x55, 0x0B, 0x9C, 0x19, 0x81, 0xBE, 0xB5, 0xC7, 0x2A, 0x51, 0x2B,
    0x7E, 0x2A, 0x09, 0xAA, 0x27, 0x63, 0x9C, 0x4D, 0x9C, 0x74, 0xCC, 0xFC, 0x08, 0x88, 0xF1, 0x62,
    0xF7, 0x4A, 0xC8, 0x0E, 0x6D, 0xAC, 0xA3, 0x09, 0xE0, 0x2A, 0x30, 0xDF, 0x04, 0x98, 0x03, 0xFD,
    0xA5, 0x4B, 0xE8, 0x8F, 0x56, 0x79, 0xF3, 0x2F, 0xB0, 0x6A, 0x58, 0x06, 0x09, 0x40, 0xD4, 0x82,
    0xDE, 0xC6, 0x6C, 0x18, 0x86, 0x5D, 0x3D, 0x57, 0x32, 0x45, 0x5A, 0xE1, 0x6F, 0x83, 0x4D, 0x36,
    0xEF, 0xB5, 0xBB, 0x93, 0x61, 0x53, 0x29, 0x5B, 0x4E, 0xED, 0xC7, 0xD5, 0x92, 0xB8, 0x61, 0x10,
    0x7B, 0x85, 0x35, 0xC9, 0xE5, 0x3A, 0x97, 0x45, 0xAF, 0x17, 0x5C, 0x37, 0x99, 0x13, 0x26, 0xC4,
    0x33, 0x0A, 0x51, 0x44, 0x39, 0x9D, 0xF3, 0x85, 0xA9, 0x3C, 0xE6, 0xA6, 0xCD, 0x0C, 0x20, 0x0B,
    0x4E, 0x86, 0x5C, 0x1C, 0x86, 0x42, 0x54, 0x8B, 0xCA, 0x7F, 0x50, 0xB0, 0x61, 0x4F, 0xAC, 0x33,
    0xC2, 0xD6, 0x62, 0x71, 0xB9, 0x45, 0x2B, 0xBA, 0xAE, 0x3F, 0xAB, 0x7B, 0x7D, 0x46, 0xA5, 0x3F,
    0xE3, 0x85, 0x30, 0x4B, 0x37, 0xB1, 0xBB, 0xE8, 0xB5, 0xA1, 0x60, 0xB9, 0x89, 0xB0, 0x8E, 0xD6,
    0x4B, 0xF5, 0x53, 0x57, 0x6B, 0xAC, 0xEE, 0x46, 0x3D, 0x32, 0x6E, 0x97, 0xD4, 0x23, 0xEE, 0x6C,
    0x78, 0xAD, 0x33, 0xDF, 0x11, 0x61, 0x50, 0x71, 0x1F, 0x97, 0x87, 0x47, 0x52, 0x8B, 0x05, 0xCF,
    0xF1, 0xC7, 0x1D, 0x39, 0x96, 0x4D, 0x74, 0xD4, 0xC6, 0x13, 0x27, 0x0E, 0x75, 0xBF, 0xCF, 0xCF,
    0xDC, 0xDA, 0xC3, 0xED, 0xA3, 0xE3, 0x60, 0xAE, 0xE6, 0x6B, 0x93, 0xD5, 0x83, 0x8D, 0x83, 0x72,
    0x8D, 0xDF, 0x51, 0x77, 0x77, 0xBC, 0xD7, 0x0F, 0xA7, 0x6E, 0x2E, 0x45, 0x16, 0xB7, 0xAF, 0x78,
    0x06, 0x6F, 0xFE, 0x8B, 0xD8, 0x99, 0x5D, 0xEF, 0xCB, 0xC3, 0xD1, 0x93, 0xA3, 0xD2, 0x6A, 0x3C,
    0xDF, 0x38, 0x9A, 0x77, 0xF7, 0x8E, 0xBB, 0xBB, 0x3B, 0x1B, 0xA7, 0x07, 0x61, 0x32, 0x1E, 0x5E,
    0xE9, 0x7E, 0xD5, 0xB3, 0xA0, 0x70, 0x7F, 0xE4, 0x18, 0x03, 0x3F, 0x22, 0x9A, 0xD2, 0x2D, 0xC1,
    0x48, 0x7E, 0xBC, 0x0F, 0xD2, 0x5D, 0xC3, 0x94, 0xFC, 0x51, 0x56, 0xA4, 0x73, 0x23, 0x72, 0x49,
    0x72, 0x38, 0xD1, 0x73, 0xFD, 0x40, 0x57, 0x73, 0x6A, 0x5A, 0x09, 0x94, 0xC7, 0xD8, 0x2C, 0xDB,
    0xD8, 0x76, 0xED, 0xB6, 0x17, 0x28, 0x73, 0xB4, 0x70, 0xA3, 0x97, 0xEC, 0xC2, 0xC5, 0x1F, 0x7F,
    0x09, 0xA0, 0x89, 0xC4, 0xA6, 0xD9, 0xD6, 0x7A, 0x5B, 0xB4, 0xF9, 0x51, 0xF5, 0x26, 0xAE, 0x55,
    0xEC, 0xB2, 0x50, 0xFC, 0x6B, 0x76, 0xC0, 0xE6, 0xDB, 0xD3, 0xA9, 0xF7, 0x8A, 0xB1, 0x4C, 0x5F,
    0x05, 0xEE, 0x90, 0x23, 0x92, 0xB9, 0x3D, 0xE5, 0x7A, 0xC5, 0xB7, 0xF3, 0xA2, 0x54, 0x22, 0xA9,
    0x19, 0x49, 0x57, 0x07, 0xE6, 0x97, 0xF9, 0x4F, 0xFF, 0x71, 0x73, 0xCA, 0x1E, 0x56, 0x4D, 0xB9,
    0x7B, 0x5B, 0xDF, 0x6D, 0x4E, 0x29, 0x11, 0x93, 0x71, 0x59, 0x99, 0x9B, 0x74, 0x58, 0x94, 0x13,
    0xC6, 0xB7, 0x01, 0x94, 0xE0, 0x59, 0x84, 0xE2, 0x05, 0x5F, 0xC6, 0xF2, 0x8D, 0x3E, 0x28, 0xEB,
    0xAD, 0x47, 0xF3, 0x62, 0x6A, 0x62, 0x29, 0x8C, 0x77, 0x5F, 0x09, 0xA6, 0x8F, 0x9F, 0x14, 0x35,
    0x24, 0x67, 0xF4, 0xB8, 0x60, 0xB6, 0xC9, 0x16, 0xE4, 0x3F, 0xC5, 0xD6, 0x0B, 0x4C, 0xF0, 0x2B,
    0x2B, 0x48, 0x1B, 0x2D, 0xD7, 0x41, 0x79, 0x33, 0x5C, 0x64, 0xD3, 0x11, 0x0D, 0x1E, 0xC9, 0x7E,
    0x3B, 0xDF, 0x78, 0x32, 0x3B, 0x1B, 0x1E, 0x7B, 0x71, 0xC6, 0xAF, 0xD2, 0xF4, 0x74, 0x4A, 0x7B,
    0xA7, 0x6F, 0xBC, 0x5C, 0xBD, 0x5E, 0xEF, 0x7C, 0x68, 0xBB, 0xE6, 0x4F, 0xEF, 0x66, 0xFF, 0x6B,
    0x54, 0x01, 0x4A, 0x6E, 0xD0, 0xCF, 0xFD, 0xA8, 0x38, 0x4C, 0xAF, 0x8E, 0xCF, 0xF2, 0xC7, 0x50,
    0x69, 0xDC, 0x8E, 0x9A, 0x07, 0x77, 0x37, 0xD4, 0x0A, 0xA2, 0x53, 0xBA, 0x16, 0x7C, 0xA6, 0xD3,
    0x74, 0x4D, 0xF5, 0xE6, 0x7B, 0xC0, 0x5D, 0x4D, 0x41, 0xEF, 0x0F, 0xBF, 0xFE, 0xBC, 0xEC, 0x40,
    0xE6, 0xD2, 0x49, 0x51, 0x22, 0x8A, 0x0D, 0x8A, 0x1C, 0xA1, 0x2F, 0x4F, 0xE7, 0x79, 0xA2, 0xAD,
    0x74, 0xD5, 0x23, 0xAD, 0xA1, 0xCF, 0x8E, 0xC4, 0xD7, 0x41, 0x1C, 0xF6, 0x94, 0xF2, 0xD2, 0x0D,
    0x3B, 0x58, 0x50, 0x04, 0x51, 0x29, 0x41, 0x7A, 0xBC, 0x2C, 0x20, 0xB2, 0xA9, 0x06, 0x70, 0x07,
    0x23, 0x41, 0x5D, 0xB5, 0xCB, 0x5A, 0x7F, 0x72, 0x27, 0x6B, 0xFC, 0xEB, 0xC5, 0x83, 0x51, 0x75,
    0xBB, 0xA6, 0x7F, 0x7A, 0x37, 0xC0, 0x81, 0x2B, 0xF5, 0xBF, 0xB5, 0xCE, 0x9D, 0x00, 0xFB, 0x77,
    0xF2, 0x81, 0xF9, 0x17, 0x40, 0xBD, 0x72, 0x2B, 0x75, 0xD2, 0xF3, 0x5C, 0x55, 0xA4, 0x90, 0xEF,
    0xA2, 0x87, 0x14, 0x15, 0xB5, 0x85, 0x48, 0xBC, 0x90, 0x90, 0x57, 0xC7, 0x7B, 0xD7, 0x83, 0xE6,
    0x74, 0x36, 0x45, 0x7A, 0x46, 0xD1, 0x52, 0x8F, 0x72, 0xA3, 0x31, 0xFF, 0x8A, 0xE3, 0xC6, 0x0B,
    0x96, 0xAF, 0x6C, 0xBD, 0x2A, 0xF8, 0xB8, 0x12, 0xDF, 0xE1, 0x5C, 0xBF, 0xFD, 0x11, 0xD0, 0xC2,
    0xA7, 0xCF, 0xD9, 0x0B, 0x6D, 0x65, 0x87, 0x8D, 0x06, 0x57, 0xF6, 0x42, 0x5F, 0x68, 0x97, 0x67,
    0x48, 0x04, 0xCA, 0x6F, 0xFE, 0x8D, 0xB8, 0xCD, 0x6E, 0x11, 0x65, 0x74, 0x46, 0x07, 0x57, 0x0B,
    0xFC, 0x39, 0xC9, 0x3C, 0xB8, 0x3A, 0x42, 0xC6, 0x17, 0x05, 0xE1, 0xFB, 0xE2, 0x87, 0x72, 0xBF,
    0xC9, 0x38, 0x3A, 0xA1, 0xDC, 0xB6, 0xAD, 0x1F, 0xC3, 0x95, 0x67, 0x58, 0xC7, 0x9B, 0x50, 0xDD,
    0xC1, 0x4E, 0xDC, 0x1D, 0x1D, 0x49, 0xB3, 0xEE, 0x39, 0xF3, 0x42, 0xA8, 0x8D, 0xC9, 0x4E, 0xBC,
    0xB0, 0x75, 0x46, 0x3A, 0xE3, 0x3F, 0xB4, 0x1E, 0x27, 0x45, 0x44, 0x92, 0xF4, 0x0F, 0xAC, 0xC7,
    0x57, 0x26, 0x25, 0xAF, 0xEF, 0x7F, 0x66, 0x52, 0x52, 0x6B, 0xA3, 0x83, 0x20, 0xDE, 0x18, 0x0F,
    0xC3, 0x9F, 0x9F, 0x14, 0xDD, 0xD9, 0x4E, 0xA8, 0xA6, 0x13, 0x11, 0xAF, 0x1A, 0x4B, 0x87, 0x39,
    0x33, 0xE1, 0x73, 0xF9, 0x90, 0xC8, 0xE5, 0x79, 0xE0, 0x53, 0xAD, 0x26, 0x84, 0x4C, 0xCF, 0xE7,
    0x44, 0x64, 0x9E, 0x59, 0x5E, 0xAD, 0xC0, 0xE5, 0x41, 0xF9, 0x23, 0x58, 0x3C, 0xDA, 0xE7, 0xB8,
    0x63, 0xF2, 0x29, 0x23, 0x6A, 0xC4, 0x2D, 0x9F, 0xE2, 0x32, 0x35, 0x42, 0x9A, 0x50, 0xFC, 0xA1,
    0x39, 0xE6, 0xEA, 0x5D, 0x7D, 0x54, 0xB3, 0x1F, 0xB0, 0xFD, 0x9F, 0x98, 0x4F, 0xFD, 0x81, 0x99,
    0x96, 0xD3, 0xA3, 0xD8, 0xBF, 0xF2, 0x31, 0x59, 0xD1, 0x9B, 0xEC, 0x28, 0xD8, 0xCA, 0x68, 0x54,
    0xE0, 0xA7, 0x65, 0xA2, 0x28, 0x8B, 0xE0, 0x7C, 0x24, 0x4E, 0x8E, 0x4E, 0x9D, 0xE9, 0x56, 0x0D,
    0x57, 0x45, 0x8A, 0x9C, 0x84, 0x7B, 0xE6, 0xF6, 0xE3, 0x3E, 0xA4, 0xC4, 0x5C, 0x51, 0xD3, 0x45,
    0x78, 0xF2, 0xAB, 0x58, 0xE5, 0xC2, 0x9F, 0x7E, 0x29, 0x16, 0x3E, 0xC2, 0x7B, 0xD7, 0x3D, 0x9E,
    0xCD, 0x77, 0x02, 0x3F, 0x06, 0xD8, 0x91, 0x50, 0xDE, 0xCA, 0xFB, 0xAD, 0xB0, 0xD1, 0x6E, 0x91,
    0x18, 0x5A, 0x24, 0x77, 0x71, 0x76, 0x15, 0x17, 0xD8, 0xD0, 0x8C, 0xC6, 0x72, 0x2F, 0xE8, 0x5C,
    0x49, 0x0C, 0x9F, 0x2D, 0x90, 0x36, 0x05, 0xD4, 0x3B, 0xE6, 0x3E, 0xDB, 0xA9, 0xC5, 0x0D, 0xF5,
    0xF1, 0x68, 0x58, 0xAB, 0x42, 0x45, 0x6C, 0x1F, 0x09, 0x47, 0xC3, 0x2C, 0xAA, 0x7E, 0xFE, 0xE7,
    0x66, 0x19, 0x17, 0xBD, 0x58, 0x3B, 0xFD, 0x41, 0x9F, 0xD2, 0x90, 0xE2, 0xCF, 0x8D, 0x37, 0xE2,
    0x6A, 0x1A, 0xE6, 0x31, 0xF3, 0xD7, 0x9A, 0xE9, 0x59, 0x81, 0xCA, 0x09, 0x52, 0xA8, 0xEE, 0x30,
    0xEE, 0x0E, 0x57, 0xA6, 0x45, 0xA4, 0x7D, 0x33, 0xC5, 0xD2, 0x37, 0x29, 0x56, 0x9B, 0xC3, 0xB8,
    0x44, 0x4D, 0xCD, 0x85, 0xEB, 0x2F, 0x5D, 0x95, 0x36, 0x29, 0x75, 0x8B, 0xD8, 0xC8, 0x1D, 0x5F,
    0x67, 0x2F, 0xB4, 0x93, 0x20, 0xDE, 0xF0, 0x9F, 0xF1, 0xDE, 0xE5, 0x0F, 0x82, 0x76, 0x2B, 0xA5,
    0x79, 0xA7, 0xF6, 0x7C, 0x9E, 0x8E, 0xAF, 0x6F, 0xE9, 0x24, 0x1D, 0x76, 0xBC, 0x0C, 0x1E, 0x2C,
    0x64, 0x70, 0x3A, 0x23, 0x3B, 0xF9, 0xC5, 0x8B, 0x26, 0x4A, 0xBF, 0x2C, 0xD0, 0xDC, 0x3F, 0x26,
    0xBC, 0x73, 0xB0, 0xB9, 0x6A, 0xB0, 0x32, 0x6F, 0x41, 0x3C, 0xA1, 0xDE, 0xA7, 0xCC, 0xC4, 0xCB,
    0x30, 0xF6, 0xE8, 0xD4, 0x01, 0xC8, 0x2A, 0xD8, 0x67, 0x24, 0x27, 0xFF, 0xAB, 0x51, 0x21, 0xCF,
    0x52, 0x4A, 0xDE, 0x04, 0x51, 0xCE, 0xDB, 0xBF, 0x87, 0x58, 0x3D, 0x78, 0xDF, 0x07, 0x9B, 0x68,
    0x4C, 0x4A, 0x00, 0xE1, 0xBB, 0x03, 0xAF, 0x62, 0x8A, 0xAE, 0xFC, 0xBA, 0x3A, 0x8B, 0x2F, 0x00,
    0xEC, 0x17, 0xF7, 0xDF, 0x39, 0xBA, 0xDF, 0xFD, 0x15, 0x9D, 0xD1, 0xEE, 0x2F, 0xAF, 0x87, 0xE7,
    0xA8, 0xA1, 0x81, 0x4E, 0x55, 0xC3, 0x64, 0xEB, 0x92, 0x99, 0x96, 0x40, 0x21, 0x47, 0x2E, 0xAE,
    0xEE, 0xFC, 0x05, 0x9D, 0x64, 0x40, 0x24, 0x4E, 0x0B, 0x75, 0xBC, 0x32, 0xDA, 0x4F, 0x84, 0x3D,
    0x5A, 0x3B, 0x4C, 0xC6, 0x19, 0x00, 0x91, 0xA7, 0x93, 0x1C, 0xA6, 0x7E, 0xDD, 0x53, 0xDF, 0x77,
    0x84, 0x12, 0x00, 0xB8, 0x4E, 0xD9, 0x51, 0xA0, 0x62, 0x3B, 0x1B, 0x06, 0x61, 0xA5, 0xE5, 0xE1,
    0xBF, 0x96, 0x0B, 0x29, 0x5A, 0xE8, 0x3A, 0xDE, 0x03, 0x10, 0x20, 0x2E, 0x0F, 0xAA, 0xF8, 0xFB,
    0x59, 0xE0, 0x15, 0x40, 0xB5, 0x30, 0x56, 0xD6, 0xCF, 0xAC, 0x2E, 0xD2, 0x0A, 0x7A, 0x5D, 0xCE,
    0x8E, 0x36, 0xBE, 0x59, 0x9D, 0xB4, 0x67, 0x79, 0xA2, 0x5B, 0xCB, 0xC8, 0x19, 0x35, 0x18, 0x20,
    0xF0, 0xDB, 0x7B, 0x42, 0x95, 0xDB, 0x62, 0x8A, 0x52, 0xA2, 0xD7, 0x4C, 0xF3, 0x24, 0x93, 0x8E,
    0xDC, 0x1F, 0xB5, 0x4F, 0xE6, 0xBF, 0x3A, 0xDB, 0xDF, 0x94, 0x39, 0x3D, 0x9E, 0x2D, 0x6E, 0xAE,
    0x86, 0x90, 0x89, 0x51, 0xE9, 0x92, 0xB3, 0x68, 0xFB, 0x68, 0x75, 0xBC, 0xA3, 0xE6, 0xB5, 0xCE,
    0x67, 0xA2, 0xF3, 0xD9, 0xFD, 0xCF, 0xEE, 0x17, 0x89, 0x89, 0x76, 0x67, 0xFF, 0x8B, 0x7F, 0x46,
    0xFF, 0x86, 0xA2, 0xC1, 0xC8, 0x2E, 0x5D, 0xAB, 0xFE, 0xDB, 0x76, 0xC8, 0xDD, 0xBD, 0xCA, 0x00,
    0x5C, 0xC6, 0xDF, 0xB9, 0x69, 0x65, 0x55, 0xC0, 0x6C, 0xFC, 0x06, 0xB8, 0x61, 0x0E, 0xAD, 0xD7,
    0x12, 0x3B, 0x9A, 0xFC, 0xE6, 0x40, 0x88, 0x57, 0x81, 0x7F, 0x42, 0x44, 0x58, 0x31, 0x81, 0x02,
    0xEE, 0xBC, 0x32, 0x02, 0x2A, 0x80, 0x09, 0x03, 0xE6, 0xA2, 0xC1, 0x1E, 0x58, 0xE6, 0x99, 0x8E,
    0xDF, 0x07, 0x98, 0x15, 0xE9, 0xC9, 0x8E, 0x3D, 0x0E, 0xA6, 0x27, 0x45, 0x3A, 0x5D, 0x84, 0x04,
    0xAD, 0xFF, 0x38, 0xF8, 0x0B, 0xBF, 0x4C, 0xBB, 0x2E, 0xA6, 0x07, 0xE0, 0xA7, 0x94, 0x14, 0xC1,
    0xBF, 0x30, 0xAB, 0xE4, 0x69, 0xA3, 0xEB, 0x47, 0xF4, 0x38, 0xB3, 0xE8, 0xA1, 0x8D, 0x00, 0xB5,
    0x1F, 0x05, 0xDC, 0xF4, 0x38, 0xEC, 0x2D, 0xC0, 0xF9, 0xDB, 0xD5, 0xE2, 0xD9, 0x2F, 0x7E, 0x0C,
    0x70, 0x1F, 0x42, 0xB2, 0xA1, 0x6F, 0x01, 0xFE, 0x23, 0x22, 0xF4, 0xC2, 0xA7, 0x85, 0x2D, 0xEE,
    0xCD, 0x5B, 0xE3, 0x57, 0x22, 0xE4, 0x46, 0xBD, 0x79, 0xB9, 0x2E, 0xA4, 0x81, 0x4F, 0xF0, 0xBE,
    0x8E, 0x8C, 0x30, 0xAF, 0xD7, 0xF3, 0x21, 0xE7, 0x61, 0x77, 0xD7, 0x66, 0x2F, 0xC7, 0xFF, 0x32,
    0xDA, 0xEB, 0x8F, 0x01, 0x5E, 0xC5, 0xEC, 0xE4, 0x8D, 0x4F, 0xE4, 0x4D, 0xC0, 0xFD, 0x2B, 0xFE,
    0x63, 0x31, 0x6F, 0x72, 0x7B, 0x3B, 0xE6, 0xCB, 0xC7, 0xFA, 0xCD, 0x8F, 0x01, 0x5E, 0x3D, 0xD6,
    0x41, 0xA3, 0x7B, 0x23, 0xE6, 0x97, 0x3A, 0x81, 0x1F, 0xFB, 0x58, 0x17, 0x0A, 0x82, 0xDB, 0x1E,
    0xEB, 0xAB, 0x56, 0xA9, 0xA0, 0x23, 0xE1, 0xDE, 0xBC, 0x39, 0xC8, 0xFE, 0x65, 0xF0, 0xB0, 0x26,
    0x73, 0xAF, 0x0E, 0x62, 0x8C, 0x1E, 0x6E, 0x0D, 0x25, 0xDA, 0x18, 0xE7, 0x89, 0xC6, 0xED, 0x40,
    0xEA, 0xA6, 0x90, 0x0E, 0xB7, 0x00, 0xB9, 0x3E, 0x8B, 0xDC, 0x0E, 0x6A, 0x61, 0x10, 0xD0, 0x4A,
    0x98, 0x54, 0xC4, 0xC0, 0x96, 0x74, 0x34, 0x11, 0x6A, 0x4D, 0x3F, 0x5E, 0xC6, 0x23, 0x98, 0xEF,
    0x46, 0x2E, 0x85, 0x5D, 0x78, 0x81, 0xDC, 0x05, 0x60, 0x15, 0xD6, 0xE6, 0x0E, 0x00, 0x4D, 0xFB,
    0x8E, 0x18, 0x72, 0x13, 0xE1, 0x0E, 0x18, 0x36, 0x06, 0x79, 0x32, 0x78, 0xFB, 0x2E, 0x00, 0xAB,
    0xDE, 0xFB, 0xFF, 0xE0, 0x55, 0x00, 0xEF, 0x12, 0x6E, 0x1A, 0x58, 0x04, 0x23, 0xFD, 0xE8, 0x95,
    0x01, 0x60, 0xC1, 0x75, 0xDB, 0x9B, 0x63, 0xCF, 0xBF, 0xB0, 0x15, 0xAD, 0x5E, 0x5D, 0xEC, 0x1E,
    0x1C, 0x74, 0xDE, 0xB9, 0x3C, 0xBC, 0xBF, 0xB9, 0x4C, 0x4A, 0x9C, 0xBF, 0xF7, 0xCC, 0x29, 0xA8,
    0x46, 0x1F, 0xDD, 0xDD, 0x55, 0xF6, 0x3A, 0xC5, 0xBB, 0xD1, 0x11, 0x0E, 0x15, 0x63, 0xF7, 0xE6,
    0x15, 0xD9, 0x7B, 0x3D, 0xF1, 0x5F, 0xA2, 0x77, 0x7B, 0x04, 0xD8, 0x97, 0x90, 0x3F, 0xE6, 0xB8,
    0xF7, 0xE2, 0x1B, 0xF9, 0x35, 0x68, 0x2B, 0x56, 0x3E, 0x43, 0x3F, 0x29, 0x2B, 0x84, 0x36, 0xE8,
    0xC9, 0x68, 0x11, 0x40, 0x22, 0xC4, 0xB3, 0x17, 0x72, 0x73, 0xF1, 0x74, 0xB2, 0xEA, 0xE9, 0x2C,
    0x9A, 0x90, 0x49, 0xBB, 0x7C, 0x3A, 0x0B, 0x1A, 0xF8, 0x63, 0x7F, 0x64, 0xF1, 0x92, 0x9A, 0x57,
    0xFE, 0xC8, 0x92, 0x16, 0xFE, 0xC8, 0x1F, 0x31, 0x11, 0xEE, 0xD0, 0x92, 0x4B, 0x9A, 0xF8, 0xE3,
    0x7E, 0xA4, 0x8A, 0xA6, 0xFB, 0xCF, 0xF0, 0xAA, 0x1F, 0xF9, 0x71, 0xD1, 0xBD, 0xAF, 0x26, 0xD1,
    0x57, 0x47, 0xF5, 0x45, 0x25, 0xA2, 0xBC, 0x71, 0xB5, 0x72, 0xB2, 0xDC, 0x45, 0x79, 0x52, 0x24,
    0xC5, 0x1D, 0x83, 0x8F, 0x87, 0xF8, 0x6D, 0xA0, 0xF8, 0x30, 0xA7, 0x93, 0x97, 0x82, 0x5F, 0xD0,
    0xC6, 0xD7, 0x05, 0x1B, 0x42, 0xF1, 0x5F, 0xD4, 0x6F, 0x01, 0xBB, 0x18, 0x01, 0xAF, 0x0B, 0x56,
    0xA2, 0x77, 0x3B, 0xB6, 0x97, 0x51, 0xD1, 0x5F, 0x0F, 0xAC, 0x7F, 0x94, 0xFF, 0x80, 0x5B, 0xC0,
    0xBE, 0x6E, 0x5C, 0x97, 0x4B, 0xDB, 0xE3, 0x7B, 0xAF, 0x0A, 0xF1, 0x52, 0x49, 0x98, 0x6F, 0xDD,
    0x31, 0x1C, 0x05, 0xA0, 0x2A, 0x57, 0x9C, 0x9B, 0xD6, 0xDF, 0x61, 0x11, 0xB0, 0x56, 0x68, 0x89,
    0xDA, 0xDD, 0xE3, 0x66, 0x48, 0xB8, 0x5B, 0x82, 0x30, 0x57, 0xCD, 0xB0, 0x50, 0x0A, 0xEB, 0x48,
    0x75, 0x62, 0x9A, 0x3F, 0x0C, 0x42, 0xB3, 0x38, 0xC1, 0x77, 0xD9, 0x78, 0x5C, 0x2D, 0x96, 0x17,
    0x1A, 0xD5, 0x5A, 0x99, 0xD1, 0x04, 0x2B, 0xDB, 0x85, 0xC8, 0x9E, 0x93, 0x44, 0xC3, 0xB0, 0xE7,
    0x5D, 0xB3, 0x19, 0x96, 0x6F, 0x56, 0xE7, 0xF5, 0x00, 0x87, 0xE8, 0xC1, 0x8E, 0x86, 0xB7, 0x01,
    0x16, 0x9A, 0x97, 0x60, 0x5F, 0x17, 0x63, 0x89, 0xF6, 0x2B, 0x31, 0xEE, 0x08, 0x27, 0x32, 0xE0,
    0xF5, 0x00, 0xD7, 0x4D, 0xCA, 0x73, 0x23, 0x6E, 0x01, 0xFC, 0xDA, 0x81, 0x7E, 0x20, 0x20, 0xFC,
    0xFB, 0xF5, 0xD1, 0x2B, 0x63, 0xFE, 0x60, 0x61, 0x4F, 0x7A, 0xEF, 0x72, 0x14, 0xB7, 0x5E, 0x23,
    0x56, 0x53, 0x80, 0x18, 0x8A, 0xDD, 0x31, 0x84, 0xF6, 0x5D, 0x4D, 0xF1, 0xD7, 0x05, 0xC3, 0xDB,
    0xF5, 0xB1, 0xEA, 0x62, 0x32, 0xA9, 0xBF, 0x75, 0x45, 0x28, 0xEF, 0x8E, 0xB7, 0x07, 0x70, 0xD7,
    0xD0, 0xDF, 0x97, 0xD3, 0xC5, 0xEB, 0x74, 0x4B, 0x27, 0xDD, 0xCE, 0x81, 0x3B, 0x81, 0x27, 0x22,
    0xEB, 0x3F, 0x29, 0x95, 0xC9, 0xF8, 0x5D, 0x41, 0x97, 0xC9, 0x3E, 0x2B, 0xF1, 0x9F, 0x9F, 0x3F,
    0x7E, 0x49, 0x36, 0x5E, 0xF3, 0x05, 0x3A, 0x27, 0x8D, 0x7F, 0xF2, 0x4D, 0xC9, 0xA7, 0x94, 0xD1,
    0x3E, 0xDF, 0xFF, 0x62, 0xF3, 0xB3, 0xE3, 0x3F, 0x7C, 0xB2, 0x37, 0x6B, 0xCC, 0xFF, 0xC9, 0xCA,
    0x37, 0xC7, 0x9B, 0xF7, 0xBE, 0x3A, 0x3A, 0xBE, 0xB7, 0xFA, 0xBB, 0x83, 0x79, 0x77, 0xF5, 0x97,
    0xDF, 0x74, 0xD7, 0x7E, 0xF5, 0xCD, 0xF1, 0xFD, 0x7B, 0x5F, 0xED, 0xDD, 0x5F, 0xFB, 0xD5, 0xC1,
    0x27, 0xAB, 0xA5, 0xC5, 0xAF, 0xCE, 0x61, 0x5A, 0x44, 0x94, 0xB7, 0x7C, 0xA9, 0xDA, 0x5D, 0x3F,
    0xB5, 0x4B, 0x74, 0x75, 0x1E, 0xD1, 0xC3, 0xC3, 0xF3, 0x8B, 0xA7, 0x45, 0xBF, 0x09, 0x36, 0x98,
    0x1C, 0xD2, 0x6F, 0x94, 0xAE, 0xFE, 0xF1, 0x2F, 0x88, 0x26, 0xFB, 0x7F, 0x0E, 0x20, 0x8C, 0xA9,
    0xF9, 0xE1, 0x78, 0xF7, 0x3D, 0xC0, 0x9F, 0x6E, 0x33, 0x2D, 0x6C, 0x8C, 0x54, 0x20, 0x50, 0x0A,
    0xB3, 0x00, 0xC1, 0x86, 0xC1, 0x3C, 0x84, 0x98, 0x69, 0xAC, 0x2B, 0x40, 0x00, 0xB0, 0x40, 0xB8,
    0xB5, 0xCE, 0x0E, 0xE7, 0x2E, 0xFE, 0xFE, 0xBE, 0xA8, 0xF7, 0x5B, 0x9D, 0xC9, 0x2C, 0xA8, 0xF7,
    0xDF, 0x37, 0x45, 0x1A, 0x8B, 0xB9, 0x45, 0x1C, 0x96, 0x50, 0xC0, 0x5D, 0x08, 0x44, 0x23, 0x03,
    0x76, 0x10, 0x00, 0x41, 0xCB, 0x02, 0xDD, 0x1D, 0x80, 0xEF, 0x29, 0x40, 0x4E, 0x80, 0x0A, 0x1C,
    0xB8, 0x06, 0x10, 0xFB, 0xC2, 0xEE, 0x70, 0x62, 0xC3, 0x22, 0x4D, 0xB6, 0x27, 0xF7, 0xD6, 0xF6,
    0xC2, 0xF7, 0xB3, 0x23, 0x3B, 0xDA, 0xFD, 0xED, 0xBC, 0x84, 0xFB, 0x41, 0x6C, 0xD3, 0xE4, 0xE1,
    0x01, 0x7B, 0x92, 0xE5, 0x10, 0x7C, 0x5B, 0x97, 0xA6, 0xCD, 0x6F, 0x3E, 0xD9, 0xC8, 0xF2, 0xE3,
    0xCD, 0xB5, 0x95, 0x2F, 0x3E, 0x91, 0x3B, 0xFD, 0xD5, 0x27, 0x93, 0xF9, 0xBB, 0x7B, 0x7F, 0xB6,
    0xF1, 0xEF, 0x7F, 0x71, 0x70, 0xFC, 0xD3, 0xCF, 0xC6, 0xA5, 0xC7, 0xF7, 0x67, 0x6B, 0x2B, 0x07,
    0xE3, 0xF1, 0xBB, 0x7B, 0xFD, 0x8D, 0x6C, 0xFE, 0xC9, 0xAF, 0x76, 0x36, 0xE3, 0x6F, 0x3F, 0x09,
    0xE5, 0x60, 0x7A, 0x34, 0xDB, 0xB7, 0x08, 0x9A, 0xED, 0x9E, 0xB2, 0xAE, 0xD7, 0x0E, 0x83, 0x1A,
    0xE2, 0x80, 0x6F, 0xDB, 0x5E, 0xD8, 0xAC, 0xD4, 0xAE, 0x00, 0x42, 0xFE, 0xA0, 0xF9, 0x5D, 0xDB,
    0xA5, 0x3B, 0x4F, 0x9F, 0x9C, 0x9C, 0x1C, 0xA5, 0x83, 0xC3, 0xE6, 0x77, 0x1F, 0xFC, 0xBA, 0xE9,
    0xC7, 0xC1, 0x41, 0xB9, 0xF0, 0x7B, 0x33, 0x98, 0x1E, 0xAD, 0x0D, 0xD5, 0xF1, 0xA2, 0xA8, 0x01,
    0x55, 0x7C, 0x38, 0xFE, 0xB7, 0x8B, 0xBF, 0x3C, 0x0C, 0xD4, 0x67, 0xF7, 0x03, 0x75, 0x2C, 0x6D,
    0x2E, 0xBC, 0x4A, 0xA5, 0x03, 0x2C, 0xE2, 0x58, 0x2F, 0x58, 0xDA, 0x0E, 0xEE, 0xEB, 0x28, 0xA5,
    0x29, 0x65, 0xA2, 0x80, 0x28, 0x18, 0x65, 0x29, 0xCD, 0x75, 0xF4, 0x5E, 0x45, 0x47, 0x04, 0x8C,
    0x57, 0x95, 0xA9, 0x80, 0x9B, 0xFC, 0x9D, 0x49, 0x3C, 0x06, 0x80, 0xFF, 0x97, 0x11, 0x56, 0x58,
    0xE9, 0x78, 0xF9, 0xCD, 0x74, 0xA3, 0xD1, 0x2F, 0x13, 0x95, 0xC9, 0x7F, 0x97, 0x47, 0x54, 0xE0,
    0x0D, 0xD4, 0x96, 0x6E, 0x71, 0xF1, 0x65, 0x80, 0x76, 0xAE, 0x2B, 0x5F, 0xB9, 0xE5, 0xE9, 0x16,
    0x14, 0x2E, 0xFF, 0x85, 0x2D, 0xA1, 0xCB, 0x7F, 0x61, 0xBB, 0xFC, 0xAF, 0x35, 0xCA, 0x2F, 0xFF,
    0x6B, 0x4D, 0xA2, 0x17, 0x59, 0x92, 0x19, 0x1D, 0x36, 0xD5, 0xB9, 0x88, 0xD7, 0x06, 0xBF, 0xF4,
    0x8A, 0x4C, 0x66, 0xCB, 0x2C, 0xB9, 0x8D, 0x16, 0xA6, 0xB7, 0xA5, 0x9F, 0x13, 0xAA, 0x24, 0xA1,
    0x84, 0x6E, 0x73, 0x13, 0x56, 0x07, 0x6C, 0xD7, 0x75, 0x8B, 0x95, 0xD9, 0x44, 0x6D, 0x1C, 0x85,
    0x4A, 0x84, 0x7C, 0xC2, 0xA6, 0x23, 0xA7, 0x7A, 0x61, 0x28, 0x02, 0x36, 0xD6, 0x6A, 0x51, 0x67,
    0x6C, 0x9C, 0x0B, 0x81, 0x4E, 0x3B, 0x4C, 0x26, 0xD1, 0x93, 0x49, 0xB0, 0x31, 0x3A, 0xEA, 0x6C,
    0x56, 0xAC, 0x99, 0xDC, 0x13, 0x13, 0x36, 0x5A, 0x38, 0xE6, 0xC3, 0x27, 0x15, 0xB7, 0xA5, 0xE0,
    0x5A, 0x7F, 0x44, 0x44, 0xD5, 0xD9, 0x1A, 0x67, 0x57, 0xCB, 0x4E, 0x99, 0x46, 0x21, 0x33, 0x3A,
    0x2E, 0x4E, 0x0A, 0xAA, 0x72, 0x71, 0x72, 0x9C, 0x7F, 0x7F, 0x65, 0xD0, 0x58, 0x2C, 0x5E, 0xB8,
    0xFA, 0xD3, 0x26, 0x8A, 0x5C, 0x2A, 0x73, 0x3A, 0x4E, 0xE7, 0x45, 0x95, 0xA9, 0x20, 0xF3, 0xE2,
    0x1F, 0x8E, 0xFA, 0xBF, 0x56, 0x05, 0x10, 0xCE, 0xC3, 0x79, 0xC3, 0x5C, 0x3D, 0x9A, 0x66, 0x07,
    0x1D, 0xDC, 0x25, 0xF9, 0x27, 0xDB, 0xBC, 0x7C, 0xB2, 0x6F, 0xB2, 0xD1, 0x6A, 0x32, 0x2F, 0x61,
    0xCF, 0x8B, 0x4F, 0x47, 0x26, 0x06, 0xF0, 0x16, 0xFF, 0x8B, 0x3F, 0x4F, 0x0F, 0xB3, 0x3C, 0x3A,
    0xCC, 0x7F, 0x37, 0xD0, 0x0A, 0xA8, 0x9E, 0x5A, 0x5D, 0x85, 0x59, 0x9C, 0x29, 0x55, 0x59, 0x6F,
    0x16, 0x1E, 0x8E, 0x22, 0x08, 0xA2, 0xB0, 0xDC, 0xE2, 0x40, 0x55, 0xBF, 0x9C, 0x80, 0x7E, 0x7B,
    0x9F, 0x50, 0x20, 0xE6, 0x39, 0x23, 0xEF, 0xAD, 0x65, 0xD3, 0xF2, 0x4A, 0xAD, 0xF6, 0xB7, 0x14,
    0x1D, 0x12, 0x95, 0xE6, 0xD3, 0xF4, 0x7F, 0xFF, 0xB6, 0x81, 0x4F, 0xEA, 0x9F, 0xAE, 0x1E, 0xCC,
    0xF6, 0x8E, 0x37, 0x0E, 0xE6, 0x8D, 0xE3, 0x8D, 0x2F, 0x26, 0x8D, 0x6F, 0x3E, 0xFE, 0x62, 0x3D,
    0x3A, 0x5C, 0xDB, 0x99, 0x66, 0xFD, 0xB5, 0x9D, 0xF4, 0xA1, 0x31, 0xFF, 0x03, 0x11, 0x69, 0xC9,
    0x47, 0x2E, 0xDF, 0x5C, 0x39, 0xBC, 0x20, 0xDA, 0x36, 0x48, 0x93, 0x5F, 0x46, 0x87, 0xE7, 0x5F,
    0xFB, 0xFF, 0xC3, 0xFA, 0x05, 0xD6, 0x93, 0xAF, 0x9F, 0x1E, 0x9E, 0xD3, 0x6E, 0x79, 0x30, 0x44,
    0xFA, 0x68, 0xE9, 0x46, 0x14, 0x87, 0x40, 0x3F, 0xDD, 0xCF, 0x37, 0xCF, 0x2E, 0xAA, 0x2B, 0xD5,
    0x41, 0x3F, 0xCD, 0x69, 0x42, 0x49, 0x0D, 0x61, 0x10, 0x3D, 0x3E, 0x71, 0x56, 0xA5, 0x65, 0x7D,
    0x22, 0x94, 0x79, 0x75, 0xEF, 0xFB, 0xEE, 0xDE, 0x6C, 0x6F, 0xA6, 0x3F, 0xD9, 0xF3, 0xA2, 0xD7,
    0x37, 0xDF, 0xE3, 0x20, 0x7D, 0x74, 0xD4, 0x4F, 0xA2, 0xDD, 0x09, 0xF0, 0x3C, 0x42, 0xCB, 0xFF,
    0xCC, 0xBA, 0xF9, 0x1F, 0xBA, 0xFE, 0x1F, 0x40, 0xB6, 0x99, 0xFC, 0x6A, 0x76, 0x7E, 0xF1, 0xAB,
    0x82, 0x1A, 0x68, 0xCA, 0xC9, 0x57, 0x45, 0x7A, 0x24, 0xB2, 0xA2, 0x5E, 0x96, 0xE7, 0x4F, 0x26,
    0x1F, 0x1F, 0x6D, 0x66, 0x79, 0x1D, 0x1F, 0xEF, 0xCD, 0x5C, 0x56, 0x5E, 0x3C, 0x3D, 0x40, 0x89,
    0xC6, 0x61, 0x2F, 0xA0, 0x47, 0x27, 0x17, 0x65, 0x83, 0xFC, 0xAB, 0xBB, 0xF6, 0xF0, 0xE4, 0xBC,
    0x6C, 0xE9, 0xEC, 0xD4, 0xC0, 0xAA, 0xD5, 0xDF, 0x9D, 0xCC, 0x67, 0xA7, 0xF9, 0x71, 0x57, 0xA3,
    0xB2, 0xD0, 0x7E, 0xB3, 0x49, 0x44, 0x07, 0xFD, 0xEE, 0xD9, 0xC3, 0xBD, 0x7C, 0x8E, 0xEB, 0xFD,
    0x72, 0x9C, 0x3E, 0xCA, 0xCB, 0x22, 0x15, 0x7F, 0x50, 0xB1, 0x47, 0xE1, 0x64, 0x70, 0xFA, 0xF3,
    0xA2, 0x08, 0xC1, 0x0E, 0xE9, 0xC9, 0x24, 0xDC, 0x3A, 0xD5, 0x52, 0x27, 0xE6, 0xE7, 0x56, 0x59,
    0xFF, 0xA6, 0x74, 0x8B, 0x2E, 0x95, 0x1F, 0xFD, 0x40, 0x27, 0x79, 0x54, 0x88, 0x9C, 0xEB, 0x6A,
    0x2B, 0x38, 0x01, 0xF8, 0xD7, 0xF8, 0x33, 0xFE, 0x87, 0xCA, 0x91, 0xEF, 0xBB, 0xCF, 0x1F, 0x6E,
    0xFC, 0xF5, 0xE9, 0x5F, 0xCF, 0x5A, 0xB3, 0xCE, 0xAC, 0xF3, 0xFB, 0xCE, 0xF7, 0xE6, 0x7B, 0xF3,
    0xD9, 0x64, 0x6B, 0xF8, 0xF3, 0xDD, 0xE4, 0x37, 0x51, 0x1E, 0x65, 0xEF, 0x9A, 0x7B, 0xF8, 0x7F,
    0xFF, 0x60, 0xE5, 0xE6, 0x74, 0x6F, 0x5A, 0x4C, 0xF3, 0xA9, 0x9D, 0x9A, 0x8D, 0xC9, 0xC6, 0xE4,
    0xF3, 0x83, 0xA4, 0x58, 0x38, 0xFD, 0xC9, 0x17, 0x5C, 0x72, 0x91, 0x64, 0xA9, 0xAB, 0x0E, 0x13,
    0x9B, 0x9A, 0xCA, 0xFE, 0x78, 0xFD, 0xDF, 0xE9, 0xAA, 0x05, 0x67, 0x01, 0xA3, 0xDD, 0xFC, 0xDA,
    0xBF, 0xD3, 0xC5, 0x10, 0xEC, 0xCB, 0x22, 0xA5, 0x13, 0x7A, 0x3A, 0x9D, 0xE5, 0x71, 0x22, 0xC4,
    0xD4, 0xE6, 0xED, 0x68, 0x77, 0x70, 0xEA, 0xFA, 0xEB, 0xDE, 0x93, 0x25, 0x4B, 0x36, 0xC5, 0x62,
    0xC1, 0x22, 0x1B, 0x6A, 0x95, 0x05, 0x11, 0x1B, 0xBB, 0xB8, 0x2F, 0x02, 0x3B, 0xA7, 0x2A, 0xE5,
    0xB3, 0x83, 0x6A, 0x99, 0x99, 0x4A, 0x03, 0x31, 0x35, 0x79, 0x2C, 0x87, 0x70, 0xB6, 0x09, 0x3F,
    0x8F, 0x22, 0xC9, 0x37, 0x46, 0xB3, 0x1D, 0xB1, 0xA7, 0x22, 0xD2, 0x94, 0x0B, 0xB2, 0x9F, 0x4F,
    0xC4, 0x4E, 0x79, 0x92, 0xC6, 0xBB, 0x2E, 0x54, 0x98, 0x69, 0x11, 0x22, 0xB6, 0x6C, 0x0E, 0x91,
    0x61, 0x1D, 0x78, 0xAF, 0x00, 0x52, 0x87, 0x24, 0x47, 0xD8, 0x44, 0xC0, 0xB5, 0x60, 0xE3, 0x99,
    0x9E, 0x3F, 0x31, 0xDD, 0xC2, 0x3E, 0x18, 0xD0, 0x13, 0x93, 0x64, 0x2E, 0xCA, 0x92, 0x9D, 0x50,
    0x9E, 0x4B, 0x5C, 0x0C, 0xB4, 0x1C, 0xCD, 0x85, 0xED, 0x0E, 0xDD, 0x87, 0xB4, 0x1F, 0xA4, 0x1A,
    0x02, 0x9D, 0x46, 0xCD, 0xB6, 0x03, 0x55, 0xE6, 0xAD, 0x2A, 0xF7, 0xC3, 0xB8, 0x1F, 0x56, 0xB4,
    0xBF, 0x88, 0xE7, 0x71, 0x38, 0x8F, 0x17, 0xE5, 0x68, 0xEC, 0xE4, 0xC0, 0xC9, 0xED, 0x32, 0x5B,
    0x51, 0x66, 0x66, 0x69, 0x9C, 0x9E, 0x3D, 0x7A, 0x7A, 0x14, 0x1C, 0xDF, 0xDF, 0xEC, 0xFE, 0xCD,
    0x57, 0xBF, 0x3B, 0x3A, 0x3E, 0xDE, 0xDC, 0x5C, 0xFB, 0x9B, 0xED, 0xDF, 0x8D, 0x8E, 0xE9, 0x3C,
    0x75, 0x77, 0xFB, 0x77, 0x06, 0x00, 0x49, 0x91, 0xE6, 0x00, 0x1C, 0xCF, 0x45, 0x21, 0x83, 0x45,
    0xAC, 0xB7, 0x34, 0xA3, 0x2C, 0x86, 0xF7, 0x56, 0x25, 0xEB, 0x8F, 0x03, 0xC8, 0x1D, 0x51, 0xF0,
    0x1C, 0xAA, 0xC1, 0x87, 0x6C, 0x6A, 0xFC, 0x54, 0xDC, 0x16, 0x4D, 0x76, 0x88, 0x4D, 0xBD, 0x08,
    0x52, 0x9F, 0xA5, 0xA6, 0xA9, 0xFC, 0xE4, 0x6C, 0xCA, 0x4B, 0xD5, 0x5A, 0xED, 0xDE, 0x35, 0xAF,
    0xCD, 0x94, 0xE5, 0x91, 0x29, 0x06, 0xC4, 0x32, 0xEF, 0x19, 0x76, 0xB5, 0x44, 0x57, 0x2C, 0x89,
    0x35, 0xCB, 0x01, 0x41, 0x06, 0x9C, 0x1C, 0x58, 0xB6, 0x05, 0x84, 0x01, 0x10, 0xF0, 0x6D, 0x27,
    0xD8, 0x38, 0xE7, 0x7A, 0x46, 0xFE, 0x0F, 0x13, 0x8C, 0x5D, 0x31, 0x56, 0x05, 0x56, 0xC5, 0x42,
    0x85, 0xB9, 0x88, 0x83, 0xA2, 0x6C, 0x0B, 0xB1, 0x03, 0xD1, 0x1D, 0xCD, 0xF9, 0x57, 0xA7, 0xB3,
    0xF1, 0x63, 0x9A, 0xD2, 0xE4, 0xD0, 0x92, 0x19, 0x99, 0xAE, 0x5E, 0x30, 0x00, 0x21, 0x80, 0x00,
    0x80, 0x40, 0x95, 0x22, 0x9D, 0xB8, 0x24, 0x8B, 0xDB, 0xFE, 0xD1, 0xA7, 0x14, 0x07, 0x54, 0xA6,
    0x38, 0x8C, 0xB7, 0x92, 0x2C, 0x71, 0x31, 0x2E, 0xB7, 0x85, 0xDD, 0x82, 0x11, 0xA3, 0xD1, 0xF1,
    0xE9, 0xBC, 0x3D, 0xDB, 0x39, 0x9D, 0x28, 0x1B, 0xAB, 0x30, 0x39, 0x8E, 0xCE, 0xE5, 0xC5, 0x30,
    0x9C, 0xED, 0x6C, 0x4C, 0xDA, 0xF3, 0x5D, 0x5A, 0x8A, 0x6F, 0x02, 0xFC, 0x87, 0xA6, 0x8E, 0x94,
    0x12, 0x1A, 0x0A, 0x3E, 0x18, 0xD2, 0x19, 0x3D, 0xA1, 0xFC, 0xCA, 0xD4, 0x71, 0xF9, 0x77, 0xD2,
    0x6A, 0x64, 0x44, 0xF5, 0x26, 0x4B, 0x2A, 0xD3, 0x53, 0x23, 0xF8, 0x5E, 0xD0, 0xF3, 0x76, 0x52,
    0x66, 0xFC, 0xB6, 0x18, 0x4B, 0x1F, 0x7E, 0xF7, 0xF9, 0xE1, 0xC6, 0xE4, 0x74, 0x32, 0x35, 0x57,
    0xDB, 0x62, 0x2C, 0x1D, 0x5E, 0x8E, 0x25, 0xBF, 0x91, 0x4F, 0xE6, 0x16, 0x1F, 0xD9, 0xEA, 0x8F,
    0x55, 0x0B, 0xA1, 0xC3, 0x84, 0xE8, 0xA4, 0x60, 0xE3, 0x22, 0xB1, 0x39, 0x7F, 0x76, 0xDD, 0x79,
    0x99, 0xB3, 0x93, 0xF2, 0x2C, 0xE1, 0xBF, 0x8F, 0x5C, 0x32, 0xC8, 0x12, 0xE6, 0x1E, 0x0C, 0xF7,
    0xE2, 0xE9, 0xA4, 0xB9, 0x3A, 0x2D, 0xA4, 0x8D, 0xC1, 0x34, 0x37, 0x9E, 0x67, 0x88, 0xB2, 0x24,
    0x5F, 0x3B, 0xEA, 0x7E, 0xD7, 0x3D, 0xE8, 0x1E, 0xCC, 0x0E, 0x67, 0x13, 0xBF, 0x49, 0x2B, 0x0B,
    0x41, 0x83, 0xED, 0xA9, 0xA9, 0xFA, 0x28, 0x0E, 0x42, 0x91, 0xF8, 0xBF, 0xA3, 0x21, 0x66, 0xAA,
    0x69, 0x84, 0xF4, 0x82, 0x15, 0x46, 0xAD, 0x53, 0xAB, 0x98, 0x8F, 0x28, 0x5B, 0xCF, 0xFB, 0xC5,
    0x67, 0xC7, 0x9F, 0x1D, 0x7F, 0x7F, 0xF2, 0xFD, 0x7D, 0x0B, 0x55, 0x6D, 0x31, 0x22, 0x50, 0x41,
    0xC5, 0x1A, 0xFB, 0x36, 0x19, 0x95, 0x77, 0xAB, 0x07, 0xDB, 0x47, 0xC2, 0x26, 0xFC, 0xD1, 0x53,
    0x7F, 0x90, 0x2C, 0xD5, 0x24, 0x49, 0x89, 0xFF, 0x8A, 0xFE, 0xC3, 0x1B, 0x1D, 0xA6, 0xAB, 0x48,
    0x96, 0x42, 0x33, 0xBB, 0x28, 0x50, 0x99, 0x4E, 0x00, 0x07, 0x79, 0xB5, 0xAB, 0x03, 0x7A, 0xB9,
    0x2E, 0x9B, 0xF4, 0x89, 0x3D, 0xEF, 0x9D, 0x7D, 0x79, 0x3A, 0x69, 0x4D, 0xB5, 0x7A, 0x89, 0x9C,
    0xD1, 0x41, 0x00, 0x66, 0xD1, 0xF4, 0xBB, 0x00, 0xF0, 0x34, 0x9D, 0x0C, 0xD4, 0xF5, 0x05, 0x43,
    0x1C, 0xCC, 0x83, 0x7B, 0xF1, 0xEE, 0x86, 0xFA, 0x2E, 0x9E, 0xEF, 0x9D, 0x1E, 0x57, 0xCA, 0x01,
    0xE1, 0x98, 0xF3, 0xE0, 0xC0, 0x74, 0x1D, 0x4D, 0x38, 0x66, 0xB9, 0x69, 0x42, 0x32, 0x5B, 0x2D,
    0xA9, 0x39, 0xB5, 0xE0, 0x8F, 0xA9, 0x4A, 0x17, 0x06, 0x62, 0x17, 0xE8, 0xB5, 0x21, 0xB4, 0x43,
    0x8F, 0x1B, 0xA1, 0x25, 0x7A, 0x68, 0x31, 0x0D, 0x5C, 0xE1, 0x4C, 0xB7, 0xE2, 0x1C, 0xD7, 0xC2,
    0x0F, 0x76, 0x56, 0xE7, 0xED, 0x07, 0x5F, 0x47, 0xB9, 0x5F, 0xE5, 0x89, 0x2D, 0x84, 0x00, 0x52,
    0xE7, 0x17, 0x33, 0x5B, 0x61, 0x7F, 0x62, 0xDF, 0xB1, 0xEF, 0xDB, 0x8F, 0xED, 0x68, 0xBA, 0x3D,
    0x63, 0xB6, 0xDC, 0x34, 0x96, 0xAB, 0x21, 0xB8, 0x93, 0xF6, 0x43, 0x73, 0x36, 0x98, 0xC8, 0xA0,
    0x1D, 0xBA, 0x35, 0xB3, 0x89, 0x3A, 0x00, 0xBC, 0x07, 0xCB, 0xCA, 0x3B, 0x36, 0xEC, 0x74, 0x3A,
    0x9A, 0x6D, 0xCF, 0xD9, 0x31, 0xCB, 0x59, 0xC6, 0x4E, 0x69, 0x46, 0x06, 0x75, 0x7C, 0xA8, 0xCF,
    0xF8, 0x6F, 0x65, 0xBD, 0xDD, 0x70, 0xF7, 0xCC, 0xCF, 0x70, 0xC4, 0x3C, 0x13, 0x49, 0xBB, 0x84,
    0xCB, 0xD5, 0x39, 0x91, 0x6E, 0xC1, 0xB6, 0xA1, 0xDA, 0x08, 0xDB, 0x08, 0xAA, 0x2C, 0xDA, 0x90,
    0x8F, 0x88, 0x1E, 0x12, 0x0D, 0x35, 0x98, 0xAD, 0x6A, 0x36, 0x01, 0xB1, 0x38, 0xE8, 0x54, 0x07,
    0x91, 0xF6, 0xB9, 0x89, 0x56, 0x80, 0x50, 0x40, 0x72, 0xCD, 0x47, 0x06, 0xCE, 0xA1, 0xDD, 0x86,
    0x94, 0x44, 0x63, 0xA2, 0x45, 0x74, 0xB1, 0x6B, 0x19, 0xD5, 0xCD, 0x6F, 0xFA, 0x9D, 0xF0, 0x30,
    0x85, 0x1F, 0xCB, 0x4F, 0x89, 0x26, 0xBA, 0x16, 0xA2, 0xD5, 0x61, 0xDB, 0xA8, 0xFB, 0x6B, 0x1C,
    0x68, 0x00, 0x06, 0x35, 0xA0, 0x05, 0xA6, 0x51, 0xF7, 0x67, 0x42, 0xC0, 0x41, 0x1C, 0xFA, 0x3B,
    0x2E, 0x88, 0x8E, 0xB0, 0x65, 0xF9, 0x04, 0x61, 0x8C, 0x91, 0x41, 0x80, 0x8A, 0xEE, 0x20, 0xBC,
    0xF2, 0x8D, 0xF4, 0x00, 0x4C, 0xCD, 0x3F, 0x94, 0x92, 0x50, 0x8F, 0xC3, 0x77, 0xCC, 0x91, 0x20,
    0xA2, 0xEA, 0x3F, 0x0C, 0xEA, 0xF8, 0x68, 0x51, 0x87, 0x5D, 0xDD, 0x58, 0x0F, 0xA1, 0x3C, 0xB4,
    0x28, 0xF1, 0xC8, 0x58, 0xAC, 0x2F, 0xDF, 0xA5, 0x4E, 0xF5, 0x50, 0xD2, 0x2C, 0xC9, 0x51, 0x5B,
    0xBC, 0x44, 0x06, 0x1D, 0xB4, 0xD0, 0x40, 0x7D, 0x79, 0x42, 0xE6, 0x3C, 0x47, 0x8E, 0x76, 0xF5,
    0x18, 0xAE, 0xB0, 0x5D, 0x36, 0xA1, 0x85, 0xB1, 0xAE, 0xB5, 0x71, 0xCF, 0xB2, 0x47, 0x54, 0xA6,
    0x73, 0x83, 0x26, 0xA0, 0x7C, 0x15, 0x9F, 0x52, 0x88, 0x02, 0x3D, 0x27, 0xBC, 0x8A, 0x94, 0x23,
    0x6E, 0x60, 0x64, 0x6A, 0x01, 0xFE, 0xF9, 0x9F, 0x63, 0x6D, 0x1F, 0xA4, 0x79, 0x06, 0xA9, 0x11,
    0x03, 0x1A, 0xD2, 0x82, 0x8C, 0x7C, 0x08, 0x17, 0x0A, 0x74, 0xAA, 0x38, 0x6A, 0x21, 0x3A, 0x86,
    0x83, 0xFD, 0x95, 0x0E, 0x8E, 0x90, 0x5A, 0x56, 0x40, 0x58, 0x34, 0x2B, 0x74, 0x17, 0x8B, 0x03,
    0x1C, 0xD6, 0x21, 0x33, 0x46, 0x26, 0xDA, 0x62, 0x33, 0x13, 0xC6, 0x6C, 0xB0, 0x70, 0x04, 0x45,
    0x86, 0x77, 0x21, 0x14, 0x8E, 0x11, 0x5A, 0xD1, 0x64, 0x3E, 0x8A, 0x74, 0x0E, 0x42, 0x75, 0x5B,
    0xE5, 0xFA, 0x2C, 0x8C, 0xC8, 0x39, 0xE9, 0x0B, 0xDB, 0xEE, 0xC9, 0x80, 0x8D, 0x74, 0x8C, 0x05,
    0x21, 0xBE, 0xE9, 0x36, 0xB6, 0xF4, 0x7E, 0x5E, 0xF5, 0x84, 0xC4, 0x21, 0x44, 0x45, 0x3C, 0x5A,
    0xD5, 0xE8, 0x5E, 0x8E, 0x95, 0x36, 0xB8, 0x07, 0x50, 0x25, 0x66, 0xD0, 0xC3, 0x0B, 0x17, 0xCB,
    0x1F, 0x79, 0x01, 0x84, 0xAF, 0xD6, 0x02, 0x70, 0x7D, 0xA2, 0x48, 0xE9, 0x31, 0x91, 0x6F, 0x98,
    0xA4, 0x9C, 0x68, 0x97, 0xEC, 0xB3, 0x89, 0x02, 0xD7, 0xA7, 0x80, 0x29, 0x15, 0x09, 0x55, 0xA5,
    0xC7, 0x74, 0x46, 0x79, 0x4A, 0xCF, 0xA6, 0x80, 0x97, 0x0E, 0xED, 0x88, 0xE8, 0x94, 0x88, 0xBE,
    0x03, 0xA4, 0x03, 0x1E, 0x90, 0x87, 0xED, 0x99, 0x6B, 0xFA, 0xE1, 0xD0, 0xC6, 0x9B, 0xCC, 0x6C,
    0x45, 0x93, 0xA7, 0x34, 0xD6, 0x2A, 0x3D, 0x7C, 0x42, 0x42, 0xE4, 0xF4, 0xD0, 0x55, 0x36, 0x7C,
    0x2C, 0x5D, 0x5F, 0xAA, 0x63, 0x59, 0x5E, 0x82, 0x0D, 0x93, 0x8B, 0x22, 0x19, 0x78, 0xC3, 0xB7,
    0x81, 0xA8, 0x21, 0x56, 0x6C, 0xA2, 0x83, 0x2D, 0x6C, 0xFA, 0x56, 0xE6, 0x19, 0x66, 0x46, 0x04,
    0x88, 0x97, 0x80, 0x1B, 0xF8, 0xC8, 0xF0, 0x1A, 0xC2, 0x16, 0x2B, 0x71, 0x39, 0xA4, 0xA2, 0xC3,
    0x66, 0x08, 0x1A, 0xE8, 0x98, 0x37, 0xAA, 0x01, 0xF0, 0x9E, 0x6F, 0x83, 0xD4, 0x48, 0xC1, 0x0F,
    0xD0, 0x0C, 0xE1, 0x62, 0xA1, 0x55, 0x1B, 0xD3, 0x5C, 0x1E, 0xBA, 0x64, 0xDB, 0x18, 0xC1, 0x11,
    0xD6, 0xA1, 0x5A, 0xEC, 0xB2, 0x58, 0x2D, 0x5B, 0xBE, 0xE3, 0x6D, 0x55, 0x5D, 0x4E, 0x00, 0xAA,
    0xE2, 0xF5, 0xB3, 0x11, 0x2B, 0x64, 0xF6, 0x2F, 0xAD, 0x40, 0xDC, 0x9E, 0x51, 0x72, 0x31, 0xBE,
    0x5A, 0xB4, 0xBC, 0xD0, 0x95, 0xD6, 0x00, 0x44, 0xDF, 0xA4, 0x4F, 0x68, 0x3E, 0x38, 0x90, 0xFB,
    0x6B, 0x6E, 0x3E, 0xDB, 0x3D, 0x58, 0xC9, 0xBA, 0xD3, 0xF9, 0x64, 0x97, 0xD6, 0xB2, 0x8F, 0xCD,
    0x15, 0x5D, 0xED, 0x2F, 0xE8, 0x6A, 0x65, 0x9F, 0x14, 0xD2, 0xDB, 0x27, 0x47, 0x9E, 0xE0, 0xB8,
    0x50, 0x55, 0xE4, 0xC6, 0x90, 0x4F, 0x4B, 0x77, 0xFF, 0x9B, 0xBF, 0x54, 0x9A, 0xD3, 0x13, 0x3A,
    0x33, 0x7C, 0xB1, 0x69, 0xB1, 0xD8, 0xE0, 0x89, 0xA4, 0xE5, 0x5A, 0xA2, 0x8D, 0x6A, 0x5E, 0x3B,
    0xA1, 0xC7, 0xA4, 0x53, 0x22, 0x72, 0x97, 0x91, 0xAE, 0x04, 0xEA, 0x88, 0x61, 0x99, 0xAE, 0x21,
    0x84, 0x82, 0xE1, 0xBA, 0xBA, 0x00, 0x04, 0x0B, 0x25, 0x23, 0x33, 0x42, 0xFB, 0xA2, 0x72, 0xB3,
    0xB3, 0xB1, 0xF7, 0x2A, 0xCC, 0x2F, 0xBD, 0x0A, 0x03, 0x44, 0x7C, 0x9C, 0xA7, 0x0F, 0xCF, 0x69,
    0x9C, 0xF5, 0xE5, 0xC0, 0xB5, 0xA3, 0x81, 0x2D, 0xD2, 0xC3, 0xF4, 0xF1, 0x69, 0x9E, 0xF0, 0x12,
    0xF4, 0xB6, 0xCB, 0xE3, 0x97, 0x06, 0xCD, 0x13, 0x6C, 0xE4, 0xF2, 0xF5, 0x4A, 0x81, 0x02, 0xE0,
    0x24, 0xD6, 0x40, 0xB6, 0x79, 0xFA, 0xBB, 0xE2, 0xE3, 0x8C, 0x8F, 0xA7, 0x0F, 0x27, 0xE9, 0xD3,
    0xDD, 0xEF, 0x23, 0x30, 0x13, 0xB2, 0x5D, 0xA2, 0x73, 0x12, 0xE8, 0x50, 0x99, 0x4E, 0x4D, 0x83,
    0x6B, 0xB4, 0x22, 0x79, 0x9E, 0x55, 0xA1, 0x86, 0x52, 0xE6, 0x38, 0xA4, 0xAF, 0x60, 0xA5, 0x21,
    0x56, 0x70, 0x97, 0x26, 0x27, 0x2E, 0xAB, 0x63, 0x71, 0x12, 0xB0, 0x00, 0x27, 0x03, 0x46, 0x04,
    0xA4, 0xC2, 0x2D, 0xF4, 0xDE, 0x1A, 0x19, 0x37, 0x15, 0x69, 0x82, 0x0A, 0x01, 0x21, 0xD0, 0x80,
    0xB3, 0x5C, 0x07, 0x31, 0x14, 0xE6, 0x08, 0xB0, 0xE2, 0x79, 0x94, 0x7D, 0xC4, 0xF8, 0x00, 0x02,
    0xC2, 0xC2, 0x22, 0x97, 0x94, 0x45, 0xDB, 0x44, 0xDC, 0x41, 0xA1, 0x8F, 0x00, 0xD2, 0x33, 0x27,
    0xBF, 0x44, 0x8C, 0xAE, 0x16, 0x08, 0x14, 0xAA, 0x99, 0x16, 0xCA, 0x01, 0xCD, 0x00, 0x10, 0xDA,
    0x82, 0xD9, 0x26, 0xD0, 0x63, 0x0E, 0xCD, 0xC5, 0x6F, 0xD2, 0x23, 0x0B, 0x41, 0x0E, 0x48, 0x32,
    0xE0, 0xCE, 0x98, 0x01, 0xCE, 0x02, 0x41, 0x0C, 0x60, 0x0E, 0x94, 0x98, 0x01, 0x25, 0x66, 0x28,
    0x31, 0x03, 0x84, 0x95, 0x05, 0x72, 0x4E, 0x26, 0xD2, 0x9E, 0xEC, 0x01, 0xE8, 0x03, 0x90, 0x06,
    0x28, 0x31, 0x03, 0xBA, 0x1A, 0x1E, 0x33, 0xF0, 0x09, 0xF0, 0xDF, 0x1A, 0x33, 0xD3, 0x59, 0x31,
    0x61, 0xC8, 0xF7, 0xF9, 0x44, 0x7F, 0x80, 0x0F, 0xAD, 0xB0, 0x3C, 0x43, 0x8E, 0x75, 0x44, 0x5A,
    0x18, 0xEE, 0xAA, 0x60, 0xB2, 0x0F, 0x8C, 0x34, 0xCD, 0x36, 0xFB, 0x25, 0x1F, 0xE8, 0xAE, 0xEE,
    0xBC, 0xF7, 0xDF, 0x1A, 0xB3, 0xB7, 0x82, 0x2A, 0x70, 0x3F, 0xE0, 0x56, 0x0C, 0xDA, 0x7C, 0x1F,
    0x12, 0x1F, 0x80, 0x19, 0x61, 0xA1, 0x90, 0x57, 0xF0, 0x85, 0xE6, 0x8E, 0xD9, 0x2A, 0x62, 0x8E,
    0x34, 0x01, 0x4A, 0xCC, 0x34, 0xBA, 0xDA, 0x21, 0x50, 0xE1, 0x6B, 0x62, 0x16, 0xB5, 0x2E, 0x7E,
    0x5B, 0xAF, 0x82, 0x31, 0xD0, 0xE3, 0x22, 0x7E, 0x7F, 0xB4, 0x53, 0x57, 0x9F, 0x0C, 0xC2, 0x86,
    0x9D, 0xD4, 0xAA, 0x83, 0x28, 0x5E, 0x57, 0x9D, 0xC5, 0x7A, 0x8E, 0xE4, 0x20, 0xDD, 0x8B, 0x63,
    0xA5, 0xAE, 0x87, 0x47, 0x89, 0xD5, 0x96, 0xCD, 0xE0, 0x53, 0xD0, 0x41, 0xA0, 0x20, 0x3A, 0x10,
    0xB6, 0xCA, 0x0E, 0xA2, 0x87, 0x66, 0x4A, 0x45, 0x44, 0x99, 0x20, 0x8D, 0x45, 0xFA, 0x0C, 0xE8,
    0x57, 0xFB, 0xB0, 0xCA, 0xD5, 0x38, 0xE5, 0xDA, 0x17, 0xC0, 0x0C, 0x6A, 0x01, 0xD0, 0xEB, 0x41,
    0x6E, 0x5B, 0x4E, 0x92, 0x28, 0x8D, 0x68, 0x9A, 0x25, 0x0E, 0x97, 0xA9, 0x66, 0x81, 0x4D, 0x80,
    0xFD, 0x1A, 0x10, 0x4B, 0x35, 0xA2, 0x87, 0xDB, 0x88, 0x95, 0x1D, 0x0D, 0x82, 0xA7, 0x0E, 0x3F,
    0x79, 0xFC, 0xD7, 0xB1, 0xEA, 0xA0, 0x0A, 0x97, 0x67, 0xB6, 0x12, 0x7A, 0x04, 0xE0, 0xDB, 0xB5,
    0x41, 0x27, 0x16, 0xF8, 0x08, 0x2D, 0xF8, 0xBC, 0x0E, 0x24, 0xC0, 0x1A, 0x90, 0x7A, 0x4C, 0xEE,
    0x84, 0x79, 0x0B, 0x60, 0xCB, 0xC5, 0xD2, 0x7D, 0x54, 0x2B, 0x85, 0x13, 0x0D, 0x96, 0x61, 0x99,
    0xF8, 0x52, 0x98, 0x31, 0x40, 0x00, 0xB4, 0x14, 0xF8, 0xD8, 0x60, 0x4B, 0x22, 0xCA, 0x52, 0xBA,
    0xC8, 0x88, 0xE4, 0x88, 0x34, 0x3A, 0xA3, 0xB3, 0xF3, 0x94, 0x00, 0x4C, 0xCB, 0xAE, 0x0B, 0xC2,
    0x07, 0x73, 0x8D, 0x06, 0x2F, 0x6B, 0x8D, 0xBE, 0x4D, 0xA5, 0x01, 0x00, 0x1F, 0xE4, 0x2F, 0x96,
    0x43, 0x3A, 0xB7, 0x68, 0x23, 0x35, 0x69, 0xC1, 0xCA, 0x4D, 0x54, 0x8A, 0xE8, 0x18, 0x0A, 0x5D,
    0x35, 0x77, 0x33, 0xE5, 0xA5, 0x0C, 0x6B, 0x1C, 0x7A, 0xF0, 0x9E, 0xA9, 0x22, 0x6F, 0x43, 0xE4,
    0x48, 0x0B, 0x44, 0x96, 0x15, 0x48, 0x8D, 0xDC, 0x63, 0xD6, 0xC6, 0x52, 0xA0, 0xDF, 0xED, 0x1E,
    0xA7, 0x98, 0xA9, 0x20, 0xC4, 0xD4, 0x04, 0x75, 0x38, 0x08, 0x8D, 0xA4, 0x60, 0xE4, 0x7C, 0x7D,
    0x46, 0xBC, 0x40, 0x82, 0x5C, 0x4E, 0xF3, 0xC4, 0x2C, 0x74, 0xE6, 0x4E, 0x9A, 0x0F, 0xD0, 0x62,
    0x86, 0x23, 0x45, 0xE4, 0x78, 0x01, 0xEE, 0x90, 0xA3, 0x60, 0x34, 0xCE, 0xFB, 0xD5, 0x8A, 0x5A,
    0xE0, 0xFF, 0x8F, 0x15, 0xC3, 0x3B, 0xCB, 0xA0, 0xF6, 0x2F, 0x20, 0x5F, 0xE7, 0xC6, 0x53, 0x9F,
    0xCA, 0xC1, 0x6C, 0xFF, 0x3C, 0x27, 0x86, 0x46, 0x15, 0xD6, 0x36, 0x67, 0x47, 0xC2, 0x49, 0x8B,
    0x2A, 0xD5, 0x2B, 0x09, 0xAE, 0x07, 0xB5, 0x74, 0x62, 0x1E, 0xEF, 0x4E, 0xE8, 0xE4, 0x6C, 0x04,
    0xBC, 0x29, 0xF8, 0xE0, 0x93, 0xAF, 0xBE, 0x05, 0xDE, 0xE0, 0xDB, 0xA6, 0x53, 0xA9, 0xFD, 0x06,
    0x83, 0xF1, 0xE1, 0x64, 0xA4, 0xEB, 0x50, 0x5C, 0x7F, 0xC6, 0xDD, 0x8A, 0x46, 0x79, 0x15, 0x31,
    0x33, 0x35, 0xBF, 0x93, 0x58, 0xAE, 0x52, 0x92, 0x66, 0x8B, 0x69, 0x34, 0x6A, 0xCC, 0xF5, 0x57,
    0x76, 0x67, 0xAE, 0x62, 0x95, 0x43, 0x01, 0xB3, 0xF0, 0x6B, 0x0E, 0xA5, 0xD8, 0x1D, 0xDB, 0x0E,
    0x1A, 0x30, 0xC2, 0x24, 0xA5, 0x75, 0x65, 0xD1, 0x58, 0xA0, 0xB2, 0x5C, 0xFB, 0x1D, 0x37, 0x91,
    0xCE, 0x03, 0x38, 0xC9, 0x5D, 0xB4, 0x64, 0xAF, 0xD0, 0xF3, 0x6D, 0x8F, 0x34, 0xB6, 0x50, 0x45,
    0xDD, 0x80, 0xF0, 0xD9, 0x94, 0x98, 0xF1, 0x41, 0xB5, 0x50, 0x25, 0x84, 0xA8, 0x58, 0xE8, 0x76,
    0x4A, 0x2E, 0x21, 0x13, 0xE5, 0x8B, 0xDB, 0x64, 0x99, 0x8D, 0xCF, 0xC2, 0x80, 0x1B, 0xC0, 0x02,
    0x6D, 0x40, 0xE8, 0x06, 0x9C, 0x40, 0x93, 0x69, 0xBE, 0x88, 0x85, 0x17, 0x48, 0xF0, 0x91, 0xE5,
    0x59, 0x4A, 0x34, 0xA1, 0x27, 0x2E, 0x75, 0xC0, 0x47, 0xED, 0x68, 0x77, 0x62, 0x5D, 0x9B, 0x9B,
    0x2A, 0xEB, 0x58, 0xC0, 0xB6, 0x29, 0x1A, 0xA3, 0xBC, 0x24, 0xB5, 0x37, 0xE2, 0x31, 0x5B, 0x91,
    0xB2, 0x4B, 0xE7, 0xEF, 0x00, 0x6D, 0x96, 0x13, 0x3D, 0xA9, 0x5A, 0xF3, 0x36, 0xE0, 0xC0, 0x2D,
    0xA2, 0x0E, 0x2E, 0x0C, 0x7B, 0xAC, 0xDF, 0xC8, 0xFD, 0x91, 0x04, 0xC2, 0x0A, 0x81, 0xB6, 0xD7,
    0x87, 0x21, 0x6C, 0x20, 0x54, 0x88, 0x2D, 0x56, 0x2D, 0x36, 0x2C, 0x9B, 0x11, 0x6D, 0x53, 0x01,
    0xB2, 0x8B, 0xFB, 0x9B, 0xD5, 0xBB, 0x2D, 0x7F, 0x0D, 0xF9, 0x35, 0xF8, 0x23, 0xA0, 0xCC, 0x11,
    0x20, 0x17, 0x03, 0xD3, 0xF9, 0xEB, 0x1D, 0x6E, 0x42, 0xF4, 0x6A, 0x90, 0x8B, 0x98, 0x7E, 0x71,
    0x1B, 0x52, 0x68, 0x39, 0x25, 0xA2, 0x88, 0xE6, 0x23, 0x32, 0x80, 0x56, 0xEB, 0xD1, 0xFF, 0xB7,
    0xD4, 0x8A, 0xCD, 0x5C, 0xAF, 0xC9, 0x6C, 0x95, 0xAB, 0x3F, 0x25, 0x6B, 0xA6, 0xBB, 0x53, 0x5D,
    0xF5, 0x78, 0x26, 0xFF, 0xED, 0x83, 0xD9, 0xE3, 0xFF, 0x39, 0x8B, 0x74, 0x8F, 0x57, 0x74, 0xBD,
    0x52, 0x27, 0x2D, 0x68, 0x7B, 0x9A, 0x50, 0x91, 0xE2, 0x56, 0x37, 0xCD, 0xC5, 0x14, 0x2A, 0xDE,
    0x80, 0x52, 0x42, 0xA0, 0xD7, 0x59, 0x84, 0x57, 0x12, 0x50, 0x2A, 0x10, 0x64, 0x93, 0x1C, 0x84,
    0xB7, 0xC4, 0xB6, 0xCD, 0xD7, 0xF6, 0x7E, 0x1A, 0x0D, 0xA7, 0x47, 0xF3, 0x2C, 0x7F, 0x13, 0xB9,
    0xC8, 0xDA, 0x76, 0x5A, 0x8E, 0xB7, 0x66, 0x63, 0xBD, 0xD3, 0x03, 0x30, 0xDB, 0x09, 0x37, 0x26,
    0xC9, 0xC9, 0x9B, 0xAD, 0x61, 0x3D, 0xE6, 0x66, 0xFD, 0xC3, 0xB3, 0xD9, 0x6F, 0x7E, 0x62, 0xB6,
    0xB8, 0x95, 0x88, 0x99, 0x66, 0xE0, 0x5E, 0x98, 0x76, 0x22, 0x0B, 0xB6, 0x82, 0xF5, 0xA0, 0x1F,
    0x6C, 0x8A, 0x73, 0x31, 0x27, 0xA2, 0xA2, 0xD1, 0x40, 0xE7, 0x32, 0x88, 0x58, 0x65, 0xC4, 0xAB,
    0xBB, 0x7F, 0xE5, 0x9F, 0x20, 0x4D, 0x47, 0x5A, 0x99, 0x76, 0x47, 0x3A, 0x9E, 0xC1, 0xE1, 0xAD,
    0xCA, 0xEB, 0xBF, 0x0A, 0x22, 0x18, 0xD5, 0xFB, 0xAB, 0x59, 0xB1, 0x71, 0x4A, 0x05, 0x65, 0x4C,
    0x73, 0x1D, 0x21, 0xF7, 0xF6, 0xBC, 0xD9, 0xE0, 0x8B, 0x40, 0x25, 0x63, 0xAF, 0x1F, 0x0C, 0x63,
    0x75, 0x3A, 0x2A, 0x78, 0xC6, 0x35, 0x07, 0x64, 0xD5, 0xE3, 0x29, 0xD8, 0x01, 0xC4, 0x17, 0x68,
    0xBE, 0x8D, 0x18, 0xB0, 0x80, 0xC3, 0x4F, 0x2A, 0x07, 0x6F, 0x97, 0x14, 0x10, 0x45, 0xFA, 0x94,
    0xCE, 0x75, 0x1D, 0x21, 0x12, 0x1D, 0x91, 0x2C, 0xAA, 0x57, 0x15, 0x06, 0xAC, 0x92, 0xD9, 0x84,
    0xB7, 0x7D, 0x83, 0x1B, 0x5F, 0x88, 0x0C, 0xBA, 0x9A, 0xCD, 0x20, 0xFE, 0x12, 0x01, 0x3C, 0xA8,
    0x36, 0x78, 0x15, 0x12, 0x24, 0x97, 0x54, 0x02, 0xE8, 0xC1, 0x30, 0xCD, 0xAC, 0x30, 0x75, 0x70,
    0x4A, 0x0A, 0xBA, 0x30, 0x35, 0x04, 0x88, 0x8C, 0xA4, 0x21, 0x81, 0x1B, 0x96, 0x23, 0x45, 0x13,
    0x5C, 0xC3, 0xBE, 0x15, 0xF2, 0x81, 0x55, 0x49, 0x9D, 0x5D, 0x68, 0xA1, 0x30, 0x47, 0xDB, 0xC9,
    0x88, 0x46, 0xE4, 0xA4, 0xAB, 0x0C, 0x91, 0x46, 0xC9, 0x5F, 0x80, 0x2C, 0x2F, 0x10, 0x7A, 0xF6,
    0xB7, 0x97, 0xD0, 0x36, 0x59, 0x99, 0xBD, 0x30, 0x21, 0xFF, 0x70, 0x36, 0x7E, 0xDE, 0x29, 0x39,
    0x4E, 0xFF, 0x4F, 0x03, 0x58, 0x15, 0xD7, 0x6B, 0x9C, 0x69, 0xD3, 0x69, 0x35, 0x16, 0x81, 0x7B,
    0xE2, 0xE8, 0xB4, 0x0D, 0x20, 0x16, 0x4B, 0x77, 0xF4, 0xEB, 0xFF, 0x83, 0xE7, 0xA2, 0x51, 0x86,
    0x7B, 0xDF, 0xB4, 0x2E, 0xFE, 0x80, 0x8D, 0x49, 0xBD, 0x35, 0x2E, 0x73, 0x10, 0xCF, 0x76, 0x5A,
    0xBD, 0x56, 0x43, 0x0E, 0xC7, 0xC0, 0x25, 0xB0, 0xAB, 0x28, 0x40, 0xBD, 0x64, 0xD7, 0xA0, 0xDE,
    0x2C, 0xCF, 0x4E, 0x9D, 0x89, 0x93, 0x64, 0x2F, 0xEF, 0x27, 0x2B, 0x05, 0xC9, 0xC1, 0xF0, 0xF1,
    0xE1, 0x04, 0x75, 0x66, 0xEB, 0xE8, 0x70, 0x1B, 0xC1, 0x00, 0x21, 0xCB, 0x22, 0x33, 0xF7, 0xFE,
    0xDB, 0x07, 0xB2, 0x48, 0x5D, 0xC2, 0xCC, 0xBA, 0xB4, 0x7D, 0xAE, 0x31, 0xDB, 0x69, 0x7C, 0xFC,
    0x8B, 0x32, 0x57, 0xE6, 0x14, 0x53, 0x3F, 0xAB, 0x37, 0x2F, 0x60, 0x6D, 0xC7, 0x27, 0xB5, 0x4C,
    0xBD, 0x34, 0x41, 0xCB, 0x19, 0xD3, 0xCB, 0x4C, 0x00, 0x6E, 0x7A, 0x9D, 0xE4, 0x0B, 0x39, 0x3D,
    0x33, 0xEB, 0xAA, 0x16, 0x32, 0xAE, 0xD5, 0x56, 0x20, 0xA6, 0x3A, 0x59, 0x0A, 0x5A, 0x5F, 0xB2,
    0x19, 0x65, 0x49, 0xC1, 0x8A, 0x85, 0x70, 0xD3, 0x00, 0xD3, 0x88, 0xC0, 0x1C, 0x1A, 0x7E, 0x7E,
    0x55, 0x75, 0x81, 0xAC, 0x23, 0x0B, 0x24, 0x96, 0x4D, 0x10, 0xF6, 0xC4, 0x80, 0xB2, 0xA8, 0x00,
    0xE9, 0xF7, 0x8F, 0xE3, 0xF4, 0x1F, 0x10, 0xCF, 0x86, 0xE1, 0xC6, 0xE1, 0x85, 0x41, 0xA3, 0x59,
    0x63, 0xBA, 0x1D, 0xD5, 0x80, 0x8A, 0x33, 0x5D, 0x4F, 0x68, 0x0B, 0xC7, 0xDF, 0x97, 0xFE, 0xFC,
    0xDE, 0x13, 0xEA, 0x25, 0xD8, 0xBD, 0x06, 0xA9, 0x6E, 0xFC, 0x08, 0x0A, 0xCD, 0x75, 0x75, 0x13,
    0xEC, 0xB3, 0xC1, 0x06, 0x36, 0x09, 0x51, 0x71, 0xCD, 0x72, 0x97, 0x1E, 0x03, 0x4C, 0xAB, 0x06,
    0xD6, 0xE4, 0xEC, 0xD7, 0xC0, 0x1B, 0xCC, 0xF6, 0x92, 0x60, 0xFE, 0xCE, 0x70, 0x9A, 0x6D, 0xAE,
    0x16, 0x09, 0x56, 0x74, 0x9F, 0x7D, 0x7B, 0xF9, 0xE3, 0x1D, 0xE9, 0xED, 0xED, 0xA1, 0xFA, 0x78,
    0x3C, 0x14, 0x7E, 0x55, 0x97, 0xE5, 0x4E, 0x98, 0x2B, 0x06, 0xE2, 0xD5, 0xAD, 0xF0, 0x75, 0x78,
    0x06, 0x54, 0xB4, 0x03, 0xB5, 0x05, 0xBF, 0xC0, 0x16, 0xF8, 0x75, 0x2C, 0xC4, 0x50, 0x23, 0x6B,
    0x22, 0x71, 0x44, 0xE7, 0xA7, 0xE5, 0x3D, 0x03, 0x02, 0xFE, 0x2B, 0x95, 0x48, 0x05, 0x9E, 0xA9,
    0x99, 0x4E, 0x7E, 0xD3, 0xC3, 0x3D, 0x61, 0xF3, 0x45, 0xA3, 0x7C, 0xD8, 0xD3, 0x2C, 0xA5, 0xFE,
    0x55, 0xAF, 0x84, 0xAF, 0x83, 0x48, 0x63, 0xD1, 0x21, 0x02, 0xC0, 0x1F, 0xE0, 0x2F, 0x63, 0x6D,
    0x49, 0x10, 0x01, 0x05, 0xF0, 0x05, 0x6A, 0x23, 0x03, 0x29, 0xC1, 0x5C, 0x1B, 0xE9, 0x94, 0xE8,
    0x64, 0x46, 0x79, 0x22, 0x0A, 0xA0, 0xA5, 0xE6, 0x3F, 0x7B, 0xAA, 0x01, 0x55, 0x32, 0x5D, 0xC3,
    0xE0, 0xC3, 0x33, 0x83, 0x3A, 0xD7, 0xAD, 0x77, 0x06, 0xCE, 0x23, 0xF3, 0xDC, 0xD8, 0x6A, 0x83,
    0x98, 0x1F, 0x9B, 0x91, 0xCD, 0x97, 0x51, 0x91, 0x99, 0x11, 0x6F, 0x56, 0x4C, 0xDA, 0x7B, 0x0A,
    0xAE, 0xDC, 0x28, 0x23, 0x97, 0xEA, 0x36, 0x22, 0x2B, 0xC8, 0x88, 0x8C, 0x15, 0x2C, 0xC7, 0x19,
    0x7A, 0x36, 0x6E, 0x87, 0xE2, 0x1C, 0xF4, 0x17, 0x98, 0x9A, 0x58, 0x05, 0x6F, 0x55, 0x1A, 0x86,
    0x26, 0x38, 0xD9, 0x34, 0x13, 0xD9, 0xCB, 0xF8, 0x05, 0x18, 0xA1, 0xEB, 0x37, 0xB3, 0x0A, 0x0B,
    0x21, 0xFF, 0xE5, 0x08, 0x2D, 0x8D, 0x95, 0x77, 0x42, 0x48, 0xC3, 0x22, 0x46, 0x80, 0x57, 0x21,
    0x74, 0x13, 0x26, 0x8B, 0x20, 0x29, 0x00, 0x84, 0x8E, 0xAC, 0x1F, 0x6A, 0x3C, 0x8F, 0xB4, 0x57,
    0xAD, 0x56, 0x28, 0x5C, 0x99, 0x39, 0x9A, 0xE5, 0x16, 0x51, 0x54, 0x48, 0xC7, 0x16, 0xBF, 0xE8,
    0x93, 0x84, 0xC8, 0x18, 0x39, 0xCF, 0x57, 0xE9, 0x14, 0x6D, 0xD3, 0x8C, 0x03, 0x29, 0xD8, 0x53,
    0x93, 0x5C, 0xA1, 0x64, 0xD1, 0x86, 0xD0, 0xA0, 0xAC, 0x8A, 0x5F, 0xD4, 0x80, 0xAA, 0xA4, 0x7D,
    0x96, 0x8B, 0x5C, 0x66, 0xC8, 0xB9, 0x4B, 0x86, 0x8E, 0xB8, 0xAB, 0x5E, 0x99, 0xE0, 0x52, 0x29,
    0x14, 0x19, 0x91, 0x83, 0x34, 0x72, 0x24, 0x48, 0x74, 0xEA, 0x28, 0x7A, 0xC4, 0x2D, 0xC0, 0xE1,
    0x02, 0x66, 0xC3, 0x6A, 0x6E, 0x3B, 0xF6, 0x8B, 0x6B, 0x3E, 0xE2, 0x08, 0x2A, 0xCC, 0xC2, 0xCB,
    0xDE, 0x9A, 0x9D, 0xD2, 0x45, 0xEE, 0x3E, 0x42, 0xB5, 0x98, 0x00, 0xA8, 0x95, 0xD5, 0xB9, 0x89,
    0xAB, 0x19, 0xF1, 0xE8, 0x41, 0x91, 0x6A, 0xBD, 0xE8, 0x57, 0x9F, 0x3A, 0x95, 0x9A, 0xFA, 0xCA,
    0x3A, 0xDC, 0x0C, 0xFB, 0x09, 0xA5, 0x5F, 0xBE, 0xF5, 0x43, 0xF6, 0xEA, 0x46, 0x8E, 0xAA, 0x0A,
    0x01, 0x8F, 0xB7, 0xC3, 0x80, 0xB3, 0xCA, 0x10, 0x1B, 0x36, 0x9B, 0xFD, 0xF5, 0x3A, 0xEA, 0x70,
    0x0B, 0x3D, 0x0B, 0x42, 0x58, 0xEE, 0x77, 0x42, 0x27, 0x2C, 0x0B, 0x99, 0x6D, 0x0A, 0xBB, 0x0E,
    0x83, 0x2A, 0x55, 0x6D, 0x0D, 0x00, 0x28, 0xD8, 0x99, 0xE6, 0xC3, 0xBA, 0x0E, 0xE3, 0x4F, 0x31,
    0x1D, 0x2B, 0xF1, 0xE5, 0x1A, 0x12, 0xCA, 0x18, 0x3D, 0x35, 0x01, 0x04, 0x14, 0xDA, 0x02, 0xA0,
    0x0C, 0x9C, 0x34, 0x2A, 0x02, 0x7F, 0x69, 0x18, 0xE0, 0x83, 0x1D, 0x94, 0x37, 0xBC, 0x01, 0x35,
    0x1D, 0xE8, 0x78, 0x63, 0x6A, 0x9A, 0xBD, 0xCC, 0x48, 0x22, 0x2B, 0x68, 0xEE, 0xB8, 0x46, 0xC8,
    0x0C, 0x64, 0xF9, 0xE1, 0x64, 0x01, 0xFF, 0x49, 0x0C, 0x96, 0xB7, 0x0B, 0x7F, 0xE3, 0x17, 0xF1,
    0xC7, 0x93, 0xFA, 0xEA, 0x78, 0xD8, 0xFE, 0xFC, 0x31, 0x5D, 0x54, 0xA3, 0x76, 0x41, 0x28, 0xD5,
    0x4C, 0x4F, 0x87, 0x6C, 0x1C, 0x88, 0x20, 0x94, 0xCD, 0x2D, 0x4F, 0xC0, 0x1F, 0xFF, 0x06, 0x3E,
    0xBD, 0xF5, 0x6C, 0x84, 0xFE, 0x19, 0x20, 0x14, 0xF0, 0xAE, 0x06, 0xAE, 0xCF, 0x1B, 0xC6, 0xE3,
    0x14, 0x84, 0xFF, 0x1C, 0x6A, 0xBA, 0xCF, 0x87, 0x3F, 0x29, 0x31, 0xFA, 0x03, 0x2A, 0x84, 0xCE,
    0x11, 0x57, 0xF8, 0xB8, 0xB0, 0x42, 0x47, 0x16, 0x97, 0xD8, 0xBC, 0x75, 0xCD, 0xBE, 0x51, 0x33,
    0x0B, 0xA8, 0x6C, 0x1F, 0x8B, 0xF4, 0x8F, 0x6E, 0x6C, 0x6B, 0xA1, 0xB9, 0xFB, 0x14, 0x91, 0xA9,
    0x80, 0x2E, 0x0E, 0x63, 0x35, 0x0B, 0x1A, 0x1B, 0xE3, 0x40, 0x4D, 0x0F, 0x9B, 0x9B, 0x54, 0xD0,
    0x63, 0x5D, 0x55, 0x85, 0xAD, 0xA6, 0x6E, 0x8B, 0xC8, 0x2C, 0x1A, 0xF6, 0xEA, 0x1E, 0x41, 0x6F,
    0x61, 0xFA, 0xE1, 0x05, 0x02, 0xB9, 0x0B, 0xD1, 0x14, 0xEF, 0x89, 0x50, 0x28, 0x11, 0x97, 0x1F,
    0xD7, 0xEC, 0x08, 0xCA, 0xAD, 0xA0, 0xCC, 0x8A, 0x48, 0x2B, 0x01, 0xF4, 0x02, 0x20, 0x29, 0x16,
    0x11, 0xAA, 0xA4, 0xBB, 0xBC, 0x1F, 0x91, 0xA9, 0x00, 0xC0, 0x66, 0xCE, 0x43, 0x78, 0x03, 0x1B,
    0x46, 0x79, 0x10, 0x02, 0x29, 0x73, 0x25, 0x0C, 0x3A, 0x46, 0x4A, 0x85, 0x07, 0x22, 0xA0, 0x16,
    0x50, 0x38, 0xD9, 0x05, 0x18, 0xD0, 0x02, 0x49, 0x0F, 0x84, 0x86, 0x62, 0x37, 0x8C, 0xC3, 0x0D,
    0xD3, 0x3D, 0x60, 0x8F, 0x55, 0x93, 0xE8, 0xEC, 0x21, 0xE9, 0xC8, 0x55, 0x97, 0x79, 0x06, 0x5E,
    0xF0, 0xC1, 0x64, 0x7B, 0xBC, 0x6D, 0x66, 0xDA, 0x9E, 0x69, 0x75, 0xA1, 0x33, 0x2A, 0xAB, 0x10,
    0x99, 0xD4, 0x2C, 0xB4, 0x87, 0x80, 0x5A, 0x7E, 0x80, 0x3F, 0x4E, 0xEB, 0x3C, 0x4C, 0x81, 0x17,
    0x80, 0x42, 0xE8, 0x05, 0x58, 0x24, 0xB6, 0x82, 0x8B, 0x0D, 0xAB, 0x3C, 0x60, 0x81, 0xAE, 0x56,
    0x25, 0xE4, 0xA8, 0x56, 0xB5, 0xB7, 0x6A, 0xF8, 0x46, 0x06, 0x0F, 0x5B, 0x68, 0xBB, 0x00, 0xCE,
    0xC8, 0x5C, 0x42, 0x67, 0xDA, 0xC3, 0x0E, 0x9F, 0x89, 0x97, 0x29, 0x78, 0x11, 0x36, 0xDB, 0xCA,
    0x6E, 0x4C, 0xD8, 0x61, 0x2C, 0x7E, 0x6E, 0x1E, 0x10, 0x1D, 0xA4, 0x5E, 0xE2, 0xF3, 0x75, 0x61,
    0xAF, 0xA1, 0x51, 0xAB, 0x7A, 0x3D, 0x72, 0x65, 0xF5, 0x20, 0x0C, 0xFC, 0x6F, 0xEF, 0xF1, 0xE1,
    0x91, 0x98, 0x90, 0x57, 0xF6, 0x17, 0xBC, 0x58, 0xBC, 0x27, 0x0D, 0x0F, 0xB5, 0x83, 0xBA, 0xBF,
    0xBD, 0x05, 0x21, 0x30, 0x77, 0x2B, 0xC4, 0x33, 0xB7, 0xE5, 0xC3, 0x90, 0x9B, 0x58, 0x35, 0x7D,
    0x6D, 0x9B, 0x1A, 0x04, 0x4B, 0x1E, 0x00, 0xAD, 0xAA, 0xCD, 0xD5, 0xEF, 0x71, 0xF8, 0x3B, 0x82,
    0x14, 0x2B, 0x84, 0x64, 0x17, 0x5B, 0x01, 0x5C, 0x35, 0x73, 0x31, 0x47, 0x5E, 0xBD, 0x9E, 0xA5,
    0x06, 0xAD, 0x6B, 0x5B, 0xEC, 0xB7, 0x56, 0x5C, 0xAC, 0x15, 0xC9, 0x24, 0x11, 0xEB, 0xA2, 0x2D,
    0x7A, 0x7D, 0xCA, 0xC9, 0x39, 0xB4, 0x3C, 0xB6, 0x57, 0xC8, 0x2C, 0x5E, 0xE0, 0x96, 0x88, 0xCC,
    0x49, 0x16, 0xCD, 0x06, 0x4E, 0x79, 0x64, 0xC6, 0xE3, 0xAC, 0xF2, 0xB5, 0x32, 0xB8, 0x42, 0x9C,
    0xA3, 0xA3, 0xEA, 0xF5, 0xBB, 0x23, 0xDE, 0xC1, 0xC7, 0x06, 0x23, 0xFD, 0x5A, 0x88, 0x77, 0x5A,
    0xAA, 0xD5, 0x79, 0x35, 0xE2, 0x2D, 0x2E, 0xD0, 0x31, 0xAF, 0x42, 0x5C, 0x22, 0x65, 0x05, 0xD7,
    0x35, 0xD4, 0x11, 0xBE, 0x9D, 0xB8, 0xC4, 0xAE, 0x57, 0x9A, 0x4C, 0x5C, 0x5B, 0xCE, 0x5B, 0x1E,
    0xD2, 0x84, 0xC6, 0x05, 0xB8, 0x4E, 0x34, 0x0D, 0x26, 0xE2, 0x17, 0x62, 0x4F, 0x38, 0x61, 0xA5,
    0x4D, 0xF2, 0xB3, 0x0B, 0x23, 0xAF, 0xEA, 0xDA, 0x7F, 0x42, 0xA7, 0x34, 0x25, 0xC8, 0x51, 0xBE,
    0x3E, 0xD0, 0x2D, 0x8E, 0x98, 0xCF, 0x23, 0x2A, 0x08, 0x57, 0x77, 0xD6, 0xCA, 0x3B, 0xBD, 0x42,
    0x75, 0x4A, 0x17, 0xB3, 0x0C, 0xA8, 0xA1, 0x59, 0xF1, 0x1F, 0x60, 0x1E, 0x98, 0x51, 0x30, 0x4C,
    0xF3, 0xBF, 0xA8, 0xFE, 0x9D, 0xC6, 0x2C, 0x55, 0xAB, 0xCF, 0x48, 0x72, 0x0F, 0x94, 0xF9, 0x6E,
    0xE0, 0x58, 0xD2, 0x4D, 0xF8, 0x97, 0xD6, 0xF5, 0xAC, 0x33, 0x67, 0xBA, 0x40, 0xCE, 0x72, 0x41,
    0x5F, 0xA6, 0x3D, 0x76, 0x75, 0x53, 0xFB, 0x8D, 0xA4, 0x48, 0xF2, 0xC4, 0xF2, 0xEA, 0x5D, 0x06,
    0xF2, 0x68, 0xFC, 0x7F, 0xC5, 0x1C, 0x2D, 0xAE, 0xD7, 0x37, 0x88, 0x4E, 0x1C, 0xC0, 0x11, 0xA0,
    0x7E, 0x1D, 0x94, 0x2D, 0x41, 0x11, 0x72, 0x9E, 0x27, 0xB4, 0x95, 0x62, 0x31, 0x3D, 0xF5, 0xAA,
    0xFD, 0xD5, 0xA4, 0xB8, 0x05, 0x14, 0x60, 0x07, 0x1D, 0x36, 0x51, 0x6C, 0x52, 0xEE, 0x2D, 0x23,
    0x0B, 0xAA, 0xB8, 0xAA, 0xA0, 0xE2, 0xAA, 0x72, 0x41, 0xF6, 0x19, 0xFB, 0xA4, 0x71, 0x99, 0x84,
    0x47, 0xA1, 0x0E, 0xE1, 0x14, 0xBA, 0x63, 0xF0, 0x9D, 0x18, 0xE1, 0x86, 0xC1, 0x6C, 0x17, 0x62,
    0xBF, 0x8D, 0x68, 0x44, 0x44, 0x33, 0x22, 0x12, 0xA4, 0x11, 0x2C, 0xA8, 0x68, 0x53, 0x4C, 0x8B,
    0xD5, 0xDF, 0xAE, 0x8E, 0xC3, 0x4F, 0xF2, 0x44, 0xAB, 0x36, 0x3D, 0x34, 0xA8, 0x1C, 0x6E, 0x3B,
    0x40, 0x25, 0x08, 0x08, 0x1F, 0xE8, 0x7B, 0x10, 0x04, 0xF1, 0x87, 0x26, 0x95, 0x44, 0x04, 0x4F,
    0x18, 0x84, 0xC3, 0xA7, 0xB8, 0xF4, 0x7F, 0xB4, 0x28, 0xB0, 0x6A, 0xC4, 0x3B, 0x66, 0xBC, 0x1F,
    0x6E, 0x72, 0x32, 0xC9, 0x3E, 0x3B, 0x47, 0xA0, 0xF8, 0x21, 0x9C, 0x17, 0xB7, 0x90, 0x6A, 0xCF,
    0x80, 0xA6, 0x60, 0xDF, 0x3E, 0xE3, 0xAA, 0x33, 0x08, 0x57, 0xDE, 0x84, 0x39, 0xE7, 0x41, 0x18,
    0xC4, 0x2A, 0x79, 0xAA, 0xD3, 0x02, 0x49, 0x0C, 0xA5, 0xF8, 0xC8, 0x36, 0x39, 0x39, 0x49, 0x5A,
    0x66, 0x78, 0x57, 0xA8, 0x4F, 0x6F, 0x40, 0xB2, 0xE2, 0x94, 0x6F, 0x46, 0x72, 0x61, 0xA8, 0x0A,
    0x00, 0x85, 0x81, 0x6E, 0x86, 0xB0, 0x36, 0x10, 0x88, 0xD7, 0x30, 0x3A, 0x92, 0xC1, 0xC8, 0xF5,
    0x6B, 0xDC, 0x21, 0x32, 0x38, 0xF1, 0x4C, 0xAA, 0x23, 0x62, 0xA4, 0x81, 0x56, 0x85, 0x5A, 0x00,
    0x08, 0x94, 0xF7, 0xB0, 0xA9, 0x81, 0x5D, 0xFC, 0x37, 0x64, 0xDC, 0xAA, 0x87, 0xA1, 0x0C, 0xEA,
    0x91, 0x08, 0x6A, 0x7C, 0x08, 0x36, 0x36, 0xB0, 0x8E, 0x79, 0xF1, 0x77, 0x97, 0xCE, 0x47, 0x64,
    0xFE, 0x91, 0x0A, 0x0C, 0x71, 0xD3, 0xF6, 0x9C, 0x1A, 0x20, 0xB8, 0x52, 0x03, 0x08, 0x40, 0xDD,
    0xB8, 0x7B, 0x89, 0x7E, 0xC0, 0xF5, 0x9A, 0x9C, 0x4C, 0x94, 0xA1, 0xC0, 0x55, 0xF8, 0xD7, 0xC6,
    0xC7, 0x3B, 0x17, 0x06, 0xCF, 0x45, 0x88, 0xF5, 0xC2, 0xE2, 0x56, 0x65, 0xFB, 0xDD, 0xCE, 0x93,
    0x52, 0x92, 0xEC, 0xD4, 0xA4, 0x5F, 0x30, 0x78, 0xE9, 0x67, 0x56, 0x43, 0x47, 0x2C, 0xDE, 0x71,
    0x61, 0xA4, 0x8D, 0x6C, 0x5B, 0xF5, 0xD4, 0x56, 0xAB, 0x88, 0x4F, 0x68, 0x4E, 0x53, 0x63, 0xB1,
    0xD8, 0x3A, 0x50, 0xCB, 0x4D, 0x98, 0x42, 0x4E, 0x27, 0x8D, 0xEE, 0xB0, 0x9F, 0x16, 0x73, 0xBB,
    0xBC, 0x2D, 0xB0, 0xA1, 0x8A, 0x55, 0x3B, 0xEE, 0xB7, 0x89, 0xE6, 0xC4, 0x0C, 0xD3, 0x8B, 0x68,
    0x8C, 0xB7, 0x2B, 0x3E, 0x98, 0x46, 0x88, 0x65, 0xB5, 0x45, 0x55, 0xA8, 0xF7, 0x2A, 0xC5, 0x87,
    0xF8, 0x85, 0x6F, 0x62, 0xB1, 0x68, 0xB1, 0x4D, 0x0B, 0x4E, 0x46, 0x3A, 0xB4, 0x66, 0x00, 0xDF,
    0xF1, 0xCB, 0x94, 0xE9, 0x6B, 0x34, 0x82, 0x8A, 0xF1, 0xAC, 0x6C, 0x16, 0x7C, 0x46, 0xE7, 0xE6,
    0x45, 0x25, 0x89, 0xB7, 0x9A, 0xE4, 0xC2, 0x25, 0xA3, 0x89, 0x5F, 0x3A, 0x9A, 0x8E, 0x16, 0x9C,
    0xF5, 0x16, 0x7E, 0xAC, 0x32, 0x23, 0x8C, 0x1E, 0x1E, 0xF4, 0x93, 0x68, 0x87, 0xD2, 0xE1, 0x68,
    0x7C, 0x32, 0x9F, 0xE9, 0x1B, 0xC5, 0xE9, 0x3F, 0x8E, 0xAA, 0xE1, 0xAE, 0x40, 0x80, 0x8A, 0xFB,
    0x4A, 0x50, 0xB3, 0xB7, 0x03, 0x5C, 0x28, 0xA9, 0x85, 0x2B, 0x77, 0xAF, 0xD2, 0x63, 0xF4, 0x18,
    0xAD, 0xB5, 0x15, 0xEC, 0x76, 0xA9, 0xD2, 0x9D, 0x88, 0x03, 0x7E, 0xC4, 0x33, 0xEE, 0x45, 0x1C,
    0x13, 0x99, 0x07, 0xDB, 0x33, 0xB1, 0xE3, 0x3D, 0xB7, 0x63, 0xC8, 0xB3, 0xED, 0x75, 0x85, 0xC0,
    0xDF, 0x5E, 0x85, 0xCB, 0xB3, 0x22, 0x44, 0xD7, 0xE3, 0xD7, 0x87, 0x34, 0xC8, 0x20, 0xC1, 0x1C,
    0x2B, 0xF8, 0xD3, 0x2C, 0x8D, 0x00, 0xC4, 0xCC, 0xD6, 0xD0, 0xC0, 0xD6, 0xAA, 0xFB, 0x9E, 0xFF,
    0x65, 0x10, 0xC7, 0xD9, 0xD4, 0xFF, 0x13, 0x45, 0x26, 0x8C, 0xC0, 0x3A, 0xCB, 0xA5, 0xEA, 0x8D,
    0x27, 0x51, 0x9E, 0xDA, 0x16, 0x7A, 0x95, 0x9D, 0x5A, 0x0C, 0xC5, 0x78, 0xC0, 0x0C, 0x6C, 0x47,
    0xC5, 0x71, 0x10, 0xF2, 0x9D, 0x2A, 0x5A, 0xA9, 0x34, 0xC2, 0x32, 0x87, 0x1E, 0xD6, 0x41, 0xE2,
    0xE2, 0x2C, 0xCB, 0x00, 0xD8, 0x00, 0x7F, 0x17, 0xD8, 0x93, 0x9D, 0xAD, 0xE9, 0xB1, 0xB4, 0x5B,
    0xCC, 0xAC, 0x0B, 0x77, 0xDE, 0xBC, 0x37, 0x49, 0xCF, 0x3D, 0xD1, 0xE9, 0xF9, 0xF7, 0xDB, 0x6C,
    0xD5, 0x00, 0xBB, 0xD8, 0x8C, 0xB5, 0x56, 0xD9, 0xD8, 0x86, 0x36, 0xB0, 0xA2, 0xDC, 0xB8, 0x65,
    0x25, 0x44, 0xE9, 0xA8, 0x5F, 0xAC, 0x03, 0x75, 0x34, 0x2B, 0xB2, 0x1E, 0x21, 0x41, 0xE3, 0x56,
    0xD0, 0x77, 0x02, 0xF7, 0x7F, 0x03,
};

static const EpdGlyph inter_12_regularGlyphs[] = {
    { 0, 0, 0, 0, 0, 0, 0 }, // U+0000
    { 0, 0, 0, 0, 0, 0, 0 }, // U+0001
    { 0, 0, 0, 0, 0, 0, 0 }, // U+0002
    { 0, 0, 0, 0, 0, 0, 0 }, // U+0003
    { 0, 0, 0, 0, 0, 0, 0 }, // U+0004
    { 0, 0, 0, 0, 0, 0, 0 }, // U+0005
    { 0, 0, 0, 0, 0, 0, 0 }, // U+0006
    { 0, 0, 0, 0, 0, 0, 0 }, // U+0007
    { 0, 0, 0, 0, 0, 0, 0 }, // U+0008
    { 0, 0, 0, 0, 0, 0, 0 }, // U+0009
    { 0, 0, 0, 0, 0, 0, 0 }, // U+000A
    { 0, 0, 0, 0, 0, 0, 0 }, // U+000B
    { 0, 0, 0, 0, 0, 0, 0 }, // U+000C
    { 0, 0, 0, 0, 0, 0, 0 }, // U+000D
    { 0, 0, 0, 0, 0, 0, 0 }, // U+000E
    { 0, 0, 0, 0, 0, 0, 0 }, // U+000F
    { 0, 0, 0, 0, 0, 0, 0 }, // U+0010
    { 0, 0, 0, 0, 0, 0, 0 }, // U+0011
    { 0, 0, 0, 0, 0, 0, 0 }, // U+0012
    { 0, 0, 0, 0, 0, 0, 0 }, // U+0013
    { 0, 0, 0, 0, 0, 0, 0 }, // U+0014
    { 0, 0, 0, 0, 0, 0, 0 }, // U+0015
    { 0, 0, 0, 0, 0, 0, 0 }, // U+0016
    { 0, 0, 0, 0, 0, 0, 0 }, // U+0017
    { 0, 0, 0, 0, 0, 0, 0 }, // U+0018
    { 0, 0, 0, 0, 0, 0, 0 }, // U+0019
    { 0, 0, 0, 0, 0, 0, 0 }, // U+001A
    { 0, 0, 0, 0, 0, 0, 0 }, // U+001B
    { 0, 0, 0, 0, 0, 0, 0 }, // U+001C
    { 0, 0, 0, 0, 0, 0, 0 }, // U+001D
    { 0, 0, 0, 0, 0, 0, 0 }, // U+001E
    { 0, 0, 0, 0, 0, 0, 0 }, // U+001F
    { 0, 0, 110, 0, 0, 0, 0 }, // U+0020
    { 5, 20, 109, 1, 19, 13, 0 }, // !
    { 7, 8, 181, 2, 19, 7, 13 }, // "
    { 16, 19, 250, 0, 19, 38, 20 }, // #
    { 14, 24, 254, 1, 21, 42, 58 }, // $
    { 20, 20, 380, 2, 19, 50, 100 }, // %
    { 15, 20, 254, 1, 19, 38, 150 }, // &
    { 3, 8, 116, 2, 19, 3, 188 }, // '
    { 6, 24, 140, 2, 20, 18, 191 }, // (
    { 6, 24, 140, 1, 20, 18, 209 }, // )
    { 11, 12, 197, 1, 19, 17, 227 }, // *
    { 13, 12, 262, 2, 13, 20, 244 }, // +
    { 4, 8, 109, 1, 3, 4, 264 }, // ,
    { 9, 3, 181, 1, 9, 4, 268 }, // -
    { 5, 5, 109, 1, 4, 4, 272 }, // .
    { 9, 23, 141, 0, 20, 26, 276 }, // /
    { 14, 20, 251, 1, 19, 35, 302 }, // 0
    { 7, 19, 159, 1, 19, 17, 337 }, // 1
    { 13, 19, 240, 1, 19, 31, 354 }, // 2
    { 13, 20, 245, 1, 19, 33, 385 }, // 3
    { 14, 19, 256, 1, 19, 34, 418 }, // 4
    { 13, 20, 236, 1, 19, 33, 452 }, // 5
    { 13, 20, 245, 1, 19, 33, 485 }, // 6
    { 12, 19, 222, 1, 19, 29, 518 }, // 7
    { 13, 20, 244, 1, 19, 33, 547 }, // 8
    { 13, 20, 245, 1, 19, 33, 580 }, // 9
    { 5, 15, 109, 1, 14, 10, 613 }, // :
    { 5, 19, 114, 1, 14, 12, 623 }, // ;
    { 12, 14, 262, 2, 14, 21, 635 }, // <
    { 12, 8, 262, 2, 11, 12, 656 }, // =
    { 13, 14, 262, 2, 14, 23, 668 }, // >
    { 12, 20, 206, 0, 19, 30, 691 }, // ?
    { 22, 23, 387, 1, 18, 64, 721 }, // @
    { 17, 19, 273, 0, 19, 41, 785 }, // A
    { 13, 19, 260, 2, 19, 31, 826 }, // B
    { 16, 20, 291, 1, 19, 40, 857 }, // C
    { 15, 19, 286, 2, 19, 36, 897 }, // D
    { 12, 19, 238, 2, 19, 29, 933 }, // E
    { 12, 19, 233, 2, 19, 29, 962 }, // F
    { 17, 20, 297, 1, 19, 43, 991 }, // G
    { 15, 19, 294, 2, 19, 36, 1034 }, // H
    { 3, 19, 104, 2, 19, 8, 1070 }, // I
    { 11, 20, 225, 1, 19, 28, 1078 }, // J
    { 14, 19, 265, 2, 19, 34, 1106 }, // K
    { 11, 19, 223, 2, 19, 27, 1140 }, // L
    { 19, 19, 357, 2, 19, 46, 1167 }, // M
    { 15, 19, 297, 2, 19, 36, 1213 }, // N
    { 17, 20, 304, 1, 19, 43, 1249 }, // O
    { 13, 19, 253, 2, 19, 31, 1292 }, // P
    { 17, 21, 304, 1, 19, 45, 1323 }, // Q
    { 14, 19, 256, 2, 19, 34, 1368 }, // R
    { 14, 20, 254, 1, 19, 35, 1402 }, // S
    { 14, 19, 255, 1, 19, 34, 1437 }, // T
    { 15, 20, 294, 2, 19, 38, 1471 }, // U
    { 17, 19, 273, 0, 19, 41, 1509 }, // V
    { 24, 19, 391, 0, 19, 57, 1550 }, // W
    { 17, 19, 270, 0, 19, 41, 1607 }, // X
    { 17, 19, 268, 0, 19, 41, 1648 }, // Y
    { 14, 19, 250, 1, 19, 34, 1689 }, // Z
    { 6, 24, 140, 2, 20, 18, 1723 }, // [
    { 9, 23, 141, 0, 20, 26, 1741 }, // <backslash>
    { 6, 24, 140, 1, 20, 18, 1767 }, // ]
    { 11, 9, 186, 0, 18, 13, 1785 }, // ^
    { 12, 3, 182, 0, 0, 5, 1798 }, // _
    { 5, 4, 122, 1, 19, 3, 1803 }, // `
    { 11, 15, 221, 1, 14, 21, 1806 }, // a
    { 13, 20, 241, 1, 19, 33, 1827 }, // b
    { 12, 15, 224, 1, 14, 23, 1860 }, // c
    { 13, 20, 241, 1, 19, 33, 1883 }, // d
    { 13, 15, 229, 1, 14, 25, 1916 }, // e
    { 9, 19, 142, 0, 19, 22, 1941 }, // f
    { 13, 20, 241, 1, 14, 33, 1963 }, // g
    { 12, 19, 233, 1, 19, 29, 1996 }, // h
    { 4, 19, 94, 1, 19, 10, 2025 }, // i
    { 6, 25, 94, -1, 19, 19, 2035 }, // j
    { 13, 19, 216, 1, 19, 31, 2054 }, // k
    { 4, 19, 94, 1, 19, 10, 2085 }, // l
    { 19, 14, 347, 1, 14, 34, 2095 }, // m
    { 12, 14, 232, 1, 14, 21, 2129 }, // n
    { 13, 15, 235, 1, 14, 25, 2150 }, // o
    { 13, 20, 241, 1, 14, 33, 2175 }, // p
    { 13, 20, 241, 1, 14, 33, 2208 }, // q
    { 8, 14, 146, 1, 14, 14, 2241 }, // r
    { 11, 15, 206, 1, 14, 21, 2255 }, // s
    { 8, 18, 129, 0, 17, 18, 2276 }, // t
    { 12, 15, 233, 1, 14, 23, 2294 }, // u
    { 14, 14, 220, 0, 14, 25, 2317 }, // v
    { 20, 14, 321, 0, 14, 35, 2342 }, // w
    { 13, 14, 215, 0, 14, 23, 2377 }, // x
    { 14, 20, 220, 0, 14, 35, 2400 }, // y
    { 11, 14, 214, 1, 14, 20, 2435 }, // z
    { 9, 24, 167, 1, 20, 27, 2455 }, // {
    { 2, 31, 130, 3, 25, 8, 2482 }, // |
    { 8, 24, 167, 1, 20, 24, 2490 }, // }
    { 14, 6, 262, 1, 10, 11, 2514 }, // ~
    { 0, 0, 0, 0, 0, 0, 2525 }, // U+007F
    { 0, 0, 0, 0, 0, 0, 2525 }, // U+0080
    { 0, 0, 0, 0, 0, 0, 2525 }, // U+0081
    { 0, 0, 0, 0, 0, 0, 2525 }, // U+0082
    { 0, 0, 0, 0, 0, 0, 2525 }, // U+0083
    { 0, 0, 0, 0, 0, 0, 2525 }, // U+0084
    { 0, 0, 0, 0, 0, 0, 2525 }, // U+0085
    { 0, 0, 0, 0, 0, 0, 2525 }, // U+0086
    { 0, 0, 0, 0, 0, 0, 2525 }, // U+0087
    { 0, 0, 0, 0, 0, 0, 2525 }, // U+0088
    { 0, 0, 0, 0, 0, 0, 2525 }, // U+0089
    { 0, 0, 0, 0, 0, 0, 2525 }, // U+008A
    { 0, 0, 0, 0, 0, 0, 2525 }, // U+008B
    { 0, 0, 0, 0, 0, 0, 2525 }, // U+008C
    { 0, 0, 0, 0, 0, 0, 2525 }, // U+008D
    { 0, 0, 0, 0, 0, 0, 2525 }, // U+008E
    { 0, 0, 0, 0, 0, 0, 2525 }, // U+008F
    { 0, 0, 0, 0, 0, 0, 2525 }, // U+0090
    { 0, 0, 0, 0, 0, 0, 2525 }, // U+0091
    { 0, 0, 0, 0, 0, 0, 2525 }, // U+0092
    { 0, 0, 0, 0, 0, 0, 2525 }, // U+0093
    { 0, 0, 0, 0, 0, 0, 2525 }, // U+0094
    { 0, 0, 0, 0, 0, 0, 2525 }, // U+0095
    { 0, 0, 0, 0, 0, 0, 2525 }, // U+0096
    { 0, 0, 0, 0, 0, 0, 2525 }, // U+0097
    { 0, 0, 0, 0, 0, 0, 2525 }, // U+0098
    { 0, 0, 0, 0, 0, 0, 2525 }, // U+0099
    { 0, 0, 0, 0, 0, 0, 2525 }, // U+009A
    { 0, 0, 0, 0, 0, 0, 2525 }, // U+009B
    { 0, 0, 0, 0, 0, 0, 2525 }, // U+009C
    { 0, 0, 0, 0, 0, 0, 2525 }, // U+009D
    { 0, 0, 0, 0, 0, 0, 2525 }, // U+009E
    { 0, 0, 0, 0, 0, 0, 2525 }, // U+009F
    { 0, 0, 110, 0, 0, 0, 2525 }, // U+00A0
    { 5, 19, 110, 1, 14, 12, 2525 }, // U+00A1
    { 12, 19, 224, 1, 19, 29, 2537 }, // U+00A2
    { 13, 19, 242, 1, 19, 31, 2566 }, // U+00A3
    { 16, 17, 287, 1, 16, 34, 2597 }, // U+00A4
    { 14, 19, 217, 0, 19, 34, 2631 }, // U+00A5
    { 3, 23, 105, 2, 19, 9, 2665 }, // U+00A6
    { 12, 23, 225, 1, 19, 35, 2674 }, // U+00A7
    { 9, 4, 232, 3, 19, 5, 2709 }, // U+00A8
    { 20, 20, 363, 1, 19, 50, 2714 }, // U+00A9
    { 10, 12, 179, 0, 19, 15, 2764 }, // U+00AA
    { 13, 13, 228, 1, 14, 22, 2779 }, // U+00AB
    { 11, 7, 262, 2, 10, 10, 2801 }, // U+00AC
    { 0, 0, 0, 0, 0, 0, 2811 }, // U+00AD
    { 15, 15, 263, 1, 19, 29, 2811 }, // U+00AE
    { 8, 2, 185, 2, 18, 2, 2840 }, // U+00AF
    { 9, 9, 179, 1, 19, 11, 2842 }, // U+00B0
    { 12, 14, 262, 2, 14, 21, 2853 }, // U+00B1
    { 9, 11, 172, 1, 21, 13, 2874 }, // U+00B2
    { 9, 11, 174, 1, 21, 13, 2887 }, // U+00B3
    { 5, 4, 122, 1, 19, 3, 2900 }, // U+00B4
    { 14, 20, 231, 1, 14, 35, 2903 }, // U+00B5
    { 12, 19, 238, 1, 19, 29, 2938 }, // U+00B6
    { 5, 5, 109, 1, 11, 4, 2967 }, // U+00B7
    { 6, 7, 104, 1, 1, 6, 2971 }, // U+00B8
    { 5, 11, 118, 1, 21, 7, 2977 }, // U+00B9
    { 11, 12, 190, 0, 19, 17, 2984 }, // U+00BA
    { 14, 13, 228, 0, 14, 23, 3001 }, // U+00BB
    { 19, 19, 314, 0, 19, 46, 3024 }, // U+00BC
    { 20, 19, 331, 0, 19, 48, 3070 }, // U+00BD
    { 20, 19, 346, 1, 19, 48, 3118 }, // U+00BE
    { 11, 19, 206, 1, 14, 27, 3166 }, // U+00BF
    { 17, 24, 273, 0, 24, 51, 3193 }, // U+00C0
    { 17, 24, 273, 0, 24, 51, 3244 }, // U+00C1
    { 17, 24, 273, 0, 24, 51, 3295 }, // U+00C2
    { 17, 24, 273, 0, 24, 51, 3346 }, // U+00C3
    { 17, 24, 273, 0, 24, 51, 3397 }, // U+00C4
    { 17, 25, 273, 0, 25, 54, 3448 }, // U+00C5
    { 24, 19, 395, 0, 19, 57, 3502 }, // U+00C6
    { 16, 25, 291, 1, 19, 50, 3559 }, // U+00C7
    { 12, 24, 238, 2, 24, 36, 3609 }, // U+00C8
    { 12, 24, 238, 2, 24, 36, 3645 }, // U+00C9
    { 12, 24, 238, 2, 24, 36, 3681 }, // U+00CA
    { 12, 24, 238, 2, 24, 36, 3717 }, // U+00CB
    { 5, 24, 104, 0, 24, 15, 3753 }, // U+00CC
    { 5, 24, 104, 2, 24, 15, 3768 }, // U+00CD
    { 9, 24, 104, -1, 24, 27, 3783 }, // U+00CE
    { 9, 24, 104, -1, 24, 27, 3810 }, // U+00CF
    { 17, 19, 293, 0, 19, 41, 3837 }, // U+00D0
    { 15, 24, 297, 2, 24, 45, 3878 }, // U+00D1
    { 17, 25, 304, 1, 24, 54, 3923 }, // U+00D2
    { 17, 25, 304, 1, 24, 54, 3977 }, // U+00D3
    { 17, 25, 304, 1, 24, 54, 4031 }, // U+00D4
    { 17, 25, 304, 1, 24, 54, 4085 }, // U+00D5
    { 17, 25, 304, 1, 24, 54, 4139 }, // U+00D6
    { 12, 12, 262, 2, 13, 18, 4193 }, // U+00D7
    { 17, 20, 304, 1, 19, 43, 4211 }, // U+00D8
    { 15, 25, 294, 2, 24, 47, 4254 }, // U+00D9
    { 15, 25, 294, 2, 24, 47, 4301 }, // U+00DA
    { 15, 25, 294, 2, 24, 47, 4348 }, // U+00DB
    { 15, 25, 294, 2, 24, 47, 4395 }, // U+00DC
    { 17, 24, 268, 0, 24, 51, 4442 }, // U+00DD
    { 13, 19, 251, 1, 19, 31, 4493 }, // U+00DE
    { 12, 19, 243, 2, 19, 29, 4524 }, // U+00DF
    { 11, 20, 221, 1, 19, 28, 4553 }, // U+00E0
    { 11, 20, 221, 1, 19, 28, 4581 }, // U+00E1
    { 11, 20, 221, 1, 19, 28, 4609 }, // U+00E2
    { 11, 20, 221, 1, 19, 28, 4637 }, // U+00E3
    { 11, 20, 221, 1, 19, 28, 4665 }, // U+00E4
    { 11, 22, 221, 1, 21, 31, 4693 }, // U+00E5
    { 21, 15, 363, 1, 14, 40, 4724 }, // U+00E6
    { 12, 20, 224, 1, 14, 30, 4764 }, // U+00E7
    { 13, 20, 229, 1, 19, 33, 4794 }, // U+00E8
    { 13, 20, 229, 1, 19, 33, 4827 }, // U+00E9
    { 13, 20, 229, 1, 19, 33, 4860 }, // U+00EA
    { 13, 20, 229, 1, 19, 33, 4893 }, // U+00EB
    { 6, 19, 94, -1, 19, 15, 4926 }, // U+00EC
    { 6, 19, 94, 1, 19, 15, 4941 }, // U+00ED
    { 8, 19, 94, -1, 19, 19, 4956 }, // U+00EE
    { 9, 19, 94, -2, 19, 22, 4975 }, // U+00EF
    { 13, 21, 230, 1, 20, 35, 4997 }, // U+00F0
    { 12, 19, 232, 1, 19, 29, 5032 }, // U+00F1
    { 13, 20, 235, 1, 19, 33, 5061 }, // U+00F2
    { 13, 20, 235, 1, 19, 33, 5094 }, // U+00F3
    { 13, 20, 235, 1, 19, 33, 5127 }, // U+00F4
    { 13, 20, 235, 1, 19, 33, 5160 }, // U+00F5
    { 13, 20, 235, 1, 19, 33, 5193 }, // U+00F6
    { 12, 14, 262, 2, 14, 21, 5226 }, // U+00F7
    { 14, 16, 235, 0, 15, 28, 5247 }, // U+00F8
    { 12, 20, 233, 1, 19, 30, 5275 }, // U+00F9
    { 12, 20, 233, 1, 19, 30, 5305 }, // U+00FA
    { 12, 20, 233, 1, 19, 30, 5335 }, // U+00FB
    { 12, 20, 233, 1, 19, 30, 5365 }, // U+00FC
    { 14, 25, 220, 0, 19, 44, 5395 }, // U+00FD
    { 13, 25, 241, 1, 19, 41, 5439 }, // U+00FE
    { 14, 25, 220, 0, 19, 44, 5480 }, // U+00FF
    { 17, 23, 273, 0, 23, 49, 5524 }, // U+0100
    { 11, 19, 221, 1, 18, 27, 5573 }, // U+0101
    { 17, 24, 273, 0, 24, 51, 5600 }, // U+0102
    { 11, 20, 221, 1, 19, 28, 5651 }, // U+0103
    { 18, 25, 273, 0, 19, 57, 5679 }, // U+0104
    { 12, 20, 221, 1, 14, 30, 5736 }, // U+0105
    { 16, 25, 291, 1, 24, 50, 5766 }, // U+0106
    { 12, 20, 224, 1, 19, 30, 5816 }, // U+0107
    { 16, 25, 291, 1, 24, 50, 5846 }, // U+0108
    { 12, 20, 224, 1, 19, 30, 5896 }, // U+0109
    { 16, 25, 291, 1, 24, 50, 5926 }, // U+010A
    { 12, 20, 224, 1, 19, 30, 5976 }, // U+010B
    { 16, 25, 291, 1, 24, 50, 6006 }, // U+010C
    { 12, 20, 224, 1, 19, 30, 6056 }, // U+010D
    { 15, 24, 286, 2, 24, 45, 6086 }, // U+010E
    { 17, 21, 280, 1, 20, 45, 6131 }, // U+010F
    { 17, 19, 293, 0, 19, 41, 6176 }, // U+0110
    { 15, 20, 241, 1, 19, 38, 6217 }, // U+0111
    { 12, 23, 238, 2, 23, 35, 6255 }, // U+0112
    { 13, 19, 229, 1, 18, 31, 6290 }, // U+0113
    { 12, 24, 238, 2, 24, 36, 6321 }, // U+0114
    { 13, 20, 229, 1, 19, 33, 6357 }, // U+0115
    { 12, 24, 238, 2, 24, 36, 6390 }, // U+0116
    { 13, 20, 229, 1, 19, 33, 6426 }, // U+0117
    { 13, 25, 238, 2, 19, 41, 6459 }, // U+0118
    { 13, 20, 229, 1, 14, 33, 6500 }, // U+0119
    { 12, 24, 238, 2, 24, 36, 6533 }, // U+011A
    { 13, 20, 229, 1, 19, 33, 6569 }, // U+011B
    { 17, 25, 297, 1, 24, 54, 6602 }, // U+011C
    { 13, 25, 241, 1, 19, 41, 6656 }, // U+011D
    { 17, 25, 297, 1, 24, 54, 6697 }, // U+011E
    { 13, 25, 241, 1, 19, 41, 6751 }, // U+011F
    { 17, 25, 297, 1, 24, 54, 6792 }, // U+0120
    { 13, 25, 241, 1, 19, 41, 6846 }, // U+0121
    { 17, 26, 297, 1, 19, 56, 6887 }, // U+0122
    { 13, 27, 241, 1, 21, 44, 6943 }, // U+0123
    { 15, 24, 294, 2, 24, 45, 6987 }, // U+0124
    { 14, 24, 233, -1, 24, 42, 7032 }, // U+0125
    { 18, 19, 306, 1, 19, 43, 7074 }, // U+0126
    { 13, 19, 233, 0, 19, 31, 7117 }, // U+0127
    { 8, 24, 104, -1, 24, 24, 7148 }, // U+0128
    { 8, 19, 94, -1, 19, 19, 7172 }, // U+0129
    { 8, 23, 104, -1, 23, 23, 7191 }, // U+012A
    { 8, 18, 94, -1, 18, 18, 7214 }, // U+012B
    { 8, 24, 104, -1, 24, 24, 7232 }, // U+012C
    { 8, 19, 94, -1, 19, 19, 7256 }, // U+012D
    { 6, 25, 104, 0, 19, 19, 7275 }, // U+012E
    { 6, 25, 94, -1, 19, 19, 7294 }, // U+012F
    { 4, 24, 104, 1, 24, 12, 7313 }, // U+0130
    { 4, 14, 94, 1, 14, 7, 7325 }, // U+0131
    { 17, 20, 329, 2, 19, 43, 7332 }, // U+0132
    { 10, 25, 187, 1, 19, 32, 7375 }, // U+0133
    { 14, 25, 225, 1, 24, 44, 7407 }, // U+0134
    { 8, 25, 94, -1, 19, 25, 7451 }, // U+0135
    { 14, 26, 265, 2, 19, 46, 7476 }, // U+0136
    { 13, 26, 216, 1, 19, 43, 7522 }, // U+0137
    { 12, 14, 207, 1, 14, 21, 7565 }, // U+0138
    { 11, 24, 223, 2, 24, 33, 7586 }, // U+0139
    { 6, 24, 94, 1, 24, 18, 7619 }, // U+013A
    { 11, 26, 223, 2, 19, 36, 7637 }, // U+013B
    { 5, 26, 94, 0, 19, 17, 7673 }, // U+013C
    { 11, 20, 223, 2, 20, 28, 7690 }, // U+013D
    { 7, 20, 133, 1, 20, 18, 7718 }, // U+013E
    { 11, 19, 222, 2, 19, 27, 7736 }, // U+013F
    { 8, 19, 141, 1, 19, 19, 7763 }, // U+0140
    { 14, 19, 235, 0, 19, 34, 7782 }, // U+0141
    { 8, 19, 94, -1, 19, 19, 7816 }, // U+0142
    { 15, 24, 297, 2, 24, 45, 7835 }, // U+0143
    { 12, 19, 232, 1, 19, 29, 7880 }, // U+0144
    { 15, 26, 297, 2, 19, 49, 7909 }, // U+0145
    { 12, 21, 232, 1, 14, 32, 7958 }, // U+0146
    { 15, 24, 297, 2, 24, 45, 7990 }, // U+0147
    { 12, 19, 232, 1, 19, 29, 8035 }, // U+0148
    { 15, 25, 297, 2, 19, 47, 8064 }, // U+014A
    { 12, 20, 232, 1, 14, 30, 8111 }, // U+014B
    { 17, 24, 304, 1, 23, 51, 8141 }, // U+014C
    { 13, 19, 235, 1, 18, 31, 8192 }, // U+014D
    { 17, 25, 304, 1, 24, 54, 8223 }, // U+014E
    { 13, 20, 235, 1, 19, 33, 8277 }, // U+014F
    { 17, 25, 304, 1, 24, 54, 8310 }, // U+0150
    { 13, 20, 235, 1, 19, 33, 8364 }, // U+0151
    { 23, 19, 400, 1, 19, 55, 8397 }, // U+0152
    { 23, 15, 394, 1, 14, 44, 8452 }, // U+0153
    { 14, 24, 256, 2, 24, 42, 8496 }, // U+0154
    { 8, 19, 146, 1, 19, 19, 8538 }, // U+0155
    { 14, 26, 256, 2, 19, 46, 8557 }, // U+0156
    { 9, 21, 146, 0, 14, 24, 8603 }, // U+0157
    { 14, 24, 256, 2, 24, 42, 8627 }, // U+0158
    { 8, 19, 146, 1, 19, 19, 8669 }, // U+0159
    { 14, 25, 254, 1, 24, 44, 8688 }, // U+015A
    { 11, 20, 206, 1, 19, 28, 8732 }, // U+015B
    { 14, 25, 254, 1, 24, 44, 8760 }, // U+015C
    { 11, 20, 206, 1, 19, 28, 8804 }, // U+015D
    { 14, 25, 254, 1, 19, 44, 8832 }, // U+015E
    { 11, 20, 206, 1, 14, 28, 8876 }, // U+015F
    { 14, 25, 254, 1, 24, 44, 8904 }, // U+0160
    { 11, 20, 206, 1, 19, 28, 8948 }, // U+0161
    { 14, 25, 255, 1, 19, 44, 8976 }, // U+0162
    { 9, 23, 129, 0, 17, 26, 9020 }, // U+0163
    { 14, 24, 255, 1, 24, 42, 9046 }, // U+0164
    { 9, 22, 149, 0, 21, 25, 9088 }, // U+0165
    { 14, 19, 255, 1, 19, 34, 9113 }, // U+0166
    { 8, 18, 129, 0, 17, 18, 9147 }, // U+0167
    { 15, 25, 294, 2, 24, 47, 9165 }, // U+0168
    { 12, 20, 233, 1, 19, 30, 9212 }, // U+0169
    { 15, 24, 294, 2, 23, 45, 9242 }, // U+016A
    { 12, 19, 233, 1, 18, 29, 9287 }, // U+016B
    { 15, 25, 294, 2, 24, 47, 9316 }, // U+016C
    { 12, 20, 233, 1, 19, 30, 9363 }, // U+016D
    { 15, 26, 294, 2, 25, 49, 9393 }, // U+016E
    { 12, 22, 233, 1, 21, 33, 9442 }, // U+016F
    { 15, 25, 294, 2, 24, 47, 9475 }, // U+0170
    { 12, 20, 233, 1, 19, 30, 9522 }, // U+0171
    { 15, 25, 294, 2, 19, 47, 9552 }, // U+0172
    { 13, 20, 233, 1, 14, 33, 9599 }, // U+0173
    { 24, 24, 391, 0, 24, 72, 9632 }, // U+0174
    { 20, 19, 321, 0, 19, 48, 9704 }, // U+0175
    { 17, 24, 268, 0, 24, 51, 9752 }, // U+0176
    { 14, 25, 220, 0, 19, 44, 9803 }, // U+0177
    { 17, 24, 268, 0, 24, 51, 9847 }, // U+0178
    { 14, 24, 250, 1, 24, 42, 9898 }, // U+0179
    { 11, 19, 214, 1, 19, 27, 9940 }, // U+017A
    { 14, 24, 250, 1, 24, 42, 9967 }, // U+017B
    { 11, 19, 214, 1, 19, 27, 10009 }, // U+017C
    { 14, 24, 250, 1, 24, 42, 10036 }, // U+017D
    { 11, 19, 214, 1, 19, 27, 10078 }, // U+017E
    { 7, 19, 120, 1, 19, 17, 10105 }, // U+017F
    { 17, 22, 304, 1, 21, 47, 10122 }, // U+01A0
    { 13, 18, 234, 1, 17, 30, 10169 }, // U+01A1
    { 17, 22, 293, 2, 21, 47, 10199 }, // U+01AF
    { 14, 18, 246, 1, 17, 32, 10246 }, // U+01B0
    { 28, 19, 500, 2, 19, 67, 10278 }, // U+01C5
    { 26, 20, 455, 1, 19, 65, 10345 }, // U+01C6
    { 24, 20, 449, 2, 19, 60, 10410 }, // U+01C7
    { 17, 25, 317, 2, 19, 54, 10470 }, // U+01C8
    { 10, 25, 187, 1, 19, 32, 10524 }, // U+01C9
    { 29, 20, 523, 2, 19, 73, 10556 }, // U+01CA
    { 22, 25, 391, 2, 19, 69, 10629 }, // U+01CB
    { 18, 25, 326, 1, 19, 57, 10698 }, // U+01CC
    { 17, 24, 273, 0, 24, 51, 10755 }, // U+01CD
    { 11, 20, 221, 1, 19, 28, 10806 }, // U+01CE
    { 9, 24, 104, -1, 24, 27, 10834 }, // U+01CF
    { 8, 19, 94, -1, 19, 19, 10861 }, // U+01D0
    { 17, 25, 304, 1, 24, 54, 10880 }, // U+01D1
    { 13, 20, 235, 1, 19, 33, 10934 }, // U+01D2
    { 15, 25, 294, 2, 24, 47, 10967 }, // U+01D3
    { 12, 20, 233, 1, 19, 30, 11014 }, // U+01D4
    { 15, 28, 294, 2, 27, 53, 11044 }, // U+01D5
    { 12, 23, 233, 1, 22, 35, 11097 }, // U+01D6
    { 15, 29, 294, 2, 28, 55, 11132 }, // U+01D7
    { 12, 24, 233, 1, 23, 36, 11187 }, // U+01D8
    { 15, 29, 294, 2, 28, 55, 11223 }, // U+01D9
    { 12, 24, 233, 1, 23, 36, 11278 }, // U+01DA
    { 15, 29, 294, 2, 28, 55, 11314 }, // U+01DB
    { 12, 24, 233, 1, 23, 36, 11369 }, // U+01DC
    { 13, 15, 229, 1, 14, 25, 11405 }, // U+01DD
    { 17, 27, 273, 0, 27, 58, 11430 }, // U+01DE
    { 11, 23, 221, 1, 22, 32, 11488 }, // U+01DF
    { 17, 27, 273, 0, 27, 58, 11520 }, // U+01E0
    { 11, 23, 221, 1, 22, 32, 11578 }, // U+01E1
    { 24, 23, 395, 0, 23, 69, 11610 }, // U+01E2
    { 21, 19, 363, 1, 18, 50, 11679 }, // U+01E3
    { 17, 20, 297, 1, 19, 43, 11729 }, // U+01E4
    { 16, 20, 266, 1, 14, 40, 11772 }, // U+01E5
    { 17, 25, 297, 1, 24, 54, 11812 }, // U+01E6
    { 13, 25, 241, 1, 19, 41, 11866 }, // U+01E7
    { 14, 24, 265, 2, 24, 42, 11907 }, // U+01E8
    { 15, 24, 216, -1, 24, 45, 11949 }, // U+01E9
    { 17, 25, 304, 1, 19, 54, 11994 }, // U+01EA
    { 13, 20, 235, 1, 14, 33, 12048 }, // U+01EB
    { 17, 29, 304, 1, 23, 62, 12081 }, // U+01EC
    { 13, 24, 235, 1, 18, 39, 12143 }, // U+01ED
    { 15, 30, 270, 1, 24, 57, 12182 }, // U+01EE
    { 13, 25, 246, 1, 19, 41, 12239 }, // U+01EF
    { 8, 25, 94, -1, 19, 25, 12280 }, // U+01F0
    { 31, 19, 536, 2, 19, 74, 12305 }, // U+01F1
    { 28, 19, 500, 2, 19, 67, 12379 }, // U+01F2
    { 26, 20, 455, 1, 19, 65, 12446 }, // U+01F3
    { 17, 25, 297, 1, 24, 54, 12511 }, // U+01F4
    { 13, 25, 241, 1, 19, 41, 12565 }, // U+01F5
    { 24, 20, 440, 2, 19, 60, 12606 }, // U+01F6
    { 14, 25, 251, 1, 19, 44, 12666 }, // U+01F7
    { 15, 24, 297, 2, 24, 45, 12710 }, // U+01F8
    { 12, 19, 232, 1, 19, 29, 12755 }, // U+01F9
    { 17, 28, 273, 0, 28, 60, 12784 }, // U+01FA
    { 11, 25, 221, 1, 24, 35, 12844 }, // U+01FB
    { 24, 24, 395, 0, 24, 72, 12879 }, // U+01FC
    { 21, 20, 363, 1, 19, 53, 12951 }, // U+01FD
    { 17, 25, 304, 1, 24, 54, 13004 }, // U+01FE
    { 14, 20, 235, 0, 19, 35, 13058 }, // U+01FF
    { 17, 24, 273, 0, 24, 51, 13093 }, // U+0200
    { 11, 20, 221, 1, 19, 28, 13144 }, // U+0201
    { 17, 25, 273, 0, 25, 54, 13172 }, // U+0202
    { 11, 21, 221, 1, 20, 29, 13226 }, // U+0203
    { 12, 24, 238, 2, 24, 36, 13255 }, // U+0204
    { 13, 20, 229, 1, 19, 33, 13291 }, // U+0205
    { 12, 25, 238, 2, 25, 38, 13324 }, // U+0206
    { 13, 21, 229, 1, 20, 35, 13362 }, // U+0207
    { 10, 24, 104, -3, 24, 30, 13397 }, // U+0208
    { 9, 19, 94, -3, 19, 22, 13427 }, // U+0209
    { 8, 25, 104, -1, 25, 25, 13449 }, // U+020A
    { 8, 20, 94, -1, 20, 20, 13474 }, // U+020B
    { 17, 25, 304, 1, 24, 54, 13494 }, // U+020C
    { 13, 20, 235, 1, 19, 33, 13548 }, // U+020D
    { 17, 26, 304, 1, 25, 56, 13581 }, // U+020E
    { 13, 21, 235, 1, 20, 35, 13637 }, // U+020F
    { 14, 24, 256, 2, 24, 42, 13672 }, // U+0210
    { 10, 19, 146, -1, 19, 24, 13714 }, // U+0211
    { 14, 25, 256, 2, 25, 44, 13738 }, // U+0212
    { 8, 20, 146, 1, 20, 20, 13782 }, // U+0213
    { 15, 25, 294, 2, 24, 47, 13802 }, // U+0214
    { 12, 20, 233, 1, 19, 30, 13849 }, // U+0215
    { 15, 26, 294, 2, 25, 49, 13879 }, // U+0216
    { 12, 21, 233, 1, 20, 32, 13928 }, // U+0217
    { 14, 26, 254, 1, 19, 46, 13960 }, // U+0218
    { 11, 21, 206, 1, 14, 29, 14006 }, // U+0219
    { 14, 26, 255, 1, 19, 46, 14035 }, // U+021A
    { 8, 24, 129, 0, 17, 24, 14081 }, // U+021B
    { 14, 25, 250, 1, 19, 44, 14105 }, // U+021C
    { 11, 20, 214, 1, 14, 28, 14149 }, // U+021D
    { 15, 24, 294, 2, 24, 45, 14177 }, // U+021E
    { 14, 24, 233, -1, 24, 42, 14222 }, // U+021F
    { 5, 4, 0, 1, 19, 3, 14264 }, // U+0300
    { 5, 4, 0, 1, 19, 3, 14267 }, // U+0301
    { 8, 4, 0, 1, 19, 4, 14270 }, // U+0302
    { 8, 4, 0, 2, 19, 4, 14274 }, // U+0303
    { 8, 2, 0, 2, 18, 2, 14278 }, // U+0304
    { 8, 4, 0, 1, 19, 4, 14280 }, // U+0306
    { 4, 4, 0, 1, 19, 2, 14284 }, // U+0307
    { 9, 4, 0, 3, 19, 5, 14286 }, // U+0308
    { 5, 4, 0, 1, 19, 3, 14291 }, // U+0309
    { 7, 7, 0, 0, 21, 7, 14294 }, // U+030A
    { 8, 5, 0, -3, 20, 5, 14301 }, // U+030B
    { 8, 4, 0, 1, 19, 4, 14306 }, // U+030C
    { 9, 4, 0, 1, 19, 5, 14310 }, // U+030F
    { 4, 7, 0, -2, 18, 4, 14315 }, // U+0312
    { 5, 8, 0, 4, 13, 5, 14319 }, // U+0313
    { 5, 8, 0, 4, 13, 5, 14324 }, // U+0315
    { 4, 6, 0, -5, 18, 3, 14329 }, // U+031B
    { 4, 4, 94, 1, -2, 2, 14332 }, // U+0323
    { 4, 6, 0, -10, -1, 3, 14334 }, // U+0326
    { 6, 7, 0, 1, 1, 6, 14337 }, // U+0327
    { 5, 7, 0, 1, 1, 5, 14343 }, // U+0328
    { 8, 4, 0, 1, -2, 4, 14348 }, // U+032C
    { 11, 17, 0, -13, 15, 24, 14352 }, // U+0337
    { 15, 20, 0, -15, 19, 38, 14376 }, // U+0338
    { 8, 4, 0, -11, 19, 4, 14414 }, // U+0342
    { 4, 6, 0, 0, 16, 3, 14418 }, // U+0343
    { 9, 6, 0, -12, 20, 7, 14421 }, // U+0346
    { 8, 6, 0, -12, -3, 6, 14428 }, // U+0347
    { 7, 6, 0, -10, 0, 6, 14434 }, // U+0348
    { 6, 6, 0, -10, -1, 5, 14440 }, // U+0349
    { 9, 6, 0, -12, 20, 7, 14445 }, // U+034A
    { 10, 10, 0, -13, 23, 13, 14452 }, // U+034B
    { 10, 6, 0, -12, 21, 8, 14465 }, // U+034C
    { 11, 6, 0, -13, -1, 9, 14473 }, // U+034D
    { 7, 6, 0, -11, -1, 6, 14482 }, // U+034E
    { 0, 0, 0, 0, 0, 0, 14488 }, // U+034F
    { 10, 10, 0, -12, 25, 13, 14488 }, // U+0350
    { 3, 6, 0, -8, 19, 3, 14501 }, // U+0351
    { 8, 7, 0, -11, 21, 7, 14504 }, // U+0352
    { 7, 7, 0, -10, 0, 7, 14511 }, // U+0353
    { 7, 7, 0, -10, 0, 7, 14518 }, // U+0354
    { 7, 7, 0, -9, 0, 7, 14525 }, // U+0355
    { 14, 7, 0, -12, 0, 13, 14532 }, // U+0356
    { 4, 7, 0, 0, 21, 4, 14545 }, // U+0357
    { 4, 4, 0, 1, 19, 2, 14549 }, // U+0358
    { 6, 7, 0, -10, 0, 6, 14551 }, // U+0359
    { 10, 6, 0, -12, 0, 8, 14557 }, // U+035A
    { 6, 7, 0, -10, 21, 6, 14565 }, // U+035B
    { 18, 5, 0, -9, 0, 12, 14571 }, // U+035C
    { 18, 5, 0, -9, 19, 12, 14583 }, // U+035D
    { 16, 3, 0, -15, 19, 6, 14595 }, // U+035E
    { 16, 3, 0, -15, -2, 6, 14601 }, // U+035F
    { 24, 4, 0, -12, 19, 12, 14607 }, // U+0360
    { 18, 5, 0, -9, 19, 12, 14619 }, // U+0361
    { 20, 6, 0, -9, -1, 15, 14631 }, // U+0362
    { 7, 8, 0, -10, 22, 7, 14646 }, // U+0363
    { 7, 8, 0, -10, 22, 7, 14653 }, // U+0364
    { 2, 10, 0, -8, 24, 3, 14660 }, // U+0365
    { 8, 8, 0, -11, 22, 8, 14663 }, // U+0366
    { 6, 8, 0, -10, 22, 6, 14671 }, // U+0367
    { 7, 8, 0, -11, 22, 7, 14677 }, // U+0368
    { 7, 11, 0, -11, 25, 10, 14684 }, // U+0369
    { 6, 11, 0, -10, 25, 9, 14694 }, // U+036A
    { 10, 8, 0, -12, 22, 10, 14703 }, // U+036B
    { 5, 8, 0, -9, 22, 5, 14713 }, // U+036C
    { 5, 10, 0, 0, 24, 7, 14718 }, // U+036D
    { 8, 8, 0, -11, 22, 8, 14725 }, // U+036E
    { 7, 8, 0, -10, 22, 7, 14733 }, // U+036F
    { 12, 24, 238, 2, 24, 36, 14740 }, // U+0400
    { 12, 24, 238, 2, 24, 36, 14776 }, // U+0401
    { 19, 21, 334, 1, 19, 50, 14812 }, // U+0402
    { 12, 24, 228, 2, 24, 36, 14862 }, // U+0403
    { 16, 20, 291, 1, 19, 40, 14898 }, // U+0404
    { 14, 20, 254, 1, 19, 35, 14938 }, // U+0405
    { 3, 19, 104, 2, 19, 8, 14973 }, // U+0406
    { 9, 24, 104, -1, 24, 27, 14981 }, // U+0407
    { 11, 20, 225, 1, 19, 28, 15008 }, // U+0408
    { 26, 19, 442, 1, 19, 62, 15036 }, // U+0409
    { 25, 19, 447, 2, 19, 60, 15098 }, // U+040A
    { 20, 19, 351, 1, 19, 48, 15158 }, // U+040B
    { 14, 24, 265, 2, 24, 42, 15206 }, // U+040C
    { 15, 24, 297, 2, 24, 45, 15248 }, // U+040D
    { 15, 24, 248, 0, 24, 45, 15293 }, // U+040E
    { 14, 23, 286, 2, 19, 41, 15338 }, // U+040F
    { 17, 19, 273, 0, 19, 41, 15379 }, // U+0410
    { 13, 19, 255, 2, 19, 31, 15420 }, // U+0411
    { 13, 19, 260, 2, 19, 31, 15451 }, // U+0412
    { 12, 19, 228, 2, 19, 29, 15482 }, // U+0413
    { 19, 23, 323, 1, 19, 55, 15511 }, // U+0414
    { 12, 19, 238, 2, 19, 29, 15566 }, // U+0415
    { 24, 19, 380, 0, 19, 57, 15595 }, // U+0416
    { 13, 20, 245, 1, 19, 33, 15652 }, // U+0417
    { 15, 19, 297, 2, 19, 36, 15685 }, // U+0418
    { 15, 24, 297, 2, 24, 45, 15721 }, // U+0419
    { 14, 19, 265, 2, 19, 34, 15766 }, // U+041A
    { 16, 19, 296, 1, 19, 38, 15800 }, // U+041B
    { 19, 19, 357, 2, 19, 46, 15838 }, // U+041C
    { 15, 19, 294, 2, 19, 36, 15884 }, // U+041D
    { 17, 20, 304, 1, 19, 43, 15920 }, // U+041E
    { 15, 19, 294, 2, 19, 36, 15963 }, // U+041F
    { 13, 19, 253, 2, 19, 31, 15999 }, // U+0420
    { 16, 20, 291, 1, 19, 40, 16030 }, // U+0421
    { 14, 19, 255, 1, 19, 34, 16070 }, // U+0422
    { 15, 19, 248, 0, 19, 36, 16104 }, // U+0423
    { 19, 22, 330, 1, 20, 53, 16140 }, // U+0424
    { 17, 19, 270, 0, 19, 41, 16193 }, // U+0425
    { 16, 23, 286, 2, 19, 46, 16234 }, // U+0426
    { 15, 19, 277, 1, 19, 36, 16280 }, // U+0427
    { 20, 19, 380, 2, 19, 48, 16316 }, // U+0428
    { 22, 23, 385, 2, 19, 64, 16364 }, // U+0429
    { 19, 19, 323, 1, 19, 46, 16428 }, // U+042A
    { 18, 19, 347, 2, 19, 43, 16474 }, // U+042B
    { 13, 19, 257, 2, 19, 31, 16517 }, // U+042C
    { 16, 20, 291, 1, 19, 40, 16548 }, // U+042D
    { 22, 20, 404, 2, 19, 55, 16588 }, // U+042E
    { 14, 19, 256, 0, 19, 34, 16643 }, // U+042F
    { 11, 15, 221, 1, 14, 21, 16677 }, // U+0430
    { 13, 20, 233, 1, 19, 33, 16698 }, // U+0431
    { 12, 14, 222, 1, 14, 21, 16731 }, // U+0432
    { 10, 14, 173, 1, 14, 18, 16752 }, // U+0433
    { 15, 18, 244, 0, 14, 34, 16770 }, // U+0434
    { 13, 15, 229, 1, 14, 25, 16804 }, // U+0435
    { 20, 14, 321, 0, 14, 35, 16829 }, // U+0436
    { 11, 15, 195, 1, 14, 21, 16864 }, // U+0437
    { 12, 14, 233, 1, 14, 21, 16885 }, // U+0438
    { 12, 19, 233, 1, 19, 29, 16906 }, // U+0439
    { 13, 14, 213, 1, 14, 23, 16935 }, // U+043A
    { 13, 14, 228, 0, 14, 23, 16958 }, // U+043B
    { 17, 14, 304, 1, 14, 30, 16981 }, // U+043C
    { 12, 14, 232, 1, 14, 21, 17011 }, // U+043D
    { 13, 15, 235, 1, 14, 25, 17032 }, // U+043E
    { 12, 14, 232, 1, 14, 21, 17057 }, // U+043F
    { 13, 20, 241, 1, 14, 33, 17078 }, // U+0440
    { 12, 15, 224, 1, 14, 23, 17111 }, // U+0441
    { 12, 14, 186, 0, 14, 21, 17134 }, // U+0442
    { 14, 20, 220, 0, 14, 35, 17155 }, // U+0443
    { 15, 25, 271, 1, 19, 47, 17190 }, // U+0444
    { 13, 14, 215, 0, 14, 23, 17237 }, // U+0445
    { 14, 18, 236, 1, 14, 32, 17260 }, // U+0446
    { 12, 14, 228, 1, 14, 21, 17292 }, // U+0447
    { 18, 14, 326, 1, 14, 32, 17313 }, // U+0448
    { 20, 18, 331, 1, 14, 45, 17345 }, // U+0449
    { 15, 14, 255, 0, 14, 27, 17390 }, // U+044A
    { 16, 14, 290, 1, 14, 28, 17417 }, // U+044B
    { 12, 14, 220, 1, 14, 21, 17445 }, // U+044C
    { 12, 15, 224, 1, 14, 23, 17466 }, // U+044D
    { 19, 15, 332, 1, 14, 36, 17489 }, // U+044E
    { 12, 14, 219, 0, 14, 21, 17525 }, // U+044F
    { 13, 20, 229, 1, 19, 33, 17546 }, // U+0450
    { 13, 20, 229, 1, 19, 33, 17579 }, // U+0451
    { 13, 25, 233, 0, 19, 41, 17612 }, // U+0452
    { 10, 19, 173, 1, 19, 24, 17653 }, // U+0453
    { 12, 15, 224, 1, 14, 23, 17677 }, // U+0454
    { 11, 15, 206, 1, 14, 21, 17700 }, // U+0455
    { 4, 19, 94, 1, 19, 10, 17721 }, // U+0456
    { 9, 19, 94, -2, 19, 22, 17731 }, // U+0457
    { 6, 25, 94, -1, 19, 19, 17753 }, // U+0458
    { 22, 14, 367, 0, 14, 39, 17772 }, // U+0459
    { 21, 14, 356, 1, 14, 37, 17811 }, // U+045A
    { 13, 19, 233, 0, 19, 31, 17848 }, // U+045B
    { 13, 19, 213, 1, 19, 31, 17879 }, // U+045C
    { 12, 19, 233, 1, 19, 29, 17910 }, // U+045D
    { 14, 25, 220, 0, 19, 44, 17939 }, // U+045E
    { 12, 18, 232, 1, 14, 27, 17983 }, // U+045F
    { 19, 20, 355, 2, 19, 48, 18010 }, // U+0460
    { 18, 15, 319, 1, 14, 34, 18058 }, // U+0461
    { 16, 19, 274, 0, 19, 38, 18092 }, // U+0462
    { 15, 19, 243, 0, 19, 36, 18130 }, // U+0463
    { 21, 20, 379, 2, 19, 53, 18166 }, // U+0464
    { 18, 15, 309, 1, 14, 34, 18219 }, // U+0465
    { 17, 19, 273, 0, 19, 41, 18253 }, // U+0466
    { 14, 14, 226, 0, 14, 25, 18294 }, // U+0467
    { 21, 19, 372, 2, 19, 50, 18319 }, // U+0468
    { 18, 14, 308, 1, 14, 32, 18369 }, // U+0469
    { 19, 19, 338, 1, 19, 46, 18401 }, // U+046A
    { 16, 14, 277, 1, 14, 28, 18447 }, // U+046B
    { 25, 19, 455, 2, 19, 60, 18475 }, // U+046C
    { 22, 14, 381, 1, 14, 39, 18535 }, // U+046D
    { 12, 30, 215, 1, 24, 45, 18574 }, // U+046E
    { 10, 25, 205, 1, 19, 32, 18619 }, // U+046F
    { 18, 19, 349, 2, 19, 43, 18651 }, // U+0470
    { 17, 23, 308, 1, 17, 49, 18694 }, // U+0471
    { 17, 20, 304, 1, 19, 43, 18743 }, // U+0472
    { 13, 15, 235, 1, 14, 25, 18786 }, // U+0473
    { 17, 19, 279, 0, 19, 41, 18811 }, // U+0474
    { 15, 14, 234, 0, 14, 27, 18852 }, // U+0475
    { 17, 24, 279, 0, 24, 51, 18879 }, // U+0476
    { 15, 19, 234, 0, 19, 36, 18930 }, // U+0477
    { 32, 25, 525, 1, 19, 100, 18966 }, // U+0478
    { 27, 20, 448, 1, 14, 68, 19066 }, // U+0479
    { 16, 19, 283, 1, 19, 38, 19134 }, // U+0480
    { 12, 19, 222, 1, 14, 29, 19172 }, // U+0481
    { 14, 17, 250, 1, 17, 30, 19201 }, // U+0482
    { 10, 5, 0, -12, 19, 7, 19231 }, // U+0483
    { 11, 4, 0, -12, 19, 6, 19238 }, // U+0484
    { 4, 5, 0, -9, 20, 3, 19244 }, // U+0485
    { 4, 5, 0, -8, 20, 3, 19247 }, // U+0486
    { 11, 4, 0, -12, 19, 6, 19250 }, // U+0487
    { 25, 22, 0, -19, 18, 69, 19256 }, // U+0488
    { 24, 25, 0, -19, 19, 75, 19325 }, // U+0489
    { 17, 28, 297, 2, 24, 60, 19400 }, // U+048A
    { 15, 23, 233, 1, 19, 44, 19460 }, // U+048B
    { 16, 19, 274, 0, 19, 38, 19504 }, // U+048C
    { 15, 17, 243, 0, 17, 32, 19542 }, // U+048D
    { 13, 19, 251, 2, 19, 31, 19574 }, // U+048E
    { 13, 20, 241, 1, 14, 33, 19605 }, // U+048F
    { 12, 22, 228, 2, 22, 33, 19638 }, // U+0490
    { 10, 17, 173, 1, 17, 22, 19671 }, // U+0491
    { 15, 19, 228, -1, 19, 36, 19693 }, // U+0492
    { 11, 14, 173, 0, 14, 20, 19729 }, // U+0493
    { 13, 21, 258, 2, 19, 35, 19749 }, // U+0494
    { 12, 18, 214, 1, 14, 27, 19784 }, // U+0495
    { 25, 23, 388, 0, 19, 72, 19811 }, // U+0496
    { 21, 18, 328, 0, 14, 48, 19883 }, // U+0497
    { 13, 25, 245, 1, 19, 41, 19931 }, // U+0498
    { 11, 20, 195, 1, 14, 28, 19972 }, // U+0499
    { 16, 23, 280, 2, 19, 46, 20000 }, // U+049A
    { 13, 18, 222, 1, 14, 30, 20046 }, // U+049B
    { 14, 19, 263, 2, 19, 34, 20076 }, // U+049C
    { 14, 14, 231, 1, 14, 25, 20110 }, // U+049D
    { 20, 19, 332, 1, 19, 48, 20135 }, // U+04A0
    { 16, 14, 249, 0, 14, 28, 20183 }, // U+04A1
    { 17, 23, 300, 2, 19, 49, 20211 }, // U+04A2
    { 14, 18, 238, 1, 14, 32, 20260 }, // U+04A3
    { 22, 19, 391, 2, 19, 53, 20292 }, // U+04A4
    { 16, 14, 270, 1, 14, 28, 20345 }, // U+04A5
    { 25, 21, 440, 2, 19, 66, 20373 }, // U+04A6
    { 21, 18, 366, 1, 14, 48, 20439 }, // U+04A7
    { 23, 20, 391, 1, 19, 58, 20487 }, // U+04A8
    { 18, 15, 309, 1, 14, 34, 20545 }, // U+04A9
    { 16, 25, 291, 1, 19, 50, 20579 }, // U+04AA
    { 12, 20, 224, 1, 14, 30, 20629 }, // U+04AB
    { 14, 23, 255, 1, 19, 41, 20659 }, // U+04AC
    { 12, 18, 186, 0, 14, 27, 20700 }, // U+04AD
    { 17, 19, 268, 0, 19, 41, 20727 }, // U+04AE
    { 14, 20, 220, 0, 14, 35, 20768 }, // U+04AF
    { 17, 19, 268, 0, 19, 41, 20803 }, // U+04B0
    { 14, 20, 220, 0, 14, 35, 20844 }, // U+04B1
    { 18, 23, 277, 0, 19, 52, 20879 }, // U+04B2
    { 14, 18, 224, 0, 14, 32, 20931 }, // U+04B3
    { 22, 23, 364, 1, 19, 64, 20963 }, // U+04B4
    { 17, 18, 262, 0, 14, 39, 21027 }, // U+04B5
    { 16, 23, 282, 1, 19, 46, 21066 }, // U+04B6
    { 14, 18, 233, 1, 14, 32, 21112 }, // U+04B7
    { 15, 19, 277, 1, 19, 36, 21144 }, // U+04B8
    { 12, 14, 228, 1, 14, 21, 21180 }, // U+04B9
    { 14, 19, 277, 2, 19, 34, 21201 }, // U+04BA
    { 12, 19, 233, 1, 19, 29, 21235 }, // U+04BB
    { 20, 20, 335, 0, 19, 50, 21264 }, // U+04BC
    { 17, 15, 283, 0, 14, 32, 21314 }, // U+04BD
    { 20, 23, 335, 0, 19, 58, 21346 }, // U+04BE
    { 17, 20, 283, 0, 14, 43, 21404 }, // U+04BF
    { 3, 19, 104, 2, 19, 8, 21447 }, // U+04C0
    { 24, 24, 380, 0, 24, 72, 21455 }, // U+04C1
    { 20, 19, 321, 0, 19, 48, 21527 }, // U+04C2
    { 14, 23, 270, 2, 19, 41, 21575 }, // U+04C3
    { 13, 18, 232, 1, 14, 30, 21616 }, // U+04C4
    { 18, 23, 296, 1, 19, 52, 21646 }, // U+04C5
    { 15, 18, 228, 0, 14, 34, 21698 }, // U+04C6
    { 15, 25, 294, 2, 19, 47, 21732 }, // U+04C7
    { 12, 20, 232, 1, 14, 30, 21779 }, // U+04C8
    { 17, 23, 294, 2, 19, 49, 21809 }, // U+04C9
    { 15, 18, 232, 1, 14, 34, 21858 }, // U+04CA
    { 16, 23, 282, 1, 19, 46, 21892 }, // U+04CB
    { 14, 18, 233, 1, 14, 32, 21938 }, // U+04CC
    { 21, 23, 357, 2, 19, 61, 21970 }, // U+04CD
    { 19, 18, 304, 1, 14, 43, 22031 }, // U+04CE
    { 4, 19, 94, 1, 19, 10, 22074 }, // U+04CF
    { 17, 24, 273, 0, 24, 51, 22084 }, // U+04D0
    { 11, 20, 221, 1, 19, 28, 22135 }, // U+04D1
    { 17, 24, 273, 0, 24, 51, 22163 }, // U+04D2
    { 11, 20, 221, 1, 19, 28, 22214 }, // U+04D3
    { 24, 19, 395, 0, 19, 57, 22242 }, // U+04D4
    { 21, 15, 363, 1, 14, 40, 22299 }, // U+04D5
    { 12, 24, 238, 2, 24, 36, 22339 }, // U+04D6
    { 13, 20, 229, 1, 19, 33, 22375 }, // U+04D7
    { 17, 20, 297, 1, 19, 43, 22408 }, // U+04D8
    { 13, 15, 229, 1, 14, 25, 22451 }, // U+04D9
    { 17, 25, 297, 1, 24, 54, 22476 }, // U+04DA
    { 13, 20, 229, 1, 19, 33, 22530 }, // U+04DB
    { 24, 24, 380, 0, 24, 72, 22563 }, // U+04DC
    { 20, 19, 321, 0, 19, 48, 22635 }, // U+04DD
    { 13, 25, 245, 1, 24, 41, 22683 }, // U+04DE
    { 11, 20, 195, 1, 19, 28, 22724 }, // U+04DF
    { 13, 20, 246, 1, 19, 33, 22752 }, // U+04E0
    { 13, 20, 246, 1, 14, 33, 22785 }, // U+04E1
    { 15, 23, 297, 2, 23, 44, 22818 }, // U+04E2
    { 12, 18, 233, 1, 18, 27, 22862 }, // U+04E3
    { 15, 24, 297, 2, 24, 45, 22889 }, // U+04E4
    { 12, 19, 233, 1, 19, 29, 22934 }, // U+04E5
    { 17, 25, 304, 1, 24, 54, 22963 }, // U+04E6
    { 13, 20, 235, 1, 19, 33, 23017 }, // U+04E7
    { 17, 20, 304, 1, 19, 43, 23050 }, // U+04E8
    { 13, 15, 235, 1, 14, 25, 23093 }, // U+04E9
    { 17, 25, 304, 1, 24, 54, 23118 }, // U+04EA
    { 13, 20, 235, 1, 19, 33, 23172 }, // U+04EB
    { 16, 25, 291, 1, 24, 50, 23205 }, // U+04EC
    { 12, 20, 224, 1, 19, 30, 23255 }, // U+04ED
    { 15, 23, 248, 0, 23, 44, 23285 }, // U+04EE
    { 14, 24, 220, 0, 18, 42, 23329 }, // U+04EF
    { 15, 24, 248, 0, 24, 45, 23371 }, // U+04F0
    { 14, 25, 220, 0, 19, 44, 23416 }, // U+04F1
    { 15, 24, 248, 0, 24, 45, 23460 }, // U+04F2
    { 14, 25, 220, 0, 19, 44, 23505 }, // U+04F3
    { 15, 24, 277, 1, 24, 45, 23549 }, // U+04F4
    { 12, 19, 228, 1, 19, 29, 23594 }, // U+04F5
    { 12, 23, 228, 2, 19, 35, 23623 }, // U+04F6
    { 10, 18, 173, 1, 14, 23, 23658 }, // U+04F7
    { 18, 24, 347, 2, 24, 54, 23681 }, // U+04F8
    { 16, 19, 290, 1, 19, 38, 23735 }, // U+04F9
    { 14, 25, 235, 0, 19, 44, 23773 }, // U+04FA
    { 11, 20, 173, 0, 14, 28, 23817 }, // U+04FB
    { 18, 25, 279, 0, 19, 57, 23845 }, // U+04FC
    { 13, 20, 205, 0, 14, 33, 23902 }, // U+04FD
    { 17, 19, 270, 0, 19, 41, 23935 }, // U+04FE
    { 13, 14, 215, 0, 14, 23, 23976 }, // U+04FF
    { 13, 15, 251, 1, 15, 25, 23999 }, // U+05D0
    { 12, 15, 221, 1, 15, 23, 24024 }, // U+05D1
    { 8, 15, 168, 1, 15, 15, 24047 }, // U+05D2
    { 13, 15, 211, 0, 15, 25, 24062 }, // U+05D3
    { 12, 15, 255, 2, 15, 23, 24087 }, // U+05D4
    { 3, 15, 104, 2, 15, 6, 24110 }, // U+05D5
    { 8, 15, 152, 1, 15, 15, 24116 }, // U+05D6
    { 13, 15, 259, 2, 15, 25, 24131 }, // U+05D7
    { 14, 15, 258, 1, 15, 27, 24156 }, // U+05D8
    { 4, 8, 96, 1, 15, 4, 24183 }, // U+05D9
    { 11, 20, 207, 0, 15, 28, 24187 }, // U+05DA
    { 11, 15, 212, 1, 15, 21, 24215 }, // U+05DB
    { 12, 19, 190, 0, 19, 29, 24236 }, // U+05DC
    { 13, 15, 259, 2, 15, 25, 24265 }, // U+05DD
    { 14, 15, 262, 1, 15, 27, 24290 }, // U+05DE
    { 3, 20, 104, 2, 15, 8, 24317 }, // U+05DF
    { 6, 15, 139, 1, 15, 12, 24325 }, // U+05E0
    { 14, 15, 257, 1, 15, 27, 24337 }, // U+05E1
    { 14, 16, 237, 0, 15, 28, 24364 }, // U+05E2
    { 13, 20, 252, 1, 15, 33, 24392 }, // U+05E3
    { 13, 15, 249, 2, 15, 25, 24425 }, // U+05E4
    { 12, 20, 206, 0, 15, 30, 24450 }, // U+05E5
    { 12, 15, 217, 0, 15, 23, 24480 }, // U+05E6
    { 13, 20, 243, 2, 15, 33, 24503 }, // U+05E7
    { 12, 15, 210, 0, 15, 23, 24536 }, // U+05E8
    { 16, 15, 301, 1, 15, 30, 24559 }, // U+05E9
    { 14, 15, 266, 1, 15, 27, 24589 }, // U+05EA
    { 4, 7, 131, 2, 6, 4, 24616 }, // U+060C
    { 5, 14, 138, 1, 13, 9, 24620 }, // U+061B
    { 11, 20, 174, 0, 19, 28, 24629 }, // U+061F
    { 10, 11, 164, 0, 9, 14, 24657 }, // U+0621
    { 8, 3, 108, 0, 2, 3, 24671 }, // U+0640
    { 5, 5, 229, 5, 10, 4, 24674 }, // U+0660
    { 5, 19, 229, 5, 18, 12, 24678 }, // U+0661
    { 11, 19, 229, 2, 18, 27, 24690 }, // U+0662
    { 14, 19, 229, 0, 18, 34, 24717 }, // U+0663
    { 11, 19, 229, 2, 18, 27, 24751 }, // U+0664
    { 11, 14, 229, 2, 13, 20, 24778 }, // U+0665
    { 12, 19, 229, 1, 18, 29, 24798 }, // U+0666
    { 14, 19, 229, 0, 18, 34, 24827 }, // U+0667
    { 14, 19, 229, 0, 18, 34, 24861 }, // U+0668
    { 11, 18, 229, 2, 17, 25, 24895 }, // U+0669
    { 16, 14, 274, 0, 8, 28, 24920 }, // U+06BA
    { 6, 2, 120, 1, 2, 2, 24948 }, // U+06D4
    { 5, 5, 229, 5, 10, 4, 24950 }, // U+06F0
    { 5, 19, 229, 5, 18, 12, 24954 }, // U+06F1
    { 11, 19, 229, 2, 18, 27, 24966 }, // U+06F2
    { 14, 19, 229, 0, 18, 34, 24993 }, // U+06F3
    { 11, 17, 229, 2, 17, 24, 25027 }, // U+06F4
    { 12, 17, 229, 1, 17, 26, 25051 }, // U+06F5
    { 10, 18, 229, 2, 17, 23, 25077 }, // U+06F6
    { 14, 19, 229, 0, 18, 34, 25100 }, // U+06F7
    { 14, 19, 229, 0, 18, 34, 25134 }, // U+06F8
    { 11, 18, 229, 2, 17, 25, 25168 }, // U+06F9
    { 17, 25, 273, 0, 19, 54, 25193 }, // U+1EA0
    { 11, 20, 221, 1, 14, 28, 25247 }, // U+1EA1
    { 17, 24, 273, 0, 24, 51, 25275 }, // U+1EA2
    { 11, 20, 221, 1, 19, 28, 25326 }, // U+1EA3
    { 17, 28, 273, 0, 28, 60, 25354 }, // U+1EA4
    { 12, 24, 221, 1, 23, 36, 25414 }, // U+1EA5
    { 17, 28, 273, 0, 28, 60, 25450 }, // U+1EA6
    { 11, 24, 221, 1, 23, 33, 25510 }, // U+1EA7
    { 17, 28, 273, 0, 28, 60, 25543 }, // U+1EA8
    { 11, 24, 221, 1, 23, 33, 25603 }, // U+1EA9
    { 17, 28, 273, 0, 28, 60, 25636 }, // U+1EAA
    { 11, 24, 221, 1, 23, 33, 25696 }, // U+1EAB
    { 17, 30, 273, 0, 24, 64, 25729 }, // U+1EAC
    { 11, 25, 221, 1, 19, 35, 25793 }, // U+1EAD
    { 17, 28, 273, 0, 28, 60, 25828 }, // U+1EAE
    { 11, 24, 221, 1, 23, 33, 25888 }, // U+1EAF
    { 17, 28, 273, 0, 28, 60, 25921 }, // U+1EB0
    { 11, 24, 221, 1, 23, 33, 25981 }, // U+1EB1
    { 17, 28, 273, 0, 28, 60, 26014 }, // U+1EB2
    { 11, 24, 221, 1, 23, 33, 26074 }, // U+1EB3
    { 17, 28, 273, 0, 28, 60, 26107 }, // U+1EB4
    { 11, 24, 221, 1, 23, 33, 26167 }, // U+1EB5
    { 17, 30, 273, 0, 24, 64, 26200 }, // U+1EB6
    { 11, 25, 221, 1, 19, 35, 26264 }, // U+1EB7
    { 12, 25, 238, 2, 19, 38, 26299 }, // U+1EB8
    { 13, 20, 229, 1, 14, 33, 26337 }, // U+1EB9
    { 12, 24, 238, 2, 24, 36, 26370 }, // U+1EBA
    { 13, 20, 229, 1, 19, 33, 26406 }, // U+1EBB
    { 12, 24, 238, 2, 24, 36, 26439 }, // U+1EBC
    { 13, 20, 229, 1, 19, 33, 26475 }, // U+1EBD
    { 12, 28, 238, 2, 28, 42, 26508 }, // U+1EBE
    { 13, 24, 229, 1, 23, 39, 26550 }, // U+1EBF
    { 12, 28, 238, 2, 28, 42, 26589 }, // U+1EC0
    { 13, 24, 229, 1, 23, 39, 26631 }, // U+1EC1
    { 12, 28, 238, 2, 28, 42, 26670 }, // U+1EC2
    { 13, 24, 229, 1, 23, 39, 26712 }, // U+1EC3
    { 12, 28, 238, 2, 28, 42, 26751 }, // U+1EC4
    { 13, 24, 229, 1, 23, 39, 26793 }, // U+1EC5
    { 12, 30, 238, 2, 24, 45, 26832 }, // U+1EC6
    { 13, 25, 229, 1, 19, 41, 26877 }, // U+1EC7
    { 5, 24, 104, 1, 24, 15, 26918 }, // U+1EC8
    { 5, 19, 94, 0, 19, 12, 26933 }, // U+1EC9
    { 4, 25, 104, 1, 19, 13, 26945 }, // U+1ECA
    { 4, 25, 94, 1, 19, 13, 26958 }, // U+1ECB
    { 17, 25, 304, 1, 19, 54, 26971 }, // U+1ECC
    { 13, 20, 235, 1, 14, 33, 27025 }, // U+1ECD
    { 17, 25, 304, 1, 24, 54, 27058 }, // U+1ECE
    { 13, 20, 235, 1, 19, 33, 27112 }, // U+1ECF
    { 17, 29, 304, 1, 28, 62, 27145 }, // U+1ED0
    { 13, 24, 235, 1, 23, 39, 27207 }, // U+1ED1
    { 17, 29, 304, 1, 28, 62, 27246 }, // U+1ED2
    { 13, 24, 235, 1, 23, 39, 27308 }, // U+1ED3
    { 17, 29, 304, 1, 28, 62, 27347 }, // U+1ED4
    { 13, 24, 235, 1, 23, 39, 27409 }, // U+1ED5
    { 17, 29, 304, 1, 28, 62, 27448 }, // U+1ED6
    { 13, 24, 235, 1, 23, 39, 27510 }, // U+1ED7
    { 17, 30, 304, 1, 24, 64, 27549 }, // U+1ED8
    { 13, 25, 235, 1, 19, 41, 27613 }, // U+1ED9
    { 17, 25, 304, 1, 24, 54, 27654 }, // U+1EDA
    { 13, 20, 234, 1, 19, 33, 27708 }, // U+1EDB
    { 17, 25, 304, 1, 24, 54, 27741 }, // U+1EDC
    { 13, 20, 234, 1, 19, 33, 27795 }, // U+1EDD
    { 17, 25, 304, 1, 24, 54, 27828 }, // U+1EDE
    { 13, 20, 234, 1, 19, 33, 27882 }, // U+1EDF
    { 17, 25, 304, 1, 24, 54, 27915 }, // U+1EE0
    { 13, 20, 234, 1, 19, 33, 27969 }, // U+1EE1
    { 17, 27, 304, 1, 21, 58, 28002 }, // U+1EE2
    { 13, 23, 234, 1, 17, 38, 28060 }, // U+1EE3
    { 15, 25, 294, 2, 19, 47, 28098 }, // U+1EE4
    { 12, 20, 233, 1, 14, 30, 28145 }, // U+1EE5
    { 15, 25, 294, 2, 24, 47, 28175 }, // U+1EE6
    { 12, 20, 233, 1, 19, 30, 28222 }, // U+1EE7
    { 17, 25, 293, 2, 24, 54, 28252 }, // U+1EE8
    { 14, 20, 246, 1, 19, 35, 28306 }, // U+1EE9
    { 17, 25, 293, 2, 24, 54, 28341 }, // U+1EEA
    { 14, 20, 246, 1, 19, 35, 28395 }, // U+1EEB
    { 17, 25, 293, 2, 24, 54, 28430 }, // U+1EEC
    { 14, 20, 246, 1, 19, 35, 28484 }, // U+1EED
    { 17, 25, 293, 2, 24, 54, 28519 }, // U+1EEE
    { 14, 20, 246, 1, 19, 35, 28573 }, // U+1EEF
    { 17, 27, 293, 2, 21, 58, 28608 }, // U+1EF0
    { 14, 23, 246, 1, 17, 41, 28666 }, // U+1EF1
    { 17, 24, 268, 0, 24, 51, 28707 }, // U+1EF2
    { 14, 25, 220, 0, 19, 44, 28758 }, // U+1EF3
    { 17, 25, 268, 0, 19, 54, 28802 }, // U+1EF4
    { 14, 20, 220, 0, 14, 35, 28856 }, // U+1EF5
    { 17, 24, 268, 0, 24, 51, 28891 }, // U+1EF6
    { 14, 25, 220, 0, 19, 44, 28942 }, // U+1EF7
    { 17, 24, 268, 0, 24, 51, 28986 }, // U+1EF8
    { 14, 25, 220, 0, 19, 44, 29037 }, // U+1EF9
    { 0, 0, 218, 0, 0, 0, 29081 }, // U+2000
    { 0, 0, 436, 0, 0, 0, 29081 }, // U+2001
    { 0, 0, 200, 0, 0, 0, 29081 }, // U+2002
    { 0, 0, 400, 0, 0, 0, 29081 }, // U+2003
    { 0, 0, 134, 0, 0, 0, 29081 }, // U+2004
    { 0, 0, 100, 0, 0, 0, 29081 }, // U+2005
    { 0, 0, 66, 0, 0, 0, 29081 }, // U+2006
    { 0, 0, 259, 0, 0, 0, 29081 }, // U+2007
    { 0, 0, 109, 0, 0, 0, 29081 }, // U+2008
    { 0, 0, 70, 0, 0, 0, 29081 }, // U+2009
    { 0, 0, 34, 0, 0, 0, 29081 }, // U+200A
    { 0, 0, 0, 0, 0, 0, 29081 }, // U+200B
    { 0, 0, 0, 0, 0, 0, 29081 }, // U+200C
    { 0, 0, 0, 0, 0, 0, 29081 }, // U+200D
    { 0, 0, 0, 0, 0, 0, 29081 }, // U+200E
    { 0, 0, 0, 0, 0, 0, 29081 }, // U+200F
    { 9, 3, 141, 0, 9, 4, 29081 }, // U+2010
    { 9, 3, 141, 0, 9, 4, 29085 }, // U+2011
    { 14, 3, 259, 1, 10, 6, 29089 }, // U+2012
    { 13, 3, 200, 0, 9, 5, 29095 }, // U+2013
    { 25, 3, 400, 0, 9, 10, 29100 }, // U+2014
    { 25, 3, 400, 0, 9, 10, 29110 }, // U+2015
    { 6, 31, 188, 3, 25, 24, 29120 }, // U+2016
    { 13, 6, 178, -1, 0, 10, 29144 }, // U+2017
    { 5, 8, 98, 1, 19, 5, 29154 }, // U+2018
    { 5, 8, 98, 1, 19, 5, 29159 }, // U+2019
    { 4, 8, 91, 1, 3, 4, 29164 }, // U+201A
    { 5, 8, 98, 0, 19, 5, 29168 }, // U+201B
    { 9, 8, 167, 1, 19, 9, 29173 }, // U+201C
    { 9, 8, 167, 1, 19, 9, 29182 }, // U+201D
    { 9, 8, 160, 1, 3, 9, 29191 }, // U+201E
    { 9, 8, 167, 0, 19, 9, 29200 }, // U+201F
    { 10, 15, 193, 1, 19, 19, 29209 }, // U+2020
    { 10, 19, 193, 1, 19, 24, 29228 }, // U+2021
    { 9, 9, 220, 2, 12, 11, 29252 }, // U+2022
    { 7, 9, 220, 4, 12, 8, 29263 }, // U+2023
    { 5, 5, 109, 1, 4, 4, 29271 }, // U+2024
    { 11, 5, 218, 1, 4, 7, 29275 }, // U+2025
    { 18, 5, 328, 1, 4, 12, 29282 }, // U+2026
    { 5, 5, 109, 1, 11, 4, 29294 }, // U+2027
    { 0, 0, 0, 0, 0, 0, 29298 }, // U+202A
    { 0, 0, 0, 0, 0, 0, 29298 }, // U+202B
    { 0, 0, 0, 0, 0, 0, 29298 }, // U+202C
    { 0, 0, 0, 0, 0, 0, 29298 }, // U+202D
    { 0, 0, 0, 0, 0, 0, 29298 }, // U+202E
    { 0, 0, 70, 0, 0, 0, 29298 }, // U+202F
    { 28, 20, 520, 2, 19, 70, 29298 }, // U+2030
    { 37, 20, 660, 2, 19, 93, 29368 }, // U+2031
    { 4, 8, 86, 1, 19, 4, 29461 }, // U+2032
    { 9, 8, 171, 1, 19, 9, 29465 }, // U+2033
    { 14, 8, 256, 1, 19, 14, 29474 }, // U+2034
    { 4, 8, 86, 1, 19, 4, 29488 }, // U+2035
    { 9, 8, 171, 1, 19, 9, 29492 }, // U+2036
    { 14, 8, 256, 1, 19, 14, 29501 }, // U+2037
    { 10, 6, 179, 1, -1, 8, 29515 }, // U+2038
    { 8, 13, 148, 1, 14, 13, 29523 }, // U+2039
    { 9, 13, 148, 0, 14, 15, 29536 }, // U+203A
    { 14, 15, 252, 1, 16, 27, 29551 }, // U+203B
    { 11, 20, 218, 1, 19, 28, 29578 }, // U+203C
    { 12, 20, 201, 0, 19, 30, 29606 }, // U+203D
    { 12, 3, 213, 1, 21, 5, 29636 }, // U+203E
    { 20, 5, 324, 0, -1, 13, 29641 }, // U+203F
    { 20, 5, 324, 0, 19, 13, 29654 }, // U+2040
    { 11, 15, 178, 0, 8, 21, 29667 }, // U+2041
    { 16, 16, 286, 1, 17, 32, 29688 }, // U+2042
    { 8, 3, 220, 3, 9, 3, 29720 }, // U+2043
    { 16, 19, 71, -6, 19, 38, 29723 }, // U+2044
    { 6, 24, 140, 2, 20, 18, 29761 }, // U+2045
    { 6, 24, 140, 1, 20, 18, 29779 }, // U+2046
    { 25, 20, 411, 0, 19, 63, 29797 }, // U+2047
    { 18, 20, 315, 0, 19, 45, 29860 }, // U+2048
    { 18, 20, 315, 1, 19, 45, 29905 }, // U+2049
    { 9, 20, 173, 1, 14, 23, 29950 }, // U+204A
    { 12, 19, 238, 2, 19, 29, 29973 }, // U+204B
    { 12, 11, 234, 1, 13, 17, 30002 }, // U+204C
    { 12, 11, 234, 1, 13, 17, 30019 }, // U+204D
    { 11, 12, 197, 1, 9, 17, 30036 }, // U+204E
    { 5, 18, 114, 1, 13, 12, 30053 }, // U+204F
    { 20, 25, 322, 0, 19, 63, 30065 }, // U+2050
    { 11, 25, 213, 2, 19, 35, 30128 }, // U+2051
    { 16, 19, 285, 1, 19, 38, 30163 }, // U+2052
    { 16, 6, 287, 1, 12, 12, 30201 }, // U+2053
    { 20, 5, 324, 0, -1, 13, 30213 }, // U+2054
    { 11, 11, 216, 1, 12, 16, 30226 }, // U+2055
    { 20, 8, 341, 1, 19, 20, 30242 }, // U+2057
    { 0, 0, 110, 0, 0, 0, 30262 }, // U+205F
    { 0, 0, 0, 0, 0, 0, 30262 }, // U+2060
    { 0, 0, 0, 0, 0, 0, 30262 }, // U+2061
    { 0, 0, 0, 0, 0, 0, 30262 }, // U+2062
    { 0, 0, 0, 0, 0, 0, 30262 }, // U+2063
    { 0, 0, 0, 0, 0, 0, 30262 }, // U+2064
    { 0, 0, 0, 0, 0, 0, 30262 }, // U+2066
    { 0, 0, 0, 0, 0, 0, 30262 }, // U+2067
    { 0, 0, 0, 0, 0, 0, 30262 }, // U+2068
    { 0, 0, 0, 0, 0, 0, 30262 }, // U+2069
    { 0, 0, 0, 0, 0, 0, 30262 }, // U+206A
    { 0, 0, 0, 0, 0, 0, 30262 }, // U+206B
    { 0, 0, 0, 0, 0, 0, 30262 }, // U+206C
    { 0, 0, 0, 0, 0, 0, 30262 }, // U+206D
    { 0, 0, 0, 0, 0, 0, 30262 }, // U+206E
    { 0, 0, 0, 0, 0, 0, 30262 }, // U+206F
    { 10, 11, 180, 1, 21, 14, 30262 }, // U+2070
    { 3, 12, 77, 1, 22, 5, 30276 }, // U+2071
    { 10, 11, 179, 1, 21, 14, 30281 }, // U+2074
    { 9, 11, 171, 1, 21, 13, 30295 }, // U+2075
    { 9, 11, 173, 1, 21, 13, 30308 }, // U+2076
    { 9, 11, 158, 0, 21, 13, 30321 }, // U+2077
    { 9, 11, 175, 1, 21, 13, 30334 }, // U+2078
    { 9, 11, 173, 1, 21, 13, 30347 }, // U+2079
    { 9, 7, 171, 1, 19, 8, 30360 }, // U+207A
    { 9, 3, 171, 1, 17, 4, 30368 }, // U+207B
    { 8, 6, 171, 1, 18, 6, 30372 }, // U+207C
    { 5, 13, 104, 1, 22, 9, 30378 }, // U+207D
    { 5, 13, 104, 0, 22, 9, 30387 }, // U+207E
    { 9, 9, 169, 1, 19, 11, 30396 }, // U+207F
    { 10, 11, 180, 1, 6, 14, 30407 }, // U+2080
    { 5, 11, 118, 1, 6, 7, 30421 }, // U+2081
    { 9, 11, 172, 1, 6, 13, 30428 }, // U+2082
    { 9, 11, 174, 1, 6, 13, 30441 }, // U+2083
    { 10, 11, 179, 1, 6, 14, 30454 }, // U+2084
    { 9, 11, 171, 1, 6, 13, 30468 }, // U+2085
    { 9, 11, 173, 1, 6, 13, 30481 }, // U+2086
    { 9, 11, 158, 0, 6, 13, 30494 }, // U+2087
    { 9, 11, 175, 1, 6, 13, 30507 }, // U+2088
    { 9, 11, 173, 1, 6, 13, 30520 }, // U+2089
    { 9, 7, 171, 1, 4, 8, 30533 }, // U+208A
    { 9, 3, 171, 1, 2, 4, 30541 }, // U+208B
    { 8, 6, 171, 1, 3, 6, 30545 }, // U+208C
    { 5, 13, 104, 1, 7, 9, 30551 }, // U+208D
    { 5, 13, 104, 0, 7, 9, 30560 }, // U+208E
    { 9, 9, 157, 0, 4, 11, 30569 }, // U+2090
    { 10, 9, 162, 0, 4, 12, 30580 }, // U+2091
    { 10, 9, 166, 0, 4, 12, 30592 }, // U+2092
    { 10, 9, 156, 0, 4, 12, 30604 }, // U+2093
    { 10, 11, 177, 1, 5, 14, 30616 }, // U+2094
    { 9, 11, 169, 1, 6, 13, 30630 }, // U+2095
    { 9, 11, 155, 1, 6, 13, 30643 }, // U+2096
    { 3, 11, 77, 1, 6, 5, 30656 }, // U+2097
    { 13, 9, 244, 1, 4, 15, 30661 }, // U+2098
    { 9, 9, 169, 1, 4, 11, 30676 }, // U+2099
    { 9, 11, 170, 1, 4, 13, 30687 }, // U+209A
    { 9, 9, 151, 0, 4, 11, 30700 }, // U+209B
    { 6, 11, 98, 0, 6, 9, 30711 }, // U+209C
    { 16, 20, 288, 1, 19, 40, 30720 }, // U+20A0
    { 16, 24, 291, 1, 21, 48, 30760 }, // U+20A1
    { 16, 20, 289, 1, 19, 40, 30808 }, // U+20A2
    { 15, 19, 240, -1, 19, 36, 30848 }, // U+20A3
    { 13, 19, 242, 1, 19, 31, 30884 }, // U+20A4
    { 19, 18, 340, 1, 16, 43, 30915 }, // U+20A5
    { 19, 19, 305, 0, 19, 46, 30958 }, // U+20A6
    { 21, 20, 376, 2, 19, 53, 31004 }, // U+20A7
    { 25, 20, 444, 2, 19, 63, 31057 }, // U+20A8
    { 24, 19, 379, 0, 19, 57, 31120 }, // U+20A9
    { 17, 14, 323, 2, 14, 30, 31177 }, // U+20AA
    { 15, 25, 241, 1, 19, 47, 31207 }, // U+20AB
    { 16, 20, 264, 0, 19, 40, 31254 }, // U+20AC
    { 18, 19, 281, 0, 19, 43, 31294 }, // U+20AD
    { 14, 19, 255, 1, 19, 34, 31337 }, // U+20AE
    { 33, 27, 550, 1, 21, 112, 31371 }, // U+20AF
    { 16, 19, 263, 0, 19, 38, 31483 }, // U+20B1
    { 17, 24, 297, 1, 21, 51, 31521 }, // U+20B2
    { 17, 19, 273, 0, 19, 41, 31572 }, // U+20B3
    { 14, 20, 250, 1, 19, 35, 31613 }, // U+20B4
    { 16, 24, 291, 1, 21, 48, 31648 }, // U+20B5
    { 14, 19, 255, 1, 19, 34, 31696 }, // U+20B8
    { 13, 19, 214, 0, 19, 31, 31730 }, // U+20B9
    { 13, 20, 235, 1, 19, 33, 31761 }, // U+20BA
    { 16, 14, 288, 1, 14, 28, 31794 }, // U+20BC
    { 17, 19, 277, 0, 19, 41, 31822 }, // U+20BD
    { 16, 19, 287, 1, 19, 38, 31863 }, // U+20BE
    { 13, 24, 260, 2, 21, 39, 31901 }, // U+20BF
    { 19, 16, 379, 2, 16, 38, 31940 }, // U+2190
    { 17, 19, 331, 2, 19, 41, 31978 }, // U+2191
    { 19, 16, 379, 3, 16, 38, 32019 }, // U+2192
    { 17, 20, 331, 2, 19, 43, 32057 }, // U+2193
    { 29, 16, 534, 2, 16, 58, 32100 }, // U+2194
    { 17, 30, 331, 2, 23, 64, 32158 }, // U+2195
    { 15, 15, 306, 2, 14, 29, 32222 }, // U+2196
    { 15, 15, 306, 2, 14, 29, 32251 }, // U+2197
    { 15, 14, 306, 2, 14, 27, 32280 }, // U+2198
    { 15, 14, 306, 2, 14, 27, 32307 }, // U+2199
    { 25, 19, 455, 2, 19, 60, 32334 }, // U+21A9
    { 25, 19, 455, 2, 19, 60, 32394 }, // U+21AA
    { 21, 19, 392, 2, 19, 50, 32454 }, // U+21B0
    { 21, 19, 392, 2, 19, 50, 32504 }, // U+21B1
    { 13, 17, 328, 3, 17, 28, 32554 }, // U+21B2
    { 21, 17, 392, 2, 19, 45, 32582 }, // U+21B3
    { 17, 20, 330, 2, 19, 43, 32627 }, // U+21B4
    { 21, 17, 392, 2, 19, 45, 32670 }, // U+21B5
    { 21, 16, 328, 0, 17, 42, 32715 }, // U+21B6
    { 21, 16, 328, 0, 17, 42, 32757 }, // U+21B7
    { 19, 23, 379, 2, 23, 55, 32799 }, // U+21BA
    { 19, 23, 379, 2, 23, 55, 32854 }, // U+21BB
    { 19, 20, 328, 1, 19, 48, 32909 }, // U+21C4
    { 19, 20, 328, 1, 19, 48, 32957 }, // U+21C6
    { 19, 17, 379, 2, 16, 41, 33005 }, // U+21D0
    { 19, 17, 379, 3, 16, 41, 33046 }, // U+21D2
    { 29, 17, 534, 2, 16, 62, 33087 }, // U+21D4
    { 11, 19, 240, 2, 19, 27, 33149 }, // U+21DE
    { 11, 20, 240, 2, 19, 28, 33176 }, // U+21DF
    { 21, 12, 403, 2, 15, 32, 33204 }, // U+21E4
    { 21, 12, 403, 2, 15, 32, 33236 }, // U+21E5
    { 22, 20, 409, 2, 20, 55, 33268 }, // U+21E7
    { 22, 24, 409, 2, 20, 66, 33323 }, // U+21EA
    { 13, 20, 250, 1, 19, 33, 33389 }, // U+2202
    { 15, 16, 271, 1, 15, 30, 33422 }, // U+2205
    { 17, 19, 269, 0, 19, 41, 33452 }, // U+2206
    { 14, 22, 286, 2, 19, 39, 33493 }, // U+220F
    { 15, 23, 251, 0, 19, 44, 33532 }, // U+2211
    { 12, 3, 262, 2, 9, 5, 33576 }, // U+2212
    { 15, 17, 59, -6, 17, 32, 33581 }, // U+2215
    { 15, 19, 249, 0, 19, 36, 33613 }, // U+221A
    { 21, 11, 371, 1, 13, 29, 33649 }, // U+221E
    { 10, 26, 144, -1, 20, 33, 33678 }, // U+222B
    { 5, 15, 109, 1, 17, 10, 33711 }, // U+2236
    { 14, 11, 262, 1, 13, 20, 33721 }, // U+2248
    { 12, 14, 262, 2, 14, 21, 33741 }, // U+2260
    { 12, 14, 262, 2, 14, 21, 33762 }, // U+2264
    { 12, 14, 262, 2, 14, 21, 33783 }, // U+2265
    { 35, 35, 556, 0, 27, 154, 33804 }, // U+2295
    { 35, 35, 556, 0, 27, 154, 33958 }, // U+2296
    { 35, 35, 556, 0, 27, 154, 34112 }, // U+2297
    { 35, 35, 556, 0, 27, 154, 34266 }, // U+2298
    { 13, 19, 227, 0, 19, 31, 34420 }, // U+FB01
    { 15, 19, 238, 0, 19, 36, 34451 }, // U+FB02
    { 24, 20, 397, 0, 11, 60, 34487 }, // U+FB56
    { 29, 18, 437, 0, 9, 66, 34547 }, // U+FB57
    { 7, 19, 120, -1, 11, 17, 34613 }, // U+FB58
    { 11, 16, 149, 0, 8, 22, 34630 }, // U+FB59
    { 24, 19, 397, 0, 18, 57, 34652 }, // U+FB66
    { 29, 19, 437, 0, 18, 69, 34709 }, // U+FB67
    { 7, 21, 108, 0, 20, 19, 34778 }, // U+FB68
    { 11, 18, 149, 0, 17, 25, 34797 }, // U+FB69
    { 16, 21, 264, 0, 11, 42, 34822 }, // U+FB7A
    { 20, 21, 288, 0, 11, 53, 34864 }, // U+FB7B
    { 14, 17, 236, 0, 9, 30, 34917 }, // U+FB7C
    { 18, 17, 255, 0, 9, 39, 34947 }, // U+FB7D
    { 11, 23, 191, 0, 22, 32, 34986 }, // U+FB88
    { 15, 23, 213, 0, 22, 44, 35018 }, // U+FB89
    { 9, 23, 147, -1, 17, 26, 35062 }, // U+FB8A
    { 13, 23, 158, -1, 17, 38, 35088 }, // U+FB8B
    { 10, 25, 147, -1, 19, 32, 35126 }, // U+FB8C
    { 13, 25, 158, -1, 19, 41, 35158 }, // U+FB8D
    { 23, 19, 351, 0, 18, 55, 35199 }, // U+FB8E
    { 26, 19, 390, 0, 18, 62, 35254 }, // U+FB8F
    { 11, 19, 165, 0, 18, 27, 35316 }, // U+FB90
    { 14, 19, 203, 0, 18, 34, 35343 }, // U+FB91
    { 23, 22, 351, 0, 21, 64, 35377 }, // U+FB92
    { 26, 22, 390, 0, 21, 72, 35441 }, // U+FB93
    { 11, 22, 165, 0, 21, 31, 35513 }, // U+FB94
    { 14, 22, 203, 0, 21, 39, 35544 }, // U+FB95
    { 16, 14, 274, 0, 8, 28, 35583 }, // U+FB9E
    { 20, 14, 292, 0, 8, 35, 35611 }, // U+FB9F
    { 10, 12, 162, 0, 12, 15, 35646 }, // U+FBA6
    { 14, 10, 192, 0, 9, 18, 35661 }, // U+FBA7
    { 6, 16, 108, 0, 11, 12, 35679 }, // U+FBA8
    { 13, 11, 175, 0, 4, 18, 35691 }, // U+FBA9
    { 16, 14, 269, 0, 13, 28, 35709 }, // U+FBAA
    { 17, 17, 246, 0, 11, 37, 35737 }, // U+FBAB
    { 14, 14, 230, 0, 13, 25, 35774 }, // U+FBAC
    { 14, 17, 203, 0, 11, 30, 35799 }, // U+FBAD
    { 23, 13, 377, 0, 12, 38, 35829 }, // U+FBAE
    { 15, 9, 220, 0, 2, 17, 35867 }, // U+FBAF
    { 23, 19, 377, 0, 18, 55, 35884 }, // U+FBB0
    { 15, 16, 220, 0, 9, 30, 35939 }, // U+FBB1
    { 19, 17, 304, 0, 11, 41, 35969 }, // U+FBFC
    { 20, 11, 294, 0, 5, 28, 36010 }, // U+FBFD
    { 7, 16, 120, -1, 11, 14, 36038 }, // U+FBFE
    { 11, 13, 149, 0, 8, 18, 36052 }, // U+FBFF
    { 10, 11, 164, 0, 9, 14, 36070 }, // U+FE80
    { 9, 21, 94, -2, 21, 24, 36084 }, // U+FE81
    { 11, 24, 116, -2, 23, 33, 36108 }, // U+FE82
    { 6, 24, 94, 0, 24, 18, 36141 }, // U+FE83
    { 9, 27, 116, 0, 26, 31, 36159 }, // U+FE84
    { 9, 22, 179, 1, 16, 25, 36190 }, // U+FE85
    { 13, 23, 189, 1, 17, 38, 36215 }, // U+FE86
    { 6, 26, 95, 1, 18, 20, 36253 }, // U+FE87
    { 8, 26, 116, 1, 18, 26, 36273 }, // U+FE88
    { 19, 18, 304, 0, 12, 43, 36299 }, // U+FE89
    { 20, 18, 294, 0, 12, 45, 36342 }, // U+FE8A
    { 6, 19, 108, 0, 18, 15, 36387 }, // U+FE8B
    { 10, 16, 137, 0, 15, 20, 36402 }, // U+FE8C
    { 4, 18, 95, 1, 18, 9, 36422 }, // U+FE8D
    { 8, 19, 116, 1, 18, 19, 36431 }, // U+FE8E
    { 24, 17, 397, 0, 11, 51, 36450 }, // U+FE8F
    { 29, 15, 437, 0, 9, 55, 36501 }, // U+FE90
    { 6, 16, 108, 0, 11, 12, 36556 }, // U+FE91
    { 10, 13, 137, 0, 8, 17, 36568 }, // U+FE92
    { 10, 17, 162, 0, 17, 22, 36585 }, // U+FE93
    { 14, 20, 194, 0, 19, 35, 36607 }, // U+FE94
    { 24, 14, 397, 0, 13, 42, 36642 }, // U+FE95
    { 29, 14, 437, 0, 13, 51, 36684 }, // U+FE96
    { 7, 17, 108, 0, 16, 15, 36735 }, // U+FE97
    { 11, 14, 149, 0, 13, 20, 36750 }, // U+FE98
    { 24, 17, 397, 0, 16, 51, 36770 }, // U+FE99
    { 29, 17, 437, 0, 16, 62, 36821 }, // U+FE9A
    { 7, 20, 108, 0, 19, 18, 36883 }, // U+FE9B
    { 11, 17, 149, 0, 16, 24, 36901 }, // U+FE9C
    { 15, 21, 256, 0, 11, 40, 36925 }, // U+FE9D
    { 18, 21, 260, 0, 11, 48, 36965 }, // U+FE9E
    { 14, 14, 236, 0, 9, 25, 37013 }, // U+FE9F
    { 18, 14, 255, 0, 9, 32, 37038 }, // U+FEA0
    { 15, 21, 256, 0, 11, 40, 37070 }, // U+FEA1
    { 18, 21, 260, 0, 11, 48, 37110 }, // U+FEA2
    { 14, 10, 236, 0, 9, 18, 37158 }, // U+FEA3
    { 18, 10, 255, 0, 9, 23, 37176 }, // U+FEA4
    { 15, 26, 256, 0, 16, 49, 37199 }, // U+FEA5
    { 18, 26, 260, 0, 16, 59, 37248 }, // U+FEA6
    { 14, 15, 236, 0, 14, 27, 37307 }, // U+FEA7
    { 18, 15, 255, 0, 14, 34, 37334 }, // U+FEA8
    { 11, 13, 191, 0, 12, 18, 37368 }, // U+FEA9
    { 15, 13, 213, 0, 12, 25, 37386 }, // U+FEAA
    { 11, 18, 191, 0, 17, 25, 37411 }, // U+FEAB
    { 15, 18, 213, 0, 17, 34, 37436 }, // U+FEAC
    { 9, 15, 147, -1, 9, 17, 37470 }, // U+FEAD
    { 13, 15, 158, -1, 9, 25, 37487 }, // U+FEAE
    { 9, 20, 147, -1, 14, 23, 37512 }, // U+FEAF
    { 13, 20, 158, -1, 14, 33, 37535 }, // U+FEB0
    { 29, 17, 484, 0, 11, 62, 37568 }, // U+FEB1
    { 33, 15, 508, 0, 9, 62, 37630 }, // U+FEB2
    { 19, 12, 314, 0, 11, 29, 37692 }, // U+FEB3
    { 23, 10, 340, 0, 9, 29, 37721 }, // U+FEB4
    { 29, 23, 484, 0, 17, 84, 37750 }, // U+FEB5
    { 33, 23, 508, 0, 17, 95, 37834 }, // U+FEB6
    { 19, 18, 314, 0, 17, 43, 37929 }, // U+FEB7
    { 23, 18, 340, 0, 17, 52, 37972 }, // U+FEB8
    { 32, 16, 522, 0, 10, 64, 38024 }, // U+FEB9
    { 36, 16, 541, 0, 10, 72, 38088 }, // U+FEBA
    { 22, 11, 361, 0, 10, 31, 38160 }, // U+FEBB
    { 25, 11, 380, 0, 10, 35, 38191 }, // U+FEBC
    { 32, 21, 522, 0, 15, 84, 38226 }, // U+FEBD
    { 36, 21, 541, 0, 15, 95, 38310 }, // U+FEBE
    { 22, 16, 361, 0, 15, 44, 38405 }, // U+FEBF
    { 25, 16, 380, 0, 15, 50, 38449 }, // U+FEC0
    { 19, 19, 315, 0, 18, 46, 38499 }, // U+FEC1
    { 23, 19, 332, 0, 18, 55, 38545 }, // U+FEC2
    { 16, 19, 271, 0, 18, 38, 38600 }, // U+FEC3
    { 19, 19, 284, 0, 18, 46, 38638 }, // U+FEC4
    { 19, 19, 315, 0, 18, 46, 38684 }, // U+FEC5
    { 23, 19, 332, 0, 18, 55, 38730 }, // U+FEC6
    { 16, 19, 271, 0, 18, 38, 38785 }, // U+FEC7
    { 19, 19, 284, 0, 18, 46, 38823 }, // U+FEC8
    { 15, 23, 203, 0, 13, 44, 38869 }, // U+FEC9
    { 15, 21, 212, 0, 11, 40, 38913 }, // U+FECA
    { 12, 12, 201, 0, 11, 18, 38953 }, // U+FECB
    { 15, 12, 208, 0, 11, 23, 38971 }, // U+FECC
    { 15, 28, 203, 0, 18, 53, 38994 }, // U+FECD
    { 15, 26, 212, 0, 16, 49, 39047 }, // U+FECE
    { 12, 17, 201, 0, 16, 26, 39096 }, // U+FECF
    { 15, 17, 208, 0, 16, 32, 39122 }, // U+FED0
    { 24, 19, 393, 0, 18, 57, 39154 }, // U+FED1
    { 29, 17, 439, 0, 16, 62, 39211 }, // U+FED2
    { 11, 19, 179, 0, 18, 27, 39273 }, // U+FED3
    { 14, 17, 198, 0, 16, 30, 39300 }, // U+FED4
    { 19, 21, 310, 0, 16, 50, 39330 }, // U+FED5
    { 22, 21, 323, 0, 14, 58, 39380 }, // U+FED6
    { 11, 19, 179, 0, 18, 27, 39438 }, // U+FED7
    { 14, 17, 198, 0, 16, 30, 39465 }, // U+FED8
    { 21, 19, 353, 0, 18, 50, 39495 }, // U+FED9
    { 25, 19, 369, 0, 18, 60, 39545 }, // U+FEDA
    { 11, 19, 165, 0, 18, 27, 39605 }, // U+FEDB
    { 14, 19, 203, 0, 18, 34, 39632 }, // U+FEDC
    { 16, 24, 278, 0, 18, 48, 39666 }, // U+FEDD
    { 20, 24, 292, 0, 18, 60, 39714 }, // U+FEDE
    { 6, 19, 104, 0, 18, 15, 39774 }, // U+FEDF
    { 9, 19, 120, 0, 18, 22, 39789 }, // U+FEE0
    { 12, 20, 194, 0, 10, 30, 39811 }, // U+FEE1
    { 16, 20, 225, 0, 10, 40, 39841 }, // U+FEE2
    { 12, 10, 210, 0, 9, 15, 39881 }, // U+FEE3
    { 16, 11, 231, 0, 10, 22, 39896 }, // U+FEE4
    { 16, 19, 274, 0, 13, 38, 39918 }, // U+FEE5
    { 20, 19, 292, 0, 13, 48, 39956 }, // U+FEE6
    { 6, 17, 108, 0, 16, 13, 40004 }, // U+FEE7
    { 10, 14, 137, 0, 13, 18, 40017 }, // U+FEE8
    { 10, 12, 162, 0, 12, 15, 40035 }, // U+FEE9
    { 14, 14, 194, 0, 13, 25, 40050 }, // U+FEEA
    { 14, 14, 230, 0, 13, 25, 40075 }, // U+FEEB
    { 14, 17, 203, 0, 11, 30, 40100 }, // U+FEEC
    { 9, 15, 179, 1, 9, 17, 40130 }, // U+FEED
    { 13, 15, 189, 1, 9, 25, 40147 }, // U+FEEE
    { 19, 17, 304, 0, 11, 41, 40172 }, // U+FEEF
    { 20, 11, 294, 0, 5, 28, 40213 }, // U+FEF0
    { 19, 22, 304, 0, 11, 53, 40241 }, // U+FEF1
    { 20, 16, 294, 0, 5, 40, 40294 }, // U+FEF2
    { 7, 16, 120, -1, 11, 14, 40334 }, // U+FEF3
    { 11, 13, 149, 0, 8, 18, 40348 }, // U+FEF4
    { 15, 19, 233, -2, 19, 36, 40366 }, // U+FEF5
    { 19, 20, 240, -2, 19, 48, 40402 }, // U+FEF6
    { 14, 22, 233, -1, 22, 39, 40450 }, // U+FEF7
    { 17, 23, 240, 0, 22, 49, 40489 }, // U+FEF8
    { 12, 26, 233, 1, 18, 39, 40538 }, // U+FEF9
    { 16, 26, 240, 1, 18, 52, 40577 }, // U+FEFA
    { 12, 18, 233, 1, 18, 27, 40629 }, // U+FEFB
    { 16, 19, 240, 1, 18, 38, 40656 }, // U+FEFC
};

static const EpdUnicodeInterval inter_12_regularIntervals[] = {
    { 0x0, 0x148, 0x0 },
    { 0x14A, 0x17F, 0x149 },
    { 0x1A0, 0x1A1, 0x17F },
    { 0x1AF, 0x1B0, 0x181 },
    { 0x1C5, 0x21F, 0x183 },
    { 0x300, 0x304, 0x1DE },
    { 0x306, 0x30C, 0x1E3 },
    { 0x30F, 0x30F, 0x1EA },
    { 0x312, 0x313, 0x1EB },
    { 0x315, 0x315, 0x1ED },
    { 0x31B, 0x31B, 0x1EE },
    { 0x323, 0x323, 0x1EF },
    { 0x326, 0x328, 0x1F0 },
    { 0x32C, 0x32C, 0x1F3 },
    { 0x337, 0x338, 0x1F4 },
    { 0x342, 0x343, 0x1F6 },
    { 0x346, 0x36F, 0x1F8 },
    { 0x400, 0x479, 0x222 },
    { 0x480, 0x49D, 0x29C },
    { 0x4A0, 0x4FF, 0x2BA },
    { 0x5D0, 0x5EA, 0x31A },
    { 0x60C, 0x60C, 0x335 },
    { 0x61B, 0x61B, 0x336 },
    { 0x61F, 0x61F, 0x337 },
    { 0x621, 0x621, 0x338 },
    { 0x640, 0x640, 0x339 },
    { 0x660, 0x669, 0x33A },
    { 0x6BA, 0x6BA, 0x344 },
    { 0x6D4, 0x6D4, 0x345 },
    { 0x6F0, 0x6F9, 0x346 },
    { 0x1EA0, 0x1EF9, 0x350 },
    { 0x2000, 0x2027, 0x3AA },
    { 0x202A, 0x2055, 0x3D2 },
    { 0x2057, 0x2057, 0x3FE },
    { 0x205F, 0x2064, 0x3FF },
    { 0x2066, 0x2071, 0x405 },
    { 0x2074, 0x208E, 0x411 },
    { 0x2090, 0x209C, 0x42C },
    { 0x20A0, 0x20AF, 0x439 },
    { 0x20B1, 0x20B5, 0x449 },
    { 0x20B8, 0x20BA, 0x44E },
    { 0x20BC, 0x20BF, 0x451 },
    { 0x2190, 0x2199, 0x455 },
    { 0x21A9, 0x21AA, 0x45F },
    { 0x21B0, 0x21B7, 0x461 },
    { 0x21BA, 0x21BB, 0x469 },
    { 0x21C4, 0x21C4, 0x46B },
    { 0x21C6, 0x21C6, 0x46C },
    { 0x21D0, 0x21D0, 0x46D },
    { 0x21D2, 0x21D2, 0x46E },
    { 0x21D4, 0x21D4, 0x46F },
    { 0x21DE, 0x21DF, 0x470 },
    { 0x21E4, 0x21E5, 0x472 },
    { 0x21E7, 0x21E7, 0x474 },
    { 0x21EA, 0x21EA, 0x475 },
    { 0x2202, 0x2202, 0x476 },
    { 0x2205, 0x2206, 0x477 },
    { 0x220F, 0x220F, 0x479 },
    { 0x2211, 0x2212, 0x47A },
    { 0x2215, 0x2215, 0x47C },
    { 0x221A, 0x221A, 0x47D },
    { 0x221E, 0x221E, 0x47E },
    { 0x222B, 0x222B, 0x47F },
    { 0x2236, 0x2236, 0x480 },
    { 0x2248, 0x2248, 0x481 },
    { 0x2260, 0x2260, 0x482 },
    { 0x2264, 0x2265, 0x483 },
    { 0x2295, 0x2298, 0x485 },
    { 0xFB01, 0xFB02, 0x489 },
    { 0xFB56, 0xFB59, 0x48B },
    { 0xFB66, 0xFB69, 0x48F },
    { 0xFB7A, 0xFB7D, 0x493 },
    { 0xFB88, 0xFB95, 0x497 },
    { 0xFB9E, 0xFB9F, 0x4A5 },
    { 0xFBA6, 0xFBB1, 0x4A7 },
    { 0xFBFC, 0xFBFF, 0x4B3 },
    { 0xFE80, 0xFEFC, 0x4B7 },
};

static const uint16_t inter_12_regularKernLeftCodepoints[] = {
    0x0022, 0x0024, 0x0025, 0x0026, 0x0027, 0x0028, 0x0029, 0x002A, 0x002B, 0x002C, 0x002D, 0x002E,
    0x002F, 0x0030, 0x0031, 0x0032, 0x0033, 0x0034, 0x0035, 0x0036, 0x0037, 0x0038, 0x0039, 0x003A,
    0x003B, 0x003D, 0x003E, 0x003F, 0x0040, 0x0041, 0x0042, 0x0043, 0x0044, 0x0045, 0x0046, 0x0047,
    0x0048, 0x0049, 0x004A, 0x004B, 0x004C, 0x004D, 0x004E, 0x004F, 0x0050, 0x0051, 0x0052, 0x0053,
    0x0054, 0x0055, 0x0056, 0x0057, 0x0058, 0x0059, 0x005A, 0x005B, 0x005C, 0x005D, 0x005E, 0x005F,
    0x0061, 0x0062, 0x0063, 0x0064, 0x0065, 0x0066, 0x0067, 0x0068, 0x0069, 0x006A, 0x006B, 0x006C,
    0x006D, 0x006E, 0x006F, 0x0070, 0x0071, 0x0072, 0x0073, 0x0074, 0x0075, 0x0076, 0x0077, 0x0078,
    0x0079, 0x007A, 0x007B, 0x007C, 0x007D, 0x007E, 0x00A1, 0x00A2, 0x00A5, 0x00A9, 0x00AA, 0x00AB,
    0x00AC, 0x00AD, 0x00AE, 0x00B0, 0x00B1, 0x00B2, 0x00B5, 0x00B6, 0x00B7, 0x00BA, 0x00BB, 0x00BF,
    0x00C0, 0x00C1, 0x00C2, 0x00C3, 0x00C4, 0x00C5, 0x00C6, 0x00C7, 0x00C8, 0x00C9, 0x00CA, 0x00CB,
    0x00CC, 0x00CD, 0x00CE, 0x00CF, 0x00D0, 0x00D1, 0x00D2, 0x00D3, 0x00D4, 0x00D5, 0x00D6, 0x00D7,
    0x00D8, 0x00D9, 0x00DA, 0x00DB, 0x00DC, 0x00DD, 0x00DE, 0x00DF, 0x00E0, 0x00E1, 0x00E2, 0x00E3,
    0x00E4, 0x00E5, 0x00E6, 0x00E7, 0x00E8, 0x00E9, 0x00EA, 0x00EB, 0x00EC, 0x00ED, 0x00EE, 0x00EF,
    0x00F0, 0x00F1, 0x00F2, 0x00F3, 0x00F4, 0x00F5, 0x00F6, 0x00F7, 0x00F8, 0x00F9, 0x00FA, 0x00FB,
    0x00FC, 0x00FD, 0x00FE, 0x00FF, 0x0100, 0x0101, 0x0102, 0x0103, 0x0104, 0x0105, 0x0106, 0x0107,
    0x0108, 0x0109, 0x010A, 0x010B, 0x010C, 0x010D, 0x010E, 0x010F, 0x0111, 0x0112, 0x0113, 0x0114,
    0x0115, 0x0116, 0x0117, 0x0118, 0x0119, 0x011A, 0x011B, 0x011C, 0x011D, 0x011E, 0x011F, 0x0120,
    0x0121, 0x0122, 0x0123, 0x0124, 0x0125, 0x0126, 0x0127, 0x0128, 0x0129, 0x012A, 0x012B, 0x012C,
    0x012D, 0x012E, 0x012F, 0x0130, 0x0131, 0x0133, 0x0134, 0x0135, 0x0136, 0x0137, 0x0138, 0x0139,
    0x013A, 0x013B, 0x013C, 0x013D, 0x013E, 0x013F, 0x0140, 0x0141, 0x0142, 0x0143, 0x0144, 0x0145,
    0x0146, 0x0147, 0x0148, 0x014A, 0x014C, 0x014D, 0x014E, 0x014F, 0x0150, 0x0151, 0x0152, 0x0153,
    0x0154, 0x0155, 0x0156, 0x0157, 0x0158, 0x0159, 0x015A, 0x015B, 0x015C, 0x015D, 0x015E, 0x015F,
    0x0160, 0x0161, 0x0162, 0x0163, 0x0164, 0x0165, 0x0166, 0x0167, 0x0168, 0x0169, 0x016A, 0x016B,
    0x016C, 0x016D, 0x016E, 0x016F, 0x0170, 0x0171, 0x0172, 0x0173, 0x0174, 0x0175, 0x0176, 0x0177,
    0x0178, 0x0179, 0x017A, 0x017B, 0x017C, 0x017D, 0x017E, 0x017F, 0x01A0, 0x01A1, 0x01AF, 0x01B0,
    0x01C5, 0x01C6, 0x01C8, 0x01C9, 0x01CB, 0x01CC, 0x01CD, 0x01CE, 0x01CF, 0x01D0, 0x01D1, 0x01D2,
    0x01D3, 0x01D4, 0x01D5, 0x01D6, 0x01D7, 0x01D8, 0x01D9, 0x01DA, 0x01DB, 0x01DC, 0x01DD, 0x01DE,
    0x01DF, 0x01E0, 0x01E1, 0x01E2, 0x01E3, 0x01E4, 0x01E5, 0x01E6, 0x01E7, 0x01E8, 0x01E9, 0x01EA,
    0x01EB, 0x01EC, 0x01ED, 0x01F0, 0x01F1, 0x01F2, 0x01F3, 0x01F4, 0x01F5, 0x01F6, 0x01F8, 0x01F9,
    0x01FA, 0x01FB, 0x01FC, 0x01FD, 0x01FE, 0x01FF, 0x0200, 0x0201, 0x0202, 0x0203, 0x0204, 0x0205,
    0x0206, 0x0207, 0x0208, 0x0209, 0x020A, 0x020B, 0x020C, 0x020D, 0x020E, 0x020F, 0x0210, 0x0211,
    0x0212, 0x0213, 0x0214, 0x0215, 0x0216, 0x0217, 0x0218, 0x0219, 0x021A, 0x021B, 0x021E, 0x021F,
    0x0400, 0x0401, 0x0402, 0x0403, 0x0404, 0x0405, 0x0406, 0x0407, 0x0408, 0x0409, 0x040A, 0x040B,
    0x040C, 0x040D, 0x040F, 0x0410, 0x0411, 0x0412, 0x0413, 0x0414, 0x0415, 0x0416, 0x0417, 0x0418,
    0x0419, 0x041A, 0x041B, 0x041C, 0x041D, 0x041E, 0x041F, 0x0420, 0x0421, 0x0422, 0x0423, 0x0424,
    0x0425, 0x0426, 0x0427, 0x0428, 0x0429, 0x042A, 0x042B, 0x042C, 0x042D, 0x042E, 0x0430, 0x0432,
    0x0433, 0x0434, 0x0435, 0x0436, 0x0437, 0x0438, 0x0439, 0x043A, 0x043B, 0x043C, 0x043D, 0x043E,
    0x043F, 0x0440, 0x0441, 0x0442, 0x0443, 0x0444, 0x0445, 0x0446, 0x0447, 0x0448, 0x0449, 0x044A,
    0x044B, 0x044C, 0x044D, 0x044E, 0x044F, 0x0450, 0x0451, 0x0452, 0x0453, 0x0454, 0x0455, 0x0456,
    0x0457, 0x0458, 0x0459, 0x045A, 0x045B, 0x045C, 0x045D, 0x045E, 0x045F, 0x0460, 0x0462, 0x0463,
    0x0464, 0x0465, 0x0466, 0x0467, 0x0468, 0x046E, 0x0472, 0x0473, 0x0474, 0x0475, 0x0476, 0x0477,
    0x0479, 0x0481, 0x048A, 0x048B, 0x048C, 0x048D, 0x048E, 0x048F, 0x0490, 0x0491, 0x0492, 0x0493,
    0x0497, 0x0498, 0x049A, 0x049B, 0x049C, 0x049D, 0x04A0, 0x04A1, 0x04A2, 0x04A3, 0x04A4, 0x04A5,
    0x04A6, 0x04A7, 0x04A9, 0x04AA, 0x04AB, 0x04AC, 0x04AD, 0x04AE, 0x04AF, 0x04B0, 0x04B1, 0x04B3,
    0x04B5, 0x04B7, 0x04B9, 0x04BA, 0x04BB, 0x04BD, 0x04BF, 0x04C0, 0x04C1, 0x04C3, 0x04C4, 0x04C6,
    0x04C7, 0x04C8, 0x04C9, 0x04CA, 0x04CC, 0x04CD, 0x04CE, 0x04CF, 0x04D0, 0x04D1, 0x04D2, 0x04D3,
    0x04D4, 0x04D5, 0x04D6, 0x04D7, 0x04D9, 0x04DA, 0x04DB, 0x04DC, 0x04E0, 0x04E2, 0x04E3, 0x04E4,
    0x04E5, 0x04E6, 0x04E7, 0x04E8, 0x04E9, 0x04EA, 0x04EB, 0x04ED, 0x04EF, 0x04F1, 0x04F3, 0x04F5,
    0x04F6, 0x04F7, 0x04F9, 0x04FA, 0x04FB, 0x04FC, 0x04FD, 0x04FE, 0x04FF, 0x05D1, 0x05D2, 0x05D3,
    0x05D4, 0x05D7, 0x05D9, 0x05DA, 0x05DB, 0x05DC, 0x05DD, 0x05E0, 0x05E1, 0x05E2, 0x05E6, 0x05E7,
    0x05E8, 0x05EA, 0x1EA0, 0x1EA1, 0x1EA2, 0x1EA3, 0x1EA4, 0x1EA5, 0x1EA6, 0x1EA7, 0x1EA8, 0x1EA9,
    0x1EAA, 0x1EAB, 0x1EAC, 0x1EAD, 0x1EAE, 0x1EAF, 0x1EB0, 0x1EB1, 0x1EB2, 0x1EB3, 0x1EB4, 0x1EB5,
    0x1EB6, 0x1EB7, 0x1EB8, 0x1EB9, 0x1EBA, 0x1EBB, 0x1EBC, 0x1EBD, 0x1EBE, 0x1EBF, 0x1EC0, 0x1EC1,
    0x1EC2, 0x1EC3, 0x1EC4, 0x1EC5, 0x1EC6, 0x1EC7, 0x1EC8, 0x1EC9, 0x1ECA, 0x1ECB, 0x1ECC, 0x1ECD,
    0x1ECE, 0x1ECF, 0x1ED0, 0x1ED1, 0x1ED2, 0x1ED3, 0x1ED4, 0x1ED5, 0x1ED6, 0x1ED7, 0x1ED8, 0x1ED9,
    0x1EDA, 0x1EDB, 0x1EDC, 0x1EDD, 0x1EDE, 0x1EDF, 0x1EE0, 0x1EE1, 0x1EE2, 0x1EE3, 0x1EE4, 0x1EE5,
    0x1EE6, 0x1EE7, 0x1EE8, 0x1EE9, 0x1EEA, 0x1EEB, 0x1EEC, 0x1EED, 0x1EEE, 0x1EEF, 0x1EF0, 0x1EF1,
    0x1EF2, 0x1EF3, 0x1EF4, 0x1EF5, 0x1EF6, 0x1EF7, 0x1EF8, 0x1EF9, 0x2018, 0x2019, 0x201A, 0x201C,
    0x201D, 0x201E, 0x2020, 0x2021, 0x2022, 0x2023, 0x2026, 0x2034, 0x2039, 0x203A, 0x203D, 0x2043,
    0x204B, 0x204C, 0x204D, 0x204F, 0x2071, 0x2074, 0x2077, 0x207A, 0x207B, 0x2080, 0x2081, 0x2082,
    0x2083, 0x2084, 0x2085, 0x2086, 0x2087, 0x2088, 0x2089, 0x208A, 0x208B, 0x208C, 0x208D, 0x208E,
    0x2090, 0x2091, 0x2092, 0x2093, 0x2095, 0x2096, 0x2097, 0x2098, 0x2099, 0x209A, 0x209B, 0x209C,
    0x20A1, 0x20A7, 0x20A8, 0x20A9, 0x20AC, 0x20AF, 0x20B2, 0x20B5, 0x20BD, 0x20BF, 0x2190, 0x21D0,
    0x2206, 0x2212, 0x221E, 0x2248, 0x2260, 0x2264, 0x2265, 0xFB02, 0xFB8C, 0xFEAD, 0xFEAE, 0xFEAF,
};

static const uint8_t inter_12_regularKernLeftClassIds[] = {
      1,   2,   3,   4,   1,   5,   6,   7,   8,   9,   8,   9,  10,  11,  12,  13,
     14,  15,  16,  17,  18,  14,  11,  19,  19,  20,  21,  22,  23,  24,  25,  26,
     23,  27,  28,  29,  12,  12,  30,  31,  32,  12,  12,  23,  33,  23,  34,   2,
     35,  30,  36,  37,  38,  39,  40,  41,  42,   6,   7,  43,  44,  45,  45,  12,
     45,  46,  47,  44,  48,  48,  49,  12,  44,  44,  45,  45,  47,  50,  51,  52,
     53,  54,  55,  56,  54,  57,   5,  12,   6,  58,  59,  45,  60,  23,  61,  62,
     47,  63,  64,   7,  20,  65,  66,  12,  67,  61,  68,  69,  24,  24,  24,  24,
     24,  24,  27,  26,  27,  27,  27,  27,  12,  12,  70,  70,  23,  12,  23,  23,
     23,  23,  23,  71,  23,  30,  30,  30,  30,  39,  72,  73,  44,  44,  44,  44,
     44,  44,  74,  45,  45,  45,  45,  45,  48,  48,  75,  76,  45,  77,  45,  45,
     45,  78,  78,   8,  45,  53,  53,  53,  53,  54,  45,  54,  24,  79,  24,  44,
     24,  44,  26,  45,  26,  45,  26,  45,  26,  45,  23,  80,  81,  27,  45,  27,
     45,  27,  45,  27,  45,  27,  45,  29,  47,  29,  47,  29,  47,  29,  47,  12,
     44,  12,  44,  70,  82,  70,  83,  70,  84,  12,  48,  12,  48,  48,  30,  85,
     31,  49,  49,  86,  87,  32,  12,  88,  12,  89,  90,  91,  92,  12,  44,  12,
     44,  12,  44,  12,  23,  45,  23,  45,  23,  45,  27,  45,  34,  50,  34,  50,
     34,  50,   2,  51,   2,  51,   2,  51,   2,  51,  93,  52,  94,  52,  95,  52,
     30,  53,  30,  53,  30,  53,  30,  53,  30,  53,  30,  53,  37,  55,  39,  54,
     39,  40,  57,  40,  57,  40,  57,  96,  97,  98,  99, 100, 101,  57,  48,  48,
     48,  48,  24,  44,  87, 102,  23,  45,  30,  53,  30,  53,  30,  53,  30,  53,
     30,  53, 103,  24,  44,  24,  44,  27,  74,  29,  47,  29,  47,  31,  49,  23,
     45,  23,  45,  48, 104,  57,  57,  29,  47, 105,  12,  44,  24,  44,  27,  74,
     23,  45,  24,  44,  24,  44,  27,  45,  27,  45, 106, 107,  70, 108,  23,  45,
     23,  45,  34,  50,  34,  50,  30,  53,  30,  53,   2,  51,  35,  52,  12,  44,
     27,  27,  45,  35,  98,   2,  12,  70,  30,  45,  45,  44,  31,  12,  12,  24,
     25,  25,  35, 109,  27, 110,  14,  12,  12,  31,  12,  12,  12,  23,  12,  33,
     26,  35,  39, 111,  38, 109,  12,  12, 109,  45,  12,  45,  23, 112,  44,  51,
     50, 113,  45,  56,  44,  44,  44,  49,  44,  44,  44,  45,  44,  45,  45, 114,
     54,  45,  56, 113,  44,  44, 113, 115,  48, 115,  45,  45,  44,  45,  45,  44,
     50,  45,  51,  48,  76,  48, 115, 115,  44,  49,  44,  54,  53,  12,  45,  45,
     26,  45,  24,  24,  24,  25,  23,  45,  36,  54,  36,  54,  46,  45,  12,  52,
     45,  45,  33,  45,  35,  50,  35,  50,  56,  14,  31,  49,  31,  49,  31,  49,
     52,  52,  35,  50,  45, 115,  74,  26,  45,  35,  50,  39,  54, 116,  54,  56,
    113,  52,  44,  44,  44,  45,  74,  12,  38,  25,  44,  52,  12,  44,  52,  52,
     44,  12,  52,  12,  24,  44,  24,  44,  27,  74,  27,  45,  45,  23,  45,  38,
     14,  12,  44,  12,  44,  23,  45,  23,  45,  23,  45,  45,  54,  54,  54,  44,
     35,  50,  44,  35,  50,  38,  56,  38,  56, 117, 117, 118, 119, 119, 120, 118,
    117, 121, 119, 117, 122, 123, 124, 119, 118, 125,  24,  44,  24,  44,  24,  44,
     24,  44,  24,  44,  24,  44,  24,  44,  24,  44,  24,  44,  24,  44,  24,  44,
     24,  44,  27,  45,  27,  45,  27,  45,  27,  45,  27,  45,  27,  45,  27,  45,
     27,  45,  12, 107,  12, 126,  23,  45,  23,  45,  23,  45,  23,  45,  23, 127,
     23,  45,  23,  45,  23,  45,  23,  45,  23,  45,  23,  45,  23,  45,  30,  53,
     30,  53, 128,  53, 128,  53, 128, 100, 128,  53, 128,  53,  39,  54, 129,  54,
    129,  54, 129,  54, 130, 131, 132, 130, 131, 132,  61,  61, 133, 133, 134, 131,
     62,  68,  22, 133,  33,  44, 133,  19, 135, 136, 137, 138, 138, 139, 139, 139,
    139, 139, 140, 139, 141, 139, 139, 139, 139, 139, 139, 139, 139, 139, 139, 139,
    139, 139, 139, 139, 139, 139, 139, 139,  26,  52,  51, 142, 143,  45,  29,  26,
    144,  25,   8,  20,  24,   8,  89,  20,  20,  20,  20, 145, 146, 146, 146, 146,
};

static const uint16_t inter_12_regularKernRightCodepoints[] = {
    0x0022, 0x0023, 0x0024, 0x0025, 0x0026, 0x0027, 0x0029, 0x002A, 0x002B, 0x002C, 0x002D, 0x002E,
    0x002F, 0x0030, 0x0031, 0x0032, 0x0033, 0x0034, 0x0035, 0x0036, 0x0037, 0x0038, 0x0039, 0x003A,
    0x003B, 0x003C, 0x003D, 0x003F, 0x0040, 0x0041, 0x0042, 0x0043, 0x0044, 0x0045, 0x0046, 0x0047,
    0x0048, 0x0049, 0x004A, 0x004B, 0x004C, 0x004D, 0x004E, 0x004F, 0x0050, 0x0051, 0x0052, 0x0053,
    0x0054, 0x0055, 0x0056, 0x0057, 0x0058, 0x0059, 0x005A, 0x005C, 0x005D, 0x005E, 0x005F, 0x0061,
    0x0062, 0x0063, 0x0064, 0x0065, 0x0066, 0x0067, 0x0068, 0x0069, 0x006A, 0x006B, 0x006C, 0x006D,
    0x006E, 0x006F, 0x0070, 0x0071, 0x0072, 0x0073, 0x0074, 0x0075, 0x0076, 0x0077, 0x0078, 0x0079,
    0x007A, 0x007C, 0x007D, 0x007E, 0x00A2, 0x00A5, 0x00A9, 0x00AA, 0x00AB, 0x00AC, 0x00AD, 0x00AE,
    0x00B0, 0x00B1, 0x00B2, 0x00B5, 0x00B6, 0x00B7, 0x00B9, 0x00BA, 0x00BB, 0x00BF, 0x00C0, 0x00C1,
    0x00C2, 0x00C3, 0x00C4, 0x00C5, 0x00C6, 0x00C7, 0x00C8, 0x00C9, 0x00CA, 0x00CB, 0x00CC, 0x00CD,
    0x00CE, 0x00CF, 0x00D0, 0x00D1, 0x00D2, 0x00D3, 0x00D4, 0x00D5, 0x00D6, 0x00D7, 0x00D8, 0x00D9,
    0x00DA, 0x00DB, 0x00DC, 0x00DD, 0x00DE, 0x00DF, 0x00E0, 0x00E1, 0x00E2, 0x00E3, 0x00E4, 0x00E5,
    0x00E6, 0x00E7, 0x00E8, 0x00E9, 0x00EA, 0x00EB, 0x00EC, 0x00ED, 0x00EE, 0x00EF, 0x00F0, 0x00F1,
    0x00F2, 0x00F3, 0x00F4, 0x00F5, 0x00F6, 0x00F7, 0x00F8, 0x00F9, 0x00FA, 0x00FB, 0x00FC, 0x00FD,
    0x00FE, 0x00FF, 0x0100, 0x0101, 0x0102, 0x0103, 0x0104, 0x0105, 0x0106, 0x0107, 0x0108, 0x0109,
    0x010A, 0x010B, 0x010C, 0x010D, 0x010E, 0x010F, 0x0110, 0x0111, 0x0112, 0x0113, 0x0114, 0x0115,
    0x0116, 0x0117, 0x0118, 0x0119, 0x011A, 0x011B, 0x011C, 0x011D, 0x011E, 0x011F, 0x0120, 0x0121,
    0x0122, 0x0123, 0x0124, 0x0125, 0x0126, 0x0127, 0x0128, 0x0129, 0x012A, 0x012B, 0x012C, 0x012D,
    0x012E, 0x012F, 0x0130, 0x0131, 0x0133, 0x0134, 0x0135, 0x0136, 0x0137, 0x0138, 0x0139, 0x013A,
    0x013B, 0x013C, 0x013D, 0x013E, 0x0140, 0x0141, 0x0142, 0x0143, 0x0144, 0x0145, 0x0146, 0x0147,
    0x0148, 0x014A, 0x014B, 0x014C, 0x014D, 0x014E, 0x014F, 0x0150, 0x0151, 0x0152, 0x0153, 0x0154,
    0x0155, 0x0156, 0x0157, 0x0158, 0x0159, 0x015A, 0x015B, 0x015C, 0x015D, 0x015E, 0x015F, 0x0160,
    0x0161, 0x0162, 0x0163, 0x0164, 0x0165, 0x0166, 0x0167, 0x0168, 0x0169, 0x016A, 0x016B, 0x016C,
    0x016D, 0x016E, 0x016F, 0x0170, 0x0171, 0x0172, 0x0173, 0x0174, 0x0175, 0x0176, 0x0177, 0x0178,
    0x0179, 0x017A, 0x017B, 0x017C, 0x017D, 0x017E, 0x017F, 0x01A0, 0x01A1, 0x01AF, 0x01B0, 0x01C5,
    0x01C6, 0x01C8, 0x01C9, 0x01CB, 0x01CC, 0x01CD, 0x01CE, 0x01CF, 0x01D0, 0x01D1, 0x01D2, 0x01D3,
    0x01D4, 0x01D5, 0x01D6, 0x01D7, 0x01D8, 0x01D9, 0x01DA, 0x01DB, 0x01DC, 0x01DD, 0x01DE, 0x01DF,
    0x01E0, 0x01E1, 0x01E2, 0x01E3, 0x01E4, 0x01E5, 0x01E6, 0x01E7, 0x01E8, 0x01E9, 0x01EA, 0x01EB,
    0x01EC, 0x01ED, 0x01EF, 0x01F0, 0x01F2, 0x01F3, 0x01F4, 0x01F5, 0x01F6, 0x01F8, 0x01F9, 0x01FA,
    0x01FB, 0x01FC, 0x01FD, 0x01FE, 0x01FF, 0x0200, 0x0201, 0x0202, 0x0203, 0x0204, 0x0205, 0x0206,
    0x0207, 0x0208, 0x0209, 0x020A, 0x020B, 0x020C, 0x020D, 0x020E, 0x020F, 0x0210, 0x0211, 0x0212,
    0x0213, 0x0214, 0x0215, 0x0216, 0x0217, 0x0218, 0x0219, 0x021A, 0x021B, 0x021E, 0x021F, 0x0400,
    0x0401, 0x0402, 0x0403, 0x0404, 0x0405, 0x0406, 0x0407, 0x0408, 0x0409, 0x040A, 0x040B, 0x040C,
    0x040D, 0x040F, 0x0410, 0x0411, 0x0412, 0x0413, 0x0414, 0x0415, 0x0416, 0x0417, 0x0418, 0x0419,
    0x041A, 0x041B, 0x041C, 0x041D, 0x041E, 0x041F, 0x0420, 0x0421, 0x0422, 0x0423, 0x0424, 0x0425,
    0x0426, 0x0427, 0x0428, 0x0429, 0x042A, 0x042B, 0x042C, 0x042D, 0x042E, 0x0430, 0x0431, 0x0432,
    0x0433, 0x0434, 0x0435, 0x0436, 0x0437, 0x0438, 0x0439, 0x043A, 0x043B, 0x043C, 0x043D, 0x043E,
    0x043F, 0x0440, 0x0441, 0x0442, 0x0443, 0x0444, 0x0445, 0x0446, 0x0447, 0x0448, 0x0449, 0x044A,
    0x044B, 0x044C, 0x044D, 0x044E, 0x044F, 0x0450, 0x0451, 0x0452, 0x0453, 0x0454, 0x0455, 0x0456,
    0x0457, 0x0458, 0x0459, 0x045A, 0x045B, 0x045C, 0x045D, 0x045E, 0x045F, 0x0460, 0x0463, 0x0464,
    0x0465, 0x0466, 0x0467, 0x0468, 0x046C, 0x046E, 0x0472, 0x0473, 0x0474, 0x0475, 0x0476, 0x0477,
    0x0478, 0x0479, 0x0481, 0x048A, 0x048B, 0x048D, 0x048E, 0x048F, 0x0490, 0x0491, 0x0493, 0x0494,
    0x0495, 0x0497, 0x049A, 0x049B, 0x049C, 0x049D, 0x04A0, 0x04A1, 0x04A2, 0x04A3, 0x04A4, 0x04A5,
    0x04A6, 0x04A7, 0x04A9, 0x04AA, 0x04AB, 0x04AC, 0x04AD, 0x04AE, 0x04AF, 0x04B0, 0x04B1, 0x04B2,
    0x04B3, 0x04B4, 0x04B5, 0x04B7, 0x04B9, 0x04BA, 0x04BB, 0x04BD, 0x04C0, 0x04C1, 0x04C3, 0x04C4,
    0x04C6, 0x04C7, 0x04C8, 0x04C9, 0x04CA, 0x04CD, 0x04CE, 0x04CF, 0x04D0, 0x04D1, 0x04D2, 0x04D3,
    0x04D4, 0x04D5, 0x04D6, 0x04D7, 0x04D9, 0x04DA, 0x04DB, 0x04DC, 0x04E1, 0x04E2, 0x04E3, 0x04E4,
    0x04E5, 0x04E6, 0x04E7, 0x04E8, 0x04E9, 0x04EA, 0x04EB, 0x04ED, 0x04EF, 0x04F1, 0x04F3, 0x04F7,
    0x04F9, 0x04FB, 0x04FC, 0x04FD, 0x04FE, 0x04FF, 0x05D0, 0x05D1, 0x05D2, 0x05D3, 0x05D4, 0x05D6,
    0x05D7, 0x05D8, 0x05D9, 0x05DA, 0x05DB, 0x05DC, 0x05DD, 0x05DE, 0x05E1, 0x05E2, 0x05E3, 0x05E4,
    0x05E7, 0x05E8, 0x05E9, 0x05EA, 0x1EA0, 0x1EA1, 0x1EA2, 0x1EA3, 0x1EA4, 0x1EA5, 0x1EA6, 0x1EA7,
    0x1EA8, 0x1EA9, 0x1EAA, 0x1EAB, 0x1EAC, 0x1EAD, 0x1EAE, 0x1EAF, 0x1EB0, 0x1EB1, 0x1EB2, 0x1EB3,
    0x1EB4, 0x1EB5, 0x1EB6, 0x1EB7, 0x1EB8, 0x1EB9, 0x1EBA, 0x1EBB, 0x1EBC, 0x1EBD, 0x1EBE, 0x1EBF,
    0x1EC0, 0x1EC1, 0x1EC2, 0x1EC3, 0x1EC4, 0x1EC5, 0x1EC6, 0x1EC7, 0x1EC8, 0x1EC9, 0x1ECA, 0x1ECB,
    0x1ECC, 0x1ECD, 0x1ECE, 0x1ECF, 0x1ED0, 0x1ED1, 0x1ED2, 0x1ED3, 0x1ED4, 0x1ED5, 0x1ED6, 0x1ED7,
    0x1ED8, 0x1ED9, 0x1EDA, 0x1EDB, 0x1EDC, 0x1EDD, 0x1EDE, 0x1EDF, 0x1EE0, 0x1EE1, 0x1EE2, 0x1EE3,
    0x1EE4, 0x1EE5, 0x1EE6, 0x1EE7, 0x1EE8, 0x1EE9, 0x1EEA, 0x1EEB, 0x1EEC, 0x1EED, 0x1EEE, 0x1EEF,
    0x1EF0, 0x1EF1, 0x1EF2, 0x1EF3, 0x1EF4, 0x1EF5, 0x1EF6, 0x1EF7, 0x1EF8, 0x1EF9, 0x2018, 0x2019,
    0x201A, 0x201B, 0x201C, 0x201D, 0x201E, 0x201F, 0x2020, 0x2021, 0x2022, 0x2023, 0x2026, 0x2034,
    0x2039, 0x203A, 0x203D, 0x2043, 0x2044, 0x204A, 0x204B, 0x204C, 0x204D, 0x204F, 0x2074, 0x2077,
    0x2079, 0x207E, 0x207F, 0x2080, 0x2081, 0x2082, 0x2083, 0x2084, 0x2086, 0x2087, 0x2088, 0x2089,
    0x208A, 0x208B, 0x208C, 0x208D, 0x208E, 0x2091, 0x2092, 0x2093, 0x2095, 0x2096, 0x2097, 0x2098,
    0x2099, 0x209A, 0x209B, 0x209C, 0x20A1, 0x20A7, 0x20A8, 0x20A9, 0x20AB, 0x20B2, 0x20B4, 0x20B5,
    0x20B8, 0x20BF, 0x2192, 0x21D2, 0x2206, 0x2212, 0x221E, 0x222B, 0x2236, 0x2248, 0x2260, 0x2264,
    0x2265, 0xFB8E, 0xFBA6, 0xFBAA, 0xFE8D, 0xFEA3, 0xFEA9, 0xFEB1, 0xFEB3, 0xFEB9, 0xFEBB, 0xFEC1,
    0xFEC3, 0xFECB, 0xFEDB, 0xFEDF, 0xFEE1, 0xFEE3, 0xFEE9, 0xFEEB,
};

static const uint8_t inter_12_regularKernRightClassIds[] = {
      1,   2,   3,   4,   5,   1,   6,   7,   8,   9,  10,  11,  12,  13,  14,  15,
     16,  17,  18,  13,  19,  20,  21,  22,  22,  23,  24,  25,  26,  27,  28,  29,
     28,  28,  28,  29,  28,  28,  30,  28,  28,  28,  28,  29,  28,  29,  28,   3,
     31,  32,  33,  34,  35,  36,  37,  33,   6,  38,  39,  40,  28,  41,  41,  41,
     42,  41,  28,  43,  44,  28,  28,  45,  45,  41,  45,  41,  45,  46,  47,  48,
     49,  50,  51,  49,  52,  28,   6,  53,  41,  54,  29,  55,  56,  57,  58,  59,
     60,  24,  61,  62,  63,  64,  65,  55,  66,  67,  27,  27,  27,  27,  27,  27,
     27,  29,  28,  28,  28,  28,  28,  28,  68,  68,  69,  28,  29,  29,  29,  29,
     29,  70,  29,  32,  32,  32,  32,  36,  28,  28,  40,  40,  40,  71,  72,  40,
     40,  41,  41,  41,  41,  73,  74,  75,  76,  77,  41,  45,  41,  41,  41,  78,
     73,   8,  41,  48,  48,  48,  79,  49,  28,  80,  27,  81,  27,  40,  27,  40,
     29,  41,  29,  41,  29,  41,  29,  41,  28,  41,  82,  41,  28,  41,  28,  41,
     28,  41,  28,  41,  28,  41,  29,  41,  29,  41,  29,  41,  29,  41,  28,  28,
     28,  83,  68,  84,  68,  85,  68,  77,  28,  43,  28,  43,  43,  30,  86,  28,
     28,  45,  28,  28,  28,  28,  28,  28,  28,  28,  28,  28,  45,  28,  45,  28,
     45,  28,  45,  29,  87,  29,  41,  29,  41,  29,  41,  28,  45,  28,  45,  28,
     45,   3,  46,   3,  46,   3,  46,   3,  46,  88,  47,  89,  47,  90,  47,  32,
     91,  32,  48,  32,  48,  32,  48,  32,  48,  32,  48,  34,  50,  36,  49,  36,
     37,  52,  37,  52,  37,  52,  28,  29,  41,  32,  48,  92,  41,  28,  28,  28,
     45,  27,  40,  28,  93,  29,  41,  32,  48,  32,  48,  32,  48,  32,  48,  32,
     48,  87,  27,  40,  27,  40,  27,  40,  29,  41,  29,  41,  28,  28,  29,  41,
     29,  41,  47,  44,  28,  87,  29,  41,  92,  28,  45,  27,  40,  27,  40,  29,
     41,  27,  40,  27,  40,  28,  41,  28,  41,  68,  94,  68,  95,  29,  41,  29,
     41,  28,  45,  28,  45,  32,  48,  32,  48,   3,  46,  31,  47,  28,  28,  28,
     28,  31,  28,  29,   3,  28,  68,  30,  96,  28,  31,  28,  28,  28,  27,  28,
     28,  28,  97,  28,  98,  99,  92,  28,  28,  96,  28,  28,  29,  28,  28,  29,
     31,  33, 100,  35,  28, 101,  28,  28, 102,  28,  28,  29,  28,  40,  13,  45,
     45, 103,  41,  51,  41,  45,  45,  45, 104,  45,  45,  41,  45,  45,  41, 105,
     49,  41,  51,  45, 106,  45,  45, 107,  43,  45,  41,  45, 108,  41,  41,  28,
     45,  41,  46,  43,  77,  44, 104,  45,  28,  45,  45,  49,  48,  28,  47,  28,
     45,  27,  27,  28,  28,  28,  29,  41,  33,  49,  33,  49,  29,  41,  41,  92,
     45,  47,  28,  45,  28,  45,  47,  28,  45,  51,  28,  45,  28,  45,  31,  47,
     28,  45,  28,  45,  28,  45,  41,  29,  41,  31,  47,  36,  49, 109,  49,  35,
     51,  31,  47,  40,  40,  28,  28,  47,  28,  35,  28,  45, 104,  92,  45,  28,
     45,  28,  45,  28,  27,  40,  27,  40,  27,  40,  28,  41,  41,  29,  41,  35,
     47,  28,  45,  28,  45,  29,  41,  29,  41,  29,  41,  41,  49,  49,  49,  45,
     45,  47,  35,  51,  35,  51, 110, 111, 112, 113, 114, 115, 114, 116, 117, 114,
    116, 118, 114, 114, 116, 119, 114, 116, 118, 114, 119, 114,  27,  40,  27,  40,
     27,  40,  27,  40,  27,  40,  27,  40,  27,  40,  27,  40,  27,  40,  27,  40,
     27,  40,  27,  40,  28,  41,  28,  41,  28,  41,  28,  41,  28,  41,  28,  41,
     28,  41,  28,  41,  28,  43,  28,  43,  29,  41,  29,  41,  29,  41,  29,  41,
     29,  41,  29,  41,  29,  41,  29,  41,  29,  41,  29,  41,  29,  41,  29,  41,
     32,  48,  32,  48,  32,  48,  32,  48,  32,  48,  32,  48,  32,  48,  36,  49,
    120,  49, 120,  49, 120,  49, 121, 122, 123, 124, 121, 122, 123, 125,  55,  55,
    126, 126, 127, 128,  56,  66,  25, 126, 129,  47,  28, 126,  45,  22, 130, 131,
    132, 133, 134, 135, 135, 135, 135, 136, 135, 137, 135, 135, 135, 135, 135, 135,
    135, 135, 135, 135, 135, 135, 135, 135, 135, 135, 135, 135,  29,  28,  28,  54,
     41,  29, 138,  29, 139,  28,   8,  24,  27,   8, 140,  44,  22,  24,  24,  24,
     24, 141, 141, 141, 142, 141, 143, 143, 143, 143, 143, 143, 143, 142, 141, 142,
    141, 141, 141, 141,
};

static const uint16_t inter_12_regularKernRowOffsets[] = {
        0,    15,    27,    30,    47,    54,    56,    69,    92,   119,   125,   142,   154,   155,   165,   178,
      189,   194,   236,   243,   261,   279,   280,   303,   360,   370,   378,   383,   412,   429,   437,   475,
      515,   542,   563,   626,   673,   709,   747,   801,   817,   824,   881,   924,   942,   974,  1017,  1022,
     1032,  1049,  1105,  1125,  1168,  1189,  1236,  1256,  1280,  1289,  1312,  1322,  1328,  1335,  1344,  1346,
     1368,  1369,  1390,  1413,  1440,  1450,  1455,  1468,  1482,  1492,  1497,  1507,  1537,  1555,  1587,  1605,
     1637,  1657,  1687,  1717,  1747,  1757,  1797,  1809,  1849,  1852,  1864,  1904,  1916,  1979,  2042,  2105,
     2129,  2133,  2136,  2141,  2150,  2159,  2169,  2201,  2202,  2223,  2228,  2238,  2268,  2276,  2314,  2337,
     2342,  2372,  2428,  2449,  2503,  2506,  2514,  2515,  2517,  2519,  2521,  2522,  2525,  2527,  2537,  2569,
     2573,  2627,  2647,  2698,  2724,  2737,  2764,  2765,  2767,  2771,  2773,  2794,  2795,  2796,  2797,  2798,
     2803,  2804,  2807,
};

static const uint8_t inter_12_regularKernSparseCols[] = {
      4,   8,  10,  16,  26,  29,  40,  45,  72,  77,  86,  95,  96, 107, 126,  30,
     34,  76,  83,  84,  87,  88,  89,  94,  97, 101, 135, 120, 121, 127,   0,  30,
     32,  33,  35,  48,  49,  54,  58,  79,  87,  88,  89, 101, 108, 119, 120,  40,
     43,  72,  77,  85,  86,  93,  93, 120,   4,   8,  10,  16,  25,  26,  28,  29,
     38,  95,  96,  99, 126,  14,  15,  18,  26,  29,  30,  32,  33,  34,  35,  48,
     50,  62,  79,  87,  88,  89,  97,  98, 101, 108, 119, 120,   0,  12,  13,  15,
     17,  18,  19,  20,  24,  25,  28,  30,  35,  62,  87,  88,  89,  98,  99, 101,
    105, 108, 119, 121, 123, 124, 127,   8,  10,  26,  29,  93, 126,   8,  10,  18,
     26,  32,  34,  35,  38,  46,  97, 104, 106, 108, 119, 120, 122, 126,  46,  48,
     68,  76,  79,  81,  83,  84,  93,  94, 104, 106,  16,   6,   8,  10,  34,  37,
     55,  59,  97, 122, 126,   6,   8,  10,  13,  18,  37,  46,  58,  59,  62, 104,
    106, 126,   6,   8,  10,  13,  37,  46,  58,  59, 104, 106, 126,   8,  10,  38,
    122, 126,   1,   3,   4,   6,   8,  10,  12,  15,  16,  17,  18,  19,  20,  21,
     22,  26,  29,  37,  38,  39,  40,  44,  45,  55,  59,  70,  71,  72,  76,  77,
     80,  83,  84,  86,  94,  95,  96,  98, 107, 122, 126, 135,  30,  32,  87,  88,
     89, 101, 120,  26,  30,  32,  33,  34,  35,  48,  50,  79,  87,  88,  89,  97,
    101, 108, 119, 120, 138,  18,  30,  32,  33,  34,  35,  36,  87,  88,  89,  95,
     96,  97, 101, 108, 119, 120, 138,  26,   8,  10,  11,  26,  30,  32,  33,  34,
     35,  38,  58,  87,  88,  89,  97, 101, 108, 119, 120, 122, 126, 134, 135,   0,
      6,   7,   9,  11,  12,  13,  23,  24,  25,  26,  28,  30,  31,  32,  33,  35,
     37,  40,  42,  46,  48,  49,  52,  54,  55,  56,  58,  59,  62,  63,  65,  69,
     72,  73,  74,  75,  77,  79,  86,  87,  88,  89,  92,  99, 101, 104, 105, 106,
    108, 119, 120, 121, 125, 127, 128, 138,  30,  76,  83,  84,  87,  88,  89,  94,
    101, 120,  26,  34,  38,  76,  83,  84,  94,  97,  76,  83,  84,  93,  94,   8,
     10,  11,  25,  26,  28,  29,  38,  39,  40,  44,  47,  48,  51,  61,  70,  71,
     72,  77,  78,  79,  80,  86,  90,  93,  99, 122, 126, 135,  26,  30,  32,  34,
     35,  76,  83,  84,  87,  88,  89,  93,  94,  97, 101, 108, 119,   8,  10,  11,
     26,  38,  93, 122, 126,   2,   7,   9,  22,  23,  25,  28,  40,  42,  47,  48,
     49,  52,  55,  56,  58,  61,  63,  69,  72,  73,  74,  75,  76,  77,  78,  79,
     83,  84,  86,  90,  92,  93,  94,  99, 105, 125, 139,   0,   6,   7,   9,  13,
     24,  25,  28,  30,  32,  35,  37,  46,  48,  52,  54,  55,  56,  58,  59,  62,
     63,  69,  79,  87,  88,  89,  99, 101, 104, 105, 106, 108, 119, 120, 121, 123,
    124, 125, 127,   4,   7,   8,   9,  10,  26,  29,  30,  39,  40,  44,  52,  56,
     63,  70,  71,  72,  77,  80,  86,  87,  88,  89, 101, 122, 126, 135,  30,  32,
     35,  39,  40,  70,  71,  72,  76,  77,  80,  83,  84,  86,  87,  88,  89,  94,
    101, 108, 119,   4,   7,   8,   9,  10,  11,  12,  16,  18,  21,  22,  23,  25,
     26,  28,  29,  35,  38,  39,  40,  41,  44,  45,  46,  47,  48,  49,  50,  51,
     52,  55,  56,  61,  63,  65,  69,  70,  71,  72,  76,  77,  78,  79,  80,  83,
     84,  86,  90,  93,  94,  95,  96,  99, 104, 105, 106, 107, 108, 119, 122, 125,
    126, 135,   4,   7,   8,   9,  10,  11,  12,  16,  21,  22,  23,  25,  26,  28,
     29,  32,  38,  39,  40,  44,  45,  52,  55,  56,  63,  69,  70,  71,  72,  76,
     77,  80,  83,  84,  86,  93,  94,  95,  96,  99, 105, 107, 122, 125, 126, 134,
    135,   4,   7,   8,   9,  10,  16,  21,  22,  23,  25,  26,  28,  29,  33,  39,
     40,  44,  45,  52,  55,  56,  63,  70,  71,  72,  77,  80,  86,  93,  99, 105,
    107, 122, 126, 134, 135,   2,   7,   9,  12,  15,  16,  19,  22,  23,  25,  28,
     30,  39,  40,  52,  55,  56,  58,  63,  69,  70,  71,  72,  77,  80,  86,  87,
     88,  89,  93,  98,  99, 100, 101, 104, 105, 125, 137,   4,   7,   8,   9,  10,
     16,  21,  22,  23,  25,  26,  28,  29,  30,  39,  40,  42,  44,  45,  47,  52,
     55,  56,  58,  61,  63,  65,  69,  70,  71,  72,  73,  74,  75,  77,  78,  80,
     86,  87,  88,  89,  90,  92,  93,  99, 101, 105, 107, 122, 125, 126, 134, 135,
    139,   7,   9,  22,  25,  28,  52,  55,  56,  63,  76,  83,  84,  93,  94,  99,
    105,  40,  43,  72,  77,  85,  86,  93,   0,   6,   7,   9,  11,  12,  13,  23,
     24,  25,  26,  28,  30,  31,  32,  33,  35,  37,  40,  42,  46,  48,  49,  52,
     54,  55,  56,  58,  59,  62,  63,  65,  69,  72,  73,  74,  75,  77,  79,  86,
     87,  88,  89,  92,  99, 101, 104, 105, 106, 108, 119, 120, 121, 125, 127, 128,
    138,   6,  12,  13,  15,  16,  17,  19,  20,  25,  27,  28,  30,  31,  32,  37,
     42,  43,  44,  48,  59,  62,  73,  74,  75,  79,  82,  85,  87,  88,  89,  91,
     92,  95,  96,  98,  99, 100, 101, 102, 103, 105, 120, 138,   0,  13,  30,  32,
     33,  35,  48,  58,  79,  87,  88,  89, 101, 108, 119, 120, 121, 127,   0,   5,
     13,  26,  30,  32,  33,  34,  35,  39,  48,  49,  50,  51,  54,  58,  70,  71,
     79,  80,  87,  88,  89,  93,  97, 101, 105, 108, 119, 120, 121, 127,   7,   8,
      9,  10,  11,  16,  26,  29,  35,  38,  39,  40,  41,  45,  46,  49,  52,  55,
     56,  63,  69,  70,  71,  72,  76,  77,  80,  83,  84,  86,  93,  94,  95,  96,
    104, 106, 107, 108, 119, 122, 125, 126, 135,  30,  87,  88,  89, 101,   5,  46,
     53,  76,  83,  84,  93,  94, 104, 106,   7,   9,  16,  22,  30,  40,  52,  55,
     56,  63,  72,  77,  86,  87,  88,  89, 101,   7,   8,   9,  10,  11,  22,  26,
     27,  29,  30,  36,  39,  40,  41,  42,  43,  44,  46,  48,  49,  50,  52,  56,
     63,  70,  71,  72,  73,  74,  75,  76,  77,  79,  80,  82,  83,  84,  85,  86,
     87,  88,  89,  91,  92,  94, 101, 102, 103, 104, 106, 120, 121, 122, 126, 127,
    135,   0,  30,  32,  33,  35,  46,  48,  58,  79,  87,  88,  89, 101, 104, 105,
    106, 108, 119, 120, 122,   7,   9,  16,  22,  30,  32,  33,  35,  39,  40,  41,
     43,  45,  46,  48,  49,  52,  56,  63,  69,  70,  71,  72,  77,  79,  80,  85,
     86,  87,  88,  89,  93, 101, 104, 106, 107, 108, 119, 120, 121, 125, 127, 135,
      7,   9,  11,  22,  30,  35,  38,  52,  56,  63,  81,  87,  88,  89, 101, 108,
    119, 120, 121, 127, 135,   7,   8,   9,  10,  11,  22,  23,  26,  27,  29,  30,
     35,  38,  39,  40,  41,  45,  46,  52,  55,  56,  63,  70,  71,  72,  77,  80,
     82,  86,  87,  88,  89,  91,  93, 101, 102, 103, 104, 106, 107, 108, 119, 121,
    122, 126, 127, 135,   4,   8,  10,  26,  29,  30,  36,  40,  55,  72,  77,  86,
     87,  88,  89, 101, 121, 122, 126, 127,   7,   9,  23,  30,  39,  40,  41,  46,
     52,  55,  56,  63,  70,  71,  72,  77,  80,  86,  87,  88,  89, 101, 104, 106,
     30,  40,  72,  77,  86,  87,  88,  89, 101,  14,  15,  18,  26,  29,  30,  32,
     33,  34,  35,  48,  50,  62,  79,  87,  88,  89,  97,  98, 101, 108, 119, 120,
     30,  32,  35,  87,  88,  89, 101, 108, 119, 120,  42,  73,  74,  75,  92,  93,
      4,  26,  29,  40,  72,  77,  86,  26,  30,  35,  87,  88,  89, 101, 108, 119,
    110, 112,   4,  16,  25,  26,  28,  29,  34,  35,  39,  40,  45,  70,  71,  72,
     77,  80,  86,  97,  99, 107, 108, 119, 129,   7,   9,  11,  22,  30,  35,  38,
     52,  56,  63,  81,  87,  88,  89, 101, 108, 119, 120, 121, 127, 135,  14,  15,
     18,  26,  29,  30,  32,  33,  34,  35,  48,  50,  62,  79,  87,  88,  89,  97,
     98, 101, 108, 119, 120,  13,  14,  15,  18,  19,  26,  30,  32,  33,  34,  35,
     36,  48,  49,  50,  79,  87,  88,  89,  95,  96,  97,  98, 101, 108, 119, 120,
     30,  32,  33,  87,  88,  89, 101, 120, 121, 127,  76,  83,  84,  93,  94,  26,
     30,  32,  34,  35,  87,  88,  89,  97, 101, 108, 119, 138,   8,  10,  26,  29,
     30,  32,  36,  87,  88,  89, 101, 120, 122, 126,  30,  76,  83,  84,  87,  88,
     89,  94, 101, 120,  30,  87,  88,  89, 101,   5,  46,  53,  76,  83,  84,  93,
     94, 104, 106,  13,  18,  27,  30,  32,  36,  41,  42,  43,  44,  46,  67,  73,
     74,  75,  76,  82,  83,  84,  85,  87,  88,  89,  91,  92,  93,  94, 101, 104,
    106,   0,  13,  30,  32,  33,  35,  48,  58,  79,  87,  88,  89, 101, 108, 119,
    120, 121, 127,   0,   5,  13,  26,  30,  32,  33,  34,  35,  39,  48,  49,  50,
     51,  54,  58,  70,  71,  79,  80,  87,  88,  89,  93,  97, 101, 105, 108, 119,
    120, 121, 127,   0,  13,  30,  32,  33,  35,  48,  58,  79,  87,  88,  89, 101,
    108, 119, 120, 121, 127,   0,   5,   6,  13,  18,  27,  30,  37,  42,  43,  44,
     54,  58,  59,  73,  74,  75,  76,  82,  83,  84,  85,  87,  88,  89,  91,  92,
     93,  94, 101, 120, 135,  27,  30,  42,  43,  73,  74,  75,  76,  82,  83,  84,
     85,  87,  88,  89,  91,  92,  93,  94, 101,  13,  18,  27,  30,  32,  36,  41,
     42,  43,  44,  46,  67,  73,  74,  75,  76,  82,  83,  84,  85,  87,  88,  89,
     91,  92,  93,  94, 101, 104, 106,  13,  18,  27,  30,  32,  36,  41,  42,  43,
     44,  46,  67,  73,  74,  75,  76,  82,  83,  84,  85,  87,  88,  89,  91,  92,
     93,  94, 101, 104, 106,  13,  18,  27,  30,  32,  36,  41,  42,  43,  44,  46,
     67,  73,  74,  75,  76,  82,  83,  84,  85,  87,  88,  89,  91,  92,  93,  94,
    101, 104, 106,   5,  46,  53,  76,  83,  84,  93,  94, 104, 106,   0,   6,   7,
      9,  13,  24,  25,  28,  30,  32,  35,  37,  46,  48,  52,  54,  55,  56,  58,
     59,  62,  63,  69,  79,  87,  88,  89,  99, 101, 104, 105, 106, 108, 119, 120,
    121, 123, 124, 125, 127,  46,  48,  68,  76,  79,  81,  83,  84,  93,  94, 104,
    106,   0,   6,   7,   9,  13,  24,  25,  28,  30,  32,  35,  37,  46,  48,  52,
     54,  55,  56,  58,  59,  62,  63,  69,  79,  87,  88,  89,  99, 101, 104, 105,
    106, 108, 119, 120, 121, 123, 124, 125, 127,  35, 108, 119,  46,  48,  68,  76,
     79,  81,  83,  84,  93,  94, 104, 106,   0,   6,   7,   9,  13,  24,  25,  28,
     30,  32,  35,  37,  46,  48,  52,  54,  55,  56,  58,  59,  62,  63,  69,  79,
     87,  88,  89,  99, 101, 104, 105, 106, 108, 119, 120, 121, 123, 124, 125, 127,
     46,  48,  68,  76,  79,  81,  83,  84,  93,  94, 104, 106,   4,   7,   8,   9,
     10,  11,  12,  16,  18,  21,  22,  23,  25,  26,  28,  29,  35,  38,  39,  40,
     41,  44,  45,  46,  47,  48,  49,  50,  51,  52,  55,  56,  61,  63,  65,  69,
     70,  71,  72,  76,  77,  78,  79,  80,  83,  84,  86,  90,  93,  94,  95,  96,
     99, 104, 105, 106, 107, 108, 119, 122, 125, 126, 135,   4,   7,   8,   9,  10,
     11,  12,  16,  18,  21,  22,  23,  25,  26,  28,  29,  35,  38,  39,  40,  41,
     44,  45,  46,  47,  48,  49,  50,  51,  52,  55,  56,  61,  63,  65,  69,  70,
     71,  72,  76,  77,  78,  79,  80,  83,  84,  86,  90,  93,  94,  95,  96,  99,
    104, 105, 106, 107, 108, 119, 122, 125, 126, 135,   4,   7,   8,   9,  10,  11,
     12,  16,  18,  21,  22,  23,  25,  26,  28,  29,  35,  38,  39,  40,  41,  44,
     45,  46,  47,  48,  49,  50,  51,  52,  55,  56,  61,  63,  65,  69,  70,  71,
     72,  76,  77,  78,  79,  80,  83,  84,  86,  90,  93,  94,  95,  96,  99, 104,
    105, 106, 107, 108, 119, 122, 125, 126, 135,  39,  40,  41,  44,  45,  46,  47,
     48,  49,  50,  51,  61,  70,  71,  72,  77,  78,  79,  80,  86,  90, 104, 106,
    107,   8,  10,  26, 126,   8,  10, 126,  30,  87,  88,  89, 101,  40,  46,  48,
     72,  77,  79,  86, 104, 106,  30,  40,  72,  77,  86,  87,  88,  89, 101,   5,
     46,  53,  76,  83,  84,  93,  94, 104, 106,   0,   5,  13,  26,  30,  32,  33,
     34,  35,  39,  48,  49,  50,  51,  54,  58,  70,  71,  79,  80,  87,  88,  89,
     93,  97, 101, 105, 108, 119, 120, 121, 127,  93,   7,   9,  11,  22,  30,  35,
     38,  52,  56,  63,  81,  87,  88,  89, 101, 108, 119, 120, 121, 127, 135,  76,
     83,  84,  93,  94,   5,  46,  53,  76,  83,  84,  93,  94, 104, 106,  13,  18,
     27,  30,  32,  36,  41,  42,  43,  44,  46,  67,  73,  74,  75,  76,  82,  83,
     84,  85,  87,  88,  89,  91,  92,  93,  94, 101, 104, 106,  30,  38,  87,  88,
     89,  95,  96, 101,   2,   7,   9,  12,  15,  16,  19,  22,  23,  25,  28,  30,
     39,  40,  52,  55,  56,  58,  63,  69,  70,  71,  72,  77,  80,  86,  87,  88,
     89,  93,  98,  99, 100, 101, 104, 105, 125, 137,   8,  10,  11,  26,  30,  32,
     33,  34,  35,  38,  58,  87,  88,  89,  97, 101, 108, 119, 120, 122, 126, 134,
    135,   8,  10,  38, 122, 126,   0,   6,   7,   8,   9,  10,  12,  16,  19,  37,
     40,  41,  46,  48,  49,  52,  56,  59,  62,  63,  72,  77,  79,  86, 104, 105,
    106, 121, 126, 127,   7,   8,   9,  10,  11,  22,  26,  27,  29,  30,  36,  39,
     40,  41,  42,  43,  44,  46,  48,  49,  50,  52,  56,  63,  70,  71,  72,  73,
     74,  75,  76,  77,  79,  80,  82,  83,  84,  85,  86,  87,  88,  89,  91,  92,
     94, 101, 102, 103, 104, 106, 120, 121, 122, 126, 127, 135,   5,  30,  32,  34,
     35,  46,  48,  49,  50,  54,  79,  87,  88,  89,  97, 101, 104, 106, 108, 119,
    120,   4,   7,   8,   9,  10,  16,  21,  22,  23,  25,  26,  28,  29,  30,  39,
     40,  42,  44,  45,  47,  52,  55,  56,  58,  61,  63,  65,  69,  70,  71,  72,
     73,  74,  75,  77,  78,  80,  86,  87,  88,  89,  90,  92,  93,  99, 101, 105,
    107, 122, 125, 126, 134, 135, 139,  57, 115, 118,  57, 109, 110, 111, 112, 113,
    115, 117, 112, 110, 117, 113, 117, 116, 117, 115, 111, 114, 115,  57, 115,   5,
     46,  53,  76,  83,  84,  93,  94, 104, 106,   0,   5,  13,  26,  30,  32,  33,
     34,  35,  39,  48,  49,  50,  51,  54,  58,  70,  71,  79,  80,  87,  88,  89,
     93,  97, 101, 105, 108, 119, 120, 121, 127,   8,  10,  93, 126,   4,   7,   8,
      9,  10,  16,  21,  22,  23,  25,  26,  28,  29,  30,  39,  40,  42,  44,  45,
     47,  52,  55,  56,  58,  61,  63,  65,  69,  70,  71,  72,  73,  74,  75,  77,
     78,  80,  86,  87,  88,  89,  90,  92,  93,  99, 101, 105, 107, 122, 125, 126,
    134, 135, 139,   4,   8,  10,  11,  16,  26,  29,  40,  45,  66,  72,  77,  86,
     95,  96, 102, 103, 107, 122, 126,   1,   4,   7,   8,   9,  10,  11,  12,  16,
     18,  19,  21,  22,  23,  25,  26,  28,  29,  38,  39,  40,  44,  45,  46,  47,
     48,  52,  55,  56,  61,  62,  63,  66,  70,  71,  72,  77,  78,  79,  80,  86,
     90,  95,  96,  99, 102, 103, 104, 106, 107, 126,  13,  30,  32,  33,  35,  39,
     48,  70,  71,  79,  80,  87,  88,  89,  95,  96, 100, 101, 102, 103, 104, 108,
    119, 120, 121, 127,  26,  30,  32,  34,  35,  87,  88,  89,  97, 101, 108, 119,
    138,   0,  12,  13,  15,  17,  18,  19,  20,  24,  25,  28,  30,  35,  62,  87,
     88,  89,  98,  99, 101, 105, 108, 119, 121, 123, 124, 127, 132,  64, 130, 129,
    130, 131, 133,  60, 130,  13,  25,  28,  30,  32,  33,  35,  43,  48,  79,  85,
     87,  88,  89,  99, 100, 101, 108, 119, 135, 136, 134, 135,  93,  12,   8,  10,
     11,  38, 126,  57, 140, 141, 142,
};

static const int8_t inter_12_regularKernSparseValues[] = {
     -13,  -33,  -33,  -25,  -32,  -66,   -9,   -3,   -9,   -9,   -9,  -18,  -18,   -3,  -33,   -3,
      -4,   18,   18,   18,   -3,   -3,   -3,   18,   -4,   -3,  -26,  -25,  -27,  -27,  -13,  -23,
     -25,  -16,  -29,  -13,  -13,  -16,   -9,  -13,  -23,  -23,  -23,  -23,  -29,  -29,  -36,   -4,
      11,   -4,   -4,   11,   -4,   57,    3,  -13,  -13,  -54,  -54,  -18,   -4,  -32,   -4,  -38,
     -27,  -13,  -13,   -4,  -54,  -13,   -4,   -9,  -13,  -18,  -29,  -20,  -20,  -15,  -32,   -1,
      -9,   -7,   -1,  -43,  -43,  -29,  -58,  -25,  -57,  -32,  -32,  -25,  -33,  -10,  -36,   -9,
      -6,   -6,   -8,   -3,  -40,  -18,  -18,  -13,  -13,  -21,  -13,  -13,  -13,   -9,  -18,  -13,
     -18,  -13,  -27,  -23,  -54,  -54,  -23,  -16,  -16,  -10,  -25,   27,  -16,  -10,  -10,   -8,
      -2,   -5,  -14,  -13,  -18,    6,  -14,    6,    6,  -13,  -13,  -18,  -20,  -10,    5,    2,
      13,   25,    2,   13,   25,   25,   19,   25,    5,    5,   -6,   -7,   -9,   -9,   -8,   -7,
     -13,   -7,   -8,  -20,   -9,  -10,  -13,  -13,  -10,   -4,  -10,   -2,   -2,  -10,  -16,   -2,
      -2,  -13,   -2,  -11,  -11,   -2,   -2,   -1,   -2,   -2,   -1,   -1,  -11,  -13,  -13,  -18,
     -18,  -13,  -23,    1,  -18,    2,  -50,  -50,   -6,   -7,  -23,   -4,    8,   -6,   -4,  -13,
     -36,  -43,  -38,    2,  -63,  -18,  -20,  -20,  -18,  -25,    2,  -18,  -18,  -20,   36,  -20,
     -18,   36,   36,  -20,   36,  -41,  -41,   -7,  -18,  -57,  -50,  -36,  -13,  -25,  -13,  -13,
     -13,  -34,  -18,  -20,  -18,  -27,  -25,  -20,  -38,  -16,  -13,  -16,  -18,  -18,  -18,  -20,
     -18,  -38,  -38,  -23,  -16,  -29,  -32,  -29,  -29,  -23,  -36,  -25,  -32,  -32,  -32,  -13,
     -13,  -20,  -29,  -36,  -36,  -38,  -29,  -25,  -18,  -18,  -16,  -13,  -13,  -13,   -2,  -16,
     -15,  -16,   -2,  -13,  -13,  -13,  -36,  -27,  -15,  -15,  -13,  -16,  -18,  -16,  -40,  -32,
     -32,  -13,  -13,    8,   -2,  -17,  -20,  -25,  -13,    5,  -13,  -35,  -10,  -30,  -23,  -32,
     -32,   -2,    2,   -9,  -27,  -27,  -13,  -29,  -13,  -13,  -28,  -32,  -20,  -13,  -13,  -13,
      -2,    2,    2,    2,   -2,  -27,   -2,  -35,  -35,  -58,    2,  -13,  -35,   -9,  -28,   -9,
     -32,  -32,  -52,  -41,  -13,  -41,   -3,  -20,  -21,   13,   13,   13,  -21,  -21,  -21,   13,
     -21,  -20,   -7,   -2,  -16,   13,   13,   13,   13,   -2,   29,   29,   29,   22,   29,  -16,
     -29,   -1,   -1,  -36,   -1,  -27,  -13,   -9,  -13,  -10,  -13,  -13,  -13,  -13,   -9,   -9,
     -13,  -13,  -13,  -13,   -9,  -13,  -13,   46,   -1,  -48,  -50,  -23,   -9,  -12,   -9,   -2,
      -9,   13,   13,   13,  -12,  -12,  -12,    9,   13,   -2,  -12,   -9,   -9,  -13,  -13,  -23,
     -10,  -20,   19,  -32,  -13,   -5,  -43,  -43,  -27,  -13,  -14,  -14,  -16,    5,  -13,  -16,
     -25,  -43,  -20,  -63,   -6,  -13,  -61,  -13,  -16,    5,    5,    5,   34,  -16,  -13,  -16,
      34,   34,  -16,  -13,    5,   34,   34,  -14,  -41,  -13,  -13,  -36,  -68,  -34,  -54,  -18,
      -7,  -11,  -11,  -39,  -27,  -23,  -52,   -9,  -27,  -50,  -38,  -25,  -86,  -32,  -70,  -35,
     -59,  -13,  -27,  -39,  -39,  -39,  -11,  -39,   -9,  -60,   -9,  -23,  -45,  -34,  -16,  -18,
     -18,  -13,  -43,  -13,  -18,  -16,  -18,  -29,  -29,  -38,   -1,   -2,   -4,   -1,  -18,  -18,
     -18,   -2,   -2,   -4,   -4,   -2,   -4,   -1,   -1,   -1,   -1,  -57,  -54,  -32,   -2,   -7,
     -10,   -2,   -6,   -2,   -2,   -6,   18,   -6,   -2,   18,   18,   -6,   -2,   -2,   -2,   18,
      -2,  -10,  -10,  -13,  -29,  -13,  -29,  -13,  -52,  -13,  -27,  -32,  -13,  -32,  -13,  -13,
     -35,  -13,  -36,    6,  -23,  -33,  -35,   -1,  -26,  -33,  -33,  -31,  -29,  -29,  -28,  -23,
     -29,  -52,  -29,  -72,  -61,  -20,  -13,  -49,  -49,  -55,   36,  -55,  -55,  -43,  -33,   36,
      36,  -35,  -47,   51,   36,  -53,  -53,  -13,  -33,  -25,  -33,  -33,    6,    6,  -48,  -13,
     -47,  -50,  -20,  -20,  -38,  -20,  -38,  -19,   -5,  -13,  -25,  -29,  -25,  -27,  -30,  -13,
     -38,    7,  -32,  -21,  -22,   -4,  -18,  -20,  -23,  -45,  -36,  -16,  -21,  -37,  -22,   34,
     -40,  -21,   34,   34,  -22,   16,   34,  -49,  -49,  -13,   -6,  -18,  -45,  -16,  -38,  -53,
     -61,  -20,  -20,  -38,  -20,  -38,  -13,  -20,  -29,  -25,   -2,  -23,   -2,  -25,    9,  -20,
     -20,  -12,  -13,  -20,  -23,  -20,  -34,  -20,  -20,  -20,  -20,  -20,  -20,   34,   -2,  -12,
     -13,  -43,  -38,  -35,  -43,   -4,  -15,  -15,  -14,   -8,  -16,   -8,  -23,  -20,  -16,  -16,
     -12,  -23,  -11,  -29,  -16,  -35,   -3,  -33,  -18,  -23,  -23,  -11,  -11,  -23,  -11,  -12,
     -12,  -12,   34,   -8,  -36,  -13,  -12,  -25,  -32,  -18,  -13,  -25,  -32,  -13,  -32,  -13,
     -27,  -25,  -41,  -38,  -15,  -32,  -15,  -13,    6,  -31,  -33,  -11,  -18,  -27,  -16,  -32,
     -36,  -52,   -3,  -16,  -52,  -25,  -34,  -58,  -49,  -33,  -11,  -23,  -11,  -33,  -16,  -51,
     -55,    6,    6,    6,  -16,  -11,   34,  -15,    6,  -23,  -27,  -43,  -16,  -52,  -60,  -71,
     -13,  -16,  -16,  -25,  -13,  -13,  -16,  -13,  -16,  -29,   34,   34,   34,   13,   34,  -13,
     -12,   -4,   11,   -4,   -4,   11,   -4,   34,  -32,  -32,  -13,  -13,    8,   -2,  -17,  -20,
     -25,  -13,    5,  -13,  -51,  -10,  -49,  -46,  -32,  -32,   -2,    2,   -9,  -47,  -27,  -13,
     -29,  -13,  -13,  -28,  -32,  -20,  -13,  -13,  -13,   -2,    2,    2,    2,   -2,  -47,   -2,
     -51,  -51,  -51,    2,  -13,  -51,   -9,  -28,   -9,  -32,  -32,  -69,  -63,  -13,  -63,   -3,
     -20,  -27,  -18,  -43,  -18,  -23,  -18,  -18,  -18,  -16,   11,  -16,  -23,  -16,  -32,  -27,
      11,   38,   11,  -32,  -27,  -18,   11,   11,   11,  -32,   11,   38,  -23,  -23,  -23,   11,
      11,   23,   23,  -18,  -16,  -43,  -20,   18,   18,   -4,  -16,  -20,   -4,  -16,  -30,  -20,
     -20,  -29,   -7,   -3,   -7,  -30,  -30,  -30,  -30,  -29,  -29,  -18,  -10,  -10,   -9,   -4,
     -13,  -12,  -36,  -22,  -20,  -11,  -35,    4,   -8,   -7,  -10,   -6,  -13,   -4,    4,    4,
      -8,    4,  -36,  -36,  -36,   14,  -11,  -36,   -5,  -69,  -35,  -25,   -9,   -9,  -11,  -23,
     -11,  -23,  -11,  -25,  -13,  -25,    4,   -6,   -6,  -10,  -15,   -9,  -14,    7,  -11,  -16,
     -11,  -11,   -9,   -6,   -6,  -10,   40,  -10,   -6,   40,   56,  -10,   18,   54,  -28,  -28,
     -14,  -14,   -9,    4,    4,  -36,   -9,  -23,  -16,  -20,  -20,  -20,  -20,  -20,    3,    1,
       3,   28,   41,   28,   34,   41,    1,    1,  -18,  -18,  -18,  -34,  -23,   -9,  -18,  -20,
     -45,  -18,   -9,   -9,   -9,  -23,  -23,  -23,  -23,  -16,  -25,  -16,  -25,  -13,  -16,  -16,
       4,  -23,  -23,  -13,   -1,   -6,    6,    3,    5,    5,    6,    6,    3,    5,  -16,  -29,
     -16,   -1,   -1,   -6,    3,    3,    3,   11,   -6,    6,   -1,    4,   11,   11,    5,   -6,
     -23,  -23,  -23,    4,    3,   11,  -23,   -9,   -9,    6,    6,  -16,    6,  -32,  -25,    6,
     -20,   -3,  -29,  -18,  -13,  -29,    1,   -1,   -3,   -1,  -29,  -29,  -29,  -29,    1,   -1,
       1,  -29,  -29,  -20,   -4,   -8,   -8,   -6,  -11,  -13,   -4,   -4,   -6,    3,   -4,   -8,
       4,   -4,   -3,    9,    7,   -8,   -8,   -8,   -4,    3,    3,   -4,   -4,    9,    3,    4,
      -4,  -13,  -13,  -13,   18,  -13,   -3,   -3,   -4,   -6,   -6,  -16,    3,   -4,    3,   13,
     -16,  -16,  -13,  -16,  -20,  -23,  -13,  -16,  -29,  -16,    3,  -20,  -50,  -20,  -20,  -23,
     -23,  -16,    6,    6,  -25,  -13,  -19,  -13,  -19,  -23,  -13,  -16,  -27,    2,  -25,  -13,
     -13,  -32,   -3,   -8,    6,   -1,    6,  -13,  -16,  -13,  -13,   -3,   -3,   -8,   -8,   -3,
       2,   -8,  -13,  -38,  -13,    2,    3,  -13,  -18,  -18,    6,    6,   -1,  -13,  -13,    3,
     -32,  -49,    3,  -20,  -13,  -29,  -29,  -27,  -23,  -20,  -13,   -7,  -13,   -7,   -7,   -7,
     -20,  -20,  -20,  -20,    4,  -32,  -29,    4,   -9,   -9,  -13,  -25,   -1,  -10,    7,    7,
      -9,  -13,   -9,   -9,   -1,   -1,  -10,  -10,   -1,  -10,  -25,  -25,  -25,  -25,    7,    7,
     -13,   -6,   -6,   -6,   -6,  -13,  -13,  -13,  -13,  -13,   -4,   -9,  -13,  -18,  -29,  -20,
     -20,  -29,  -32,   -1,   -9,   -7,   -1,  -43,  -43,  -29,  -29,  -25,  -57,  -32,  -32,  -25,
     -27,  -13,  -27,  -27,  -27,  -27,  -27,  -27,  -27,  -13,   13,   13,   13,   13,   13,   18,
     -16,  -29,  -29,  -13,  -13,  -13,  -13,  -13,  -20,  -25,  -20,  -20,  -20,  -47,  -25,  -25,
     -12,  -12,  -13,  -20,   -2,  -28,   -2,  -28,   -3,   -3,   -4,  -11,   -4,   -4,   -4,  -11,
     -11,   -4,  -11,   -3,   -2,   -4,   -3,   -3,   -4,  -16,  -16,  -13,  -16,  -20,  -23,  -13,
     -16,  -29,  -16,    3,  -20,  -50,  -20,  -20,  -23,  -23,  -36,    6,    6,  -25,  -13,   -4,
      -9,  -13,  -18,  -61,  -36,  -20,  -33,  -52,   -1,   -9,   -7,   -1,  -61,  -61,  -61,  -33,
     -25,  -61,  -52,  -52,  -25,  -16,  -20,  -18,  -20,  -13,  -13,  -52,  -25,  -23,  -16,  -36,
     -13,  -13,  -13,  -13,  -13,  -52,  -52,  -52,  -13,  -13,  -36,  -18,  -79,  -36,  -36,  -34,
     -27,  -33,  -29,  -27,  -27,  -27,  -27,  -25,  -13,  -13,    9,    9,    9,   16,    9,  -13,
     -36,  -16,  -18,  -18,  -36,  -36,  -36,  -18,  -36,  -18,  -18,  -13,  -41,  -41,  -16,  -16,
     -23,  -20,  -16,  -23,  -23,  -23,  -23,  -23,  -50,  -41,  -21,   13,   13,   13,  -21,  -21,
     -21,   13,  -21,  -47,  -32,  -32,  -32,  -32,  -32,    3,    1,    3,   41,   44,   41,   29,
      41,    1,    1,   18,   36,   25,   36,   34,   36,   16,   28,   28,   11,   20,    9,   41,
      28,   41,   69,   25,   69,   69,   41,   36,   36,   36,   55,   41,   20,   69,   36,   20,
      20,   -4,  -16,  -50,  -20,  -20,  -29,   -7,   -3,   -7,  -50,  -50,  -50,  -50,  -29,  -29,
     -18,  -10,  -10,   -9,   -4,  -13,  -12,  -56,  -22,  -20,  -11,  -35,    4,   -8,   -7,  -10,
      -6,  -13,   -4,    4,    4,   -8,    4,  -56,  -56,  -56,   14,  -11,  -56,   -5,  -69,  -35,
     -25,   -9,   -9,   -4,  -16,  -59,  -20,  -20,  -29,   -7,   -3,   -7,  -59,  -59,  -59,  -59,
     -29,  -29,  -18,  -10,  -10,   13,   39,   23,   18,   18,   13,   16,   23,   16,   11,   11,
      17,    7,   23,   16,   16,   35,   20,   13,   20,   20,   11,   16,   16,   16,   13,   36,
      18,   20,   16,   13,  -16,   13,   13,   13,   16,   13,   13,   16,   16,   16,   16,   16,
      16,   13,   13,   13,   13,   13,   16,   16,   13,   18,   36,   25,   36,   34,   36,   16,
      44,   41,   11,   20,    9,   44,   44,   44,   69,   25,   69,   69,   41,   36,   36,   36,
      55,   44,   43,   69,   36,   20,   20,   18,   36,   25,   36,   34,   36,   16,   44,   44,
      11,   20,    9,   44,   44,   44,   69,   25,   69,   69,   44,   36,   36,   36,   55,   44,
      20,   69,   36,   20,   20,   18,   36,   25,   36,   34,   36,   16,   44,   28,   11,   20,
       9,   44,   44,   44,   69,   25,   69,   69,   41,   36,   36,   36,   55,   44,   20,   69,
      36,   20,   20,    3,    1,    3,   41,   44,   41,   29,   44,    1,    1,  -36,  -70,  -54,
     -54,  -18,   -7,  -11,  -11,  -39,  -27,  -23,  -70,   -9,  -27,  -52,  -38,  -25,  -54,  -32,
     -70,  -35,  -54,  -13,  -27,  -39,  -39,  -39,  -11,  -39,   -9,  -60,   -9,  -23,  -45,  -34,
     -16,  -18,  -18,  -13,  -43,    5,    2,   13,   25,    2,   13,   25,   25,   35,   25,    5,
       5,  -36,  -68,  -50,  -50,  -18,   -7,  -11,  -11,  -39,  -27,  -23,  -52,   -9,  -27,  -47,
     -38,  -25,  -50,  -32,  -70,  -35,  -50,  -13,  -27,  -39,  -39,  -39,  -11,  -39,   -9,  -60,
      -9,  -23,  -45,  -34,  -16,  -18,  -18,  -13,  -43,  -13,  -13,  -13,    5,    2,   27,   25,
       2,   13,   25,   25,   19,   25,    5,    5,  -36,  -66,  -34,  -54,  -18,   -7,  -11,  -11,
     -39,  -27,  -45,  -66,   -9,  -27,  -50,  -38,  -25,  -86,  -32,  -66,  -35,  -59,  -13,  -27,
     -39,  -39,  -39,  -11,  -39,   -9,  -60,   -9,  -45,  -45,  -34,  -29,  -18,  -18,  -13,  -29,
      13,    2,   27,   25,    2,   13,   25,   25,   19,   25,   13,   13,  -13,  -43,  -13,  -43,
     -13,  -52,  -13,  -27,  -32,  -13,  -32,  -13,  -13,  -35,  -13,  -36,    6,  -23,  -33,  -35,
      -1,  -26,  -33,  -33,  -45,  -29,  -29,  -56,  -37,  -43,  -52,  -43,  -45,  -43,  -20,  -13,
     -49,  -49,  -55,   36,  -55,  -45,  -43,  -33,   36,   36,  -35,  -45,   51,   36,  -53,  -53,
     -13,  -33,  -25,  -33,  -33,    6,    6,  -48,  -13,  -47,  -50,  -13,  -43,  -13,  -43,  -13,
     -52,  -13,  -27,  -32,  -13,  -32,  -13,  -13,  -35,  -13,  -36,    6,  -23,  -33,  -35,   -1,
     -26,  -33,  -33,  -31,  -29,  -29,  -28,  -23,  -43,  -52,  -43,  -72,  -43,  -20,  -13,  -49,
     -49,  -55,   36,  -55,  -55,  -43,  -33,   36,   36,  -35,  -47,   51,   36,  -53,  -53,  -13,
     -33,  -25,  -33,  -33,    6,    6,  -48,  -13,  -47,  -50,  -13,  -29,  -13,  -29,  -13,  -52,
     -13,  -27,  -32,  -13,  -32,  -13,  -13,  -58,  -13,  -84,    6,  -23,  -33,  -35,   -1,  -26,
     -33,  -33,  -31,  -29,  -29,  -28,  -23,  -29,  -52,  -29,  -72,  -61,  -20,  -13,  -49,  -49,
     -55,   36,  -55,  -55,  -43,  -33,   36,   36,  -35,  -47,   51,   36,  -53,  -53,  -13,  -33,
     -25,  -33,  -33,    6,    6,  -48,  -13,  -47,  -79,  -21,  -25,  -12,  -21,  -21,  -11,  -21,
     -21,  -21,  -21,  -21,  -21,  -21,  -21,  -25,  -25,  -21,  -21,  -21,  -25,  -21,  -11,  -11,
     -21,  -18,  -18,  -14,  -18,  -18,  -18,  -18,   16,   16,   16,   16,   16,  -14,   12,    6,
     -14,  -14,    6,  -14,   12,   12,  -29,   -6,   -6,   -6,   -6,  -29,  -29,  -29,  -29,    3,
       1,    3,   41,   41,   41,   47,   41,    1,    1,   -9,   -4,  -13,  -12,  -67,  -22,  -20,
     -11,  -35,    4,   -8,   -7,  -10,   -6,  -13,   -4,    4,    4,   -8,    4,  -67,  -67,  -67,
      14,  -11,  -67,   -5,  -69,  -35,  -25,   -9,   -9,   13,  -16,  -16,  -13,  -16,  -38,  -23,
     -13,  -16,  -29,  -16,    3,  -38,  -38,  -38,  -38,  -23,  -23,  -16,    6,    6,  -25,    9,
       9,    9,   29,    9,    3,    1,    3,   41,   41,   41,   34,   41,    1,    1,   18,   36,
      25,   36,   34,   36,   16,   41,   44,   11,   20,    9,   41,   41,   41,   69,   25,   69,
      69,   44,   36,   36,   36,   55,   41,   38,   85,   36,   20,   20,  -14,   25,  -14,  -14,
     -14,   11,   11,  -14,   -4,  -58,  -58,  -14,   -8,  -16,   -8,  -20,  -20,  -16,  -16,  -12,
     -23,  -11,  -58,  -36,  -58,   -3,  -58,  -18,  -23,  -23,  -11,  -11,  -23,  -11,  -12,  -12,
     -12,   34,   -8,  -36,  -13,  -12,  -25,  -32,  -18,  -13,  -18,  -18,  -16,  -13,  -13,  -13,
      -2,  -16,  -15,  -16,   -2,  -13,  -13,  -13,  -36,  -27,  -15,  -15,  -13,  -36,  -18,  -16,
     -40,  -18,  -18,  -16,  -13,  -18,  -11,  -11,  -11,    6,  -11,    6,   -4,   -9,   -4,  -11,
      -5,  -10,  -10,   -8,  -10,  -11,  -11,  -11,  -10,  -11,   -5,   -5,   -8,   -5,  -10,   -6,
     -10,  -11,    6,  -11,  -16,  -50,  -16,  -50,  -13,  -16,  -16,    4,  -23,  -23,  -13,   -1,
      -6,    6,    3,    5,    5,    6,    6,    3,    5,  -16,  -29,  -16,   -1,   -1,   -6,    3,
       3,    3,   11,   -6,    6,   -1,    4,   11,   11,    5,   -6,  -23,  -23,  -23,    4,    3,
      11,  -23,   -9,   -9,    6,    6,  -16,    6,  -61,  -50,    6,  -20,  -11,  -40,  -40,  -11,
     -68,  -10,  -11,  -11,   -9,  -23,  -11,  -40,  -40,  -40,  -11,  -40,  -10,  -46,  -68,  -68,
     -28,  -25,  -32,  -13,  -32,  -13,  -27,  -25,  -41,  -38,  -15,  -32,  -15,  -13,    6,  -31,
     -64,  -11,  -18,  -27,  -16,  -32,  -36,  -52,   -3,  -16,  -52,  -25,  -34,  -58,  -49,  -64,
     -11,  -23,  -11,  -64,  -16,  -51,  -64,    6,    6,    6,  -16,  -11,   34,  -15,    6,  -23,
     -27,  -43,  -16,  -52,  -60,  -71,  -13,  -12,   -4,   -4,  -18,   -4,  -12,  -12,    6,  -12,
     -12,   12,   -4,   -4,    2,   -8,    8,   16,   12,   -4,    2,    2,   -4,  -12,   -4,    3,
       1,    3,   28,   41,   28,   29,   41,    1,    1,   -9,   -4,  -13,  -12,  -36,  -22,  -20,
     -11,  -35,    4,   -8,   -7,  -10,   -6,  -13,   -4,    4,    4,   -8,    4,  -36,  -36,  -36,
      28,  -11,  -36,   -5,  -69,  -35,  -25,   -9,   -9,  -13,  -13,   16,  -13,  -25,  -32,  -27,
     -32,  -27,  -27,  -25,  -41,  -38,  -15,  -32,  -15,  -13,    6,  -31,  -33,  -11,  -18,  -27,
     -16,  -32,  -36,  -52,   -3,  -16,  -52,  -25,  -34,  -58,  -49,  -33,  -11,  -23,  -11,  -33,
     -16,  -51,  -55,    6,    6,    6,  -16,  -11,   34,  -15,    6,  -23,  -27,  -43,  -16,  -27,
     -60,  -71,  -13,  -25,  -34,  -34,  -38,  -25,  -38,  -59,  -16,  -10,  -25,  -16,  -16,  -16,
     -25,  -45,  -57,  -34,  -10,  -25,  -34,  -50,  -27,  -25,  -40,  -25,  -40,  -57,  -18,  -38,
     -25,  -16,  -23,  -38,  -23,  -23,  -55,  -23,  -50,  -16,  -23,  -25,   -8,  -31,    6,  -16,
       6,  -43,  -34,  -25,  -34,   -4,  -25,  -27,  -23,  -23,  -25,  -25,  -16,    6,  -23,  -25,
     -16,  -20,  -36,  -23,  -48,  -25,    6,    6,  -44,  -40,  -27,  -38,  -36,  -25,  -43,  -13,
     -20,  -13,  -13,  -20,  -13,  -38,  -38,  -38,   20,   20,  -25,  -59,   25,   25,  -20,  -43,
     -43,  -50,  -38,  -38,  -13,  -13,  -16,  -18,  -18,  -13,  -13,  -13,  -18,  -43,  -18,  -18,
     -13,  -33,  -10,  -36,   -9,   -6,   -6,   -8,   -3,  -40,  -18,  -18,  -13,  -13,  -21,  -13,
     -13,  -13,   -9,  -18,  -13,  -18,  -13,  -27,  -23,  -54,  -73,  -23,    9,   -3,   -6,  -21,
       5,   -3,  -13,   -9,   -6,  -36,  -16,  -16,  -50,  -53,  -35,  -60,    5,  -20,  -20,    5,
     -50,  -50,  -79,  -16,  -16,  -63,  -60,  -60,  -10,   -6,   -6,  -20,   16,   -2,  -27,  -27,
     -16,  -20,  -27,   -4,  -16,  -10,  -12,
};

static constexpr EpdFontData inter_12_regular = {
    nullptr,  // packed: inter_12_regularBitmapsPacked
    inter_12_regularGlyphs,
    inter_12_regularIntervals,
    77,
    30,
    25,
    -7,
    false,
    nullptr,
    0,
    nullptr,
    nullptr,  // kernLeftClasses: built-in fonts use split arrays
    nullptr,  // kernRightClasses
    inter_12_regularKernLeftCodepoints,
    inter_12_regularKernLeftClassIds,
    inter_12_regularKernRightCodepoints,
    inter_12_regularKernRightClassIds,
    nullptr,  // kernMatrix: built-in fonts use sparse rows
    inter_12_regularKernRowOffsets,
    inter_12_regularKernSparseCols,
    inter_12_regularKernSparseValues,
    768,
    788,
    146,
    143,
    nullptr,
    0,
};
